 1|Набор рожковых ключей 6-22 мм CrV хромированных MATRIX          |174| 8|15276    | 695| 675| 660|ltdi one norow|Наборы ключей| рожковых|||/img/pic/keys/small/NABOR-ROZK-HARDAX_ART_43-2-408.jpg|/img/pic/keys/big/NABOR-ROZK-HARDAX_ART_43-2-408.jpg
#0|Набор рожковых ключей 6-32 мм CrV хромированных SPARTA          |174|12|152945   | 498| 480| 470
 0|Набор рожковых ключей 8-22 мм CrV, покрытие U-Tech HARDAX       |174| 6|43-2-406 | 655| 635| 625
 0|Набор рожковых ключей 6-24 мм CrV, покрытие U-Tech HARDAX       |174| 8|43-2-408 | 735| 705| 690
 0|Набор рожковых ключей 6-24 мм CrV хромированных MATRIX          |174| 8|15222    | 710| 690| 675
 0|* Набор рожковых ключей 6-17 мм, углеродистая сталь NORK        |174| 6|*573204  | 165| 155| 145|ltdl
 1|Набор комбинированных ключей                                    |174|11|15779    |2680|2550|2500| norow|Набор ключей комбинированных| TRUPER 15779 JC-11M-E <span class=art>арт. 15779</span>|<UL><LI>11 ключей: 8-9-10-11-12-13-14-15-17-18-19 мм.<LI>Сталь хром-ванадий (CrV), дополнительная закалка головок, пескоструйная финишная обработка.<LI>Повышенный крутящий момент: на 80 % превосходит американский стандарт ASME B107 100.</UL>||/img/pic/keys/small/t15779.jpg|/img/pic/keys/big/t15779.jpg
 0|Набор ключей комбинированных 8-19 мм CrV TRUPER                 |174|11|15779    |2880|2750|2700
 1|Набор комбинированных ключей                                    |174| 6|43-2-412 | 395| 380| 365| norow|Наборы ключей комбинированных| HARDAX|<UL><LI>Материал: хром-ванадиевая сталь (CrV).<LI>Покрытие: U-Tech, матовая полировка.</UL>||/img/pic/keys/small/NABOR-KOMBIN-HARDAX_ART_42-2-412.jpg|/img/pic/keys/big/NABOR-KOMBIN-HARDAX_ART_42-2-412.jpg
 0|Набор ключей комбинированных 10-19 мм HARDAX                    |174| 6|43-2-412 | 395| 380| 365
 0|Набор ключей комбинированных  8-24 мм HARDAX                    |174|12|43-2-612 | 675| 645| 630
 1|Набор накидных ключей 6-22 мм CrV хромированных SPARTA          |174| 8|153755   | 395| 385| 368|ltdi one norow|Наборы ключей| накидных|||/img/pic/keys/small/kljuchinakidnye.jpg|/img/pic/keys/big/kljuchinakidnye
 0|Набор накидных ключей 6-17 мм CrV оцинкованных MATRIX           |174| 6|15331    | 520| 500| 490
 0|Набор накидных ключей 6-22 мм CrV оцинкованных MATRIX           |174| 8|15332    | 830| 800| 790
 0|* Набор накидных ключей 6-22 мм CrV хромированных SPARTA        |174| 8|*153755  | 395| 385| 368|ltdl
 1|Набор торцевых трубчатых ключей 6-22 мм, 2 воротка, цинк SPARTA |174|10|137525   | 325| 310| 300| norow|Набор ключей| торцевых трубчатых|||/img/pic/keys/small/kljuchitrub.jpg|/img/pic/keys/big/jpg
 0|Набор торцевых трубчатых ключей 6-22 мм, 2 воротка, цинк SPARTA |174|10|137525   | 355| 340| 320|
 1|Набор ключей имбусовых 2.0-12 мм CrV MATRIX                     |174| 8|11222    |  55|  49|  46|ltdi one norow|Наборы ключей| угловых имбусовых|||/img/pic/keys/small/NABOR-IMBUSOV.jpg|/img/pic/keys/big/NABOR-IMBUSOV.jpg
 0|Набор ключей имбусовых TORX-шестигранник  CrV 1.5-10 мм NOX     |174| 9|556910   | 545| 525| 505
 0|Набор ключей имбусовых TORX-звездочка CrV №№ 10-50 NOX          |174| 9|556911   | 565| 545| 535
 0|* Набор ключей имбусовых шестигранных HOBBI                     |174|10|*43-2-009|  55|  49|  46|ltdl

#0|Набор ключей комб. 8-19 мм CrV повышенный крутящий момент TRUPER|174|11|15779    |2880|2750|2700
#1|Набор комбинированных ключей 8-19 мм CrV хромированных SIB      |174| 8|15448   | 365| 355| 345| norow|Наборы ключей| комбинированных|||/img/pic/keys/small/43-2-412.gif|/img/pic/keys/big/43-2-412.gif
#0|Набор комбинированных ключей 6-22 мм CrV хромированных SIB      |174|12|15452   | 485| 475| 455
#0|Набор ключей комбинир. 8-19 мм зеркальный хром реверсивные GROSS|174| 7|14892   |2190|1990|1950
#0|Набор ключей комбинированных 10-19мм CrV матовая полировка HARDAX|174| 6|43-2-412| 265| 245| 240
#0|Набор ключей комбинированных 8-24 мм CrV матовая полировка HARDAX|174|12|43-2-612| 495| 480| 470
