#1|Патрон монтажный Д 1|317|PMR-D1|138||Патроны к монтажному пистолету| (произв-во Россия)|Калибр 6,8 &#215; 18 мм.<br>Цена за упаковку 100 штук.||/img/pic/krep/small/Patrony Rossija.jpg|/img/pic/krep/big/Patrony Rossija.jpg
#0|Патрон монтажный Д 2|317|PMR-D2|138|
#0|Патрон монтажный Д 3|317|PMR-D3|138|
#0|Патрон монтажный Д 4|317|PMR-D4|138|
#0|Патрон монтажный Д 5|317|PMR-D5|138|
#1|Патрон монтажный Д 1|22||139.00|132.00||Патроны к монтажному пистолету| (произв-во Китай)|Цена с НДС за упаковку 100 штук||/img/pic/krep/small/Patrony Kitaj.jpg|/img/pic/krep/big/Patrony Kitaj.jpg

# 22|Пистолет монтажный, Патроны к монтажному пистолету
 1|Патрон монтажный Д 1                            |22|GF-D1   |  268|  238|  235|||Патроны к монтажному пистолету| "Гефест"|Калибр 6,8 &#215; 18 мм.<br>Заряжаются бездымным порохом и имеют встроенный капсюль-воспламенитель.<br>Цена за упаковку 100 штук.||/img/pic/krep/small/gefest.jpg|/img/pic/krep/big/gefest.jpg
 0|Патрон монтажный Д 2                            |22|GF-D2   |  268|  238|  235||
 0|Патрон монтажный Д 3                            |22|GF-D3   |  268|  238|  235||
 0|Патрон монтажный Д 4                            |22|GF-D4   |  268|  238|  235||
 0|Патрон монтажный Д 5                            |22|GF-D5   |  268|  238|  235||
 1|Пистолет монтажный GFT-5                        |22|GFT5    |19900|17990|17650||bold|Пистолет монтажный поршневой| GFT-5 <span class=art>арт. GFT5</span>|</span><span class="for"><br>Предназначен для забивки стальных дюбелей и дюбель-винтов с диаметром стержня 4,5 мм, длиной не более 76 мм, диаметром головки и направляющей шайбы 12 мм в стальные, железобетонные и бетонные строительные конструкции и кирпичную кладку.</p><br><UL><LI>В качестве источника энергии используются патроны индустриальные калибра .27 (6,8&#215;11 и 6,8&#215;18 мм), снаряженные пороховым зарядом различных мощностей.<LI>Толщина стального листа, в который забивается дюбель-гвоздь, при максимальной мощности патрона - не менее 12 мм.<LI>Диапазон рабочих температур от -30&deg; С до +50&deg; С.<LI>Длина 385 мм, вес не более 4,6 кг.<LI>Комплектация: пистолет с прижимом; ерш собранный; щетка; шомпол; шомпол патронника; отвертка; масленка; ремень; кейс.<LI>Комплект запасных частей: амортизатор (10 шт.); стопор (2 шт.); поршень (3 шт.).<LI>Дополнительно комплектуется наконечником для пристрелки дюбелями профильного настила по ГОСТ 24045 к стальным строительным конструкциям, изготовленным из стального проката по ГОСТ 8240 (наконечник приобретается отдельно).<LI>Имеется <a href=/img/pic/krep/big/GFT5-cert.pdf target=_blank title="Документ PDF">сертификат соответствия ГОСТ Р 50529</a>.</UL><p><span class="addt"><br>Номера деталей и узлов указаны согласно <a href=/img/pic/krep/big/GFT5-manual.pdf target=_blank title="Документ PDF">Руководству по эксплуатации</a>, рис. 1 и 2 соответственно (стр. 6).||/img/pic/krep/small/GFT5.jpg|/img/pic/krep/big/GFT5.jpg
 0|ЗИП: Блок направителя (узел № 6)   к GFT5 / МЦ52|22|Z01-GFT5| 1390| 1340| 1280||blkt
 0|ЗИП: Термо блок (узел № 2)         к GFT5 / МЦ52|22|ZU2.GFT5| 3290| 3240| 3180|
 0|ЗИП: Стопор     (деталь № 8)       к GFT5 / МЦ52|22|Z08.GFT5|   36|   34|   32||blkt2
 0|ЗИП: Поршень (№ 11)                к GFT5 / МЦ52|22|Z02-GFT5|  595|  570|  555|
 0|ЗИП: Блок ствола (№ 23)            к GFT5 / МЦ52|22|Z23-GFT5| 3450| 3400| 3350|
 0|ЗИП: Пружина затвора (№ 40)        к GFT5 / МЦ52|22|PPZ.40  |   49|   47|   45|
 0|ЗИП: Стержень пружины затвора (№ 41) к GFT5/МЦ52|22|PPZ.41  |  118|  109|  103|
 0|ЗИП: Рукоятка пистолета (№ 42)     к GFT5 / МЦ52|22|Z42-GFT5| 1990| 1950| 1930|
 0|ЗИП: Шайба (№ 43)                  к GFT5 / МЦ52|22|Z43.GFT5|   32|   30|   28|
 0|ЗИП: Винт (№ 44)                   к GFT5 / МЦ52|22|Z44-GFT5|  118|  109|  103|
 0|ЗИП: Втулка пружины ствола (№ 54)  к GFT5 / МЦ52|22|Z54-GFT5|   89|   85|   83|
 0|ЗИП: Стержень пружины ствола (№ 57)  к GFT5/МЦ52|22|PPZ.57  |   28|   27|   26|
 0|ЗИП: Амортизатор к монтажному пистолету         |22|APZ84   |   52|   49|   47||blkt

#0|ЗИП: Поршень (деталь № 11 Каталога в РЭ) к GFT5 / МЦ52|22|Z02-GFT5| 385| 370| 360
#1|Пистолет монтажный ПЦ-84, калибр 6,8 х 18 мм|22|PZ84|21900|20900|norow|Пистолеты монтажные и комплектующие||||/img/pic/krep/small/pz84.jpg|/img/pic/krep/big/jpg
#0|Пистолет монтажный однозарядный ПЦ-08|22|PZ08  |- |-
#0|Пистолет монтажный ППМ-603           |22|PPM603|- |-
#0|Пистолет монтажный МЦ-52             |22|MZ52  |- |-

# 441|Дюбели для теплоизоляции
1|Дюбели для теплоизоляции            |441|  07-0151| 35| 32| 29||norow|| (&laquo;грибки&raquo;) IZO с пластиковым стержнем|</span></p><UL><LI>Предназначены для крепления мягких и твёрдых изоляционных материалов (минеральная вата, стекловата, полистирол, полиуретан, пенопласт и других материалов) к основанию из кирпича, бетона, пенобетона.<LI>Состоят из распорного дюбеля и пластикового стержня со специальной головкой.</UL><p><span class="addt"><b>Цена за упаковку.</b>||/img/pic/krep/small/mush-izo.jpg|/img/pic/krep/big/mush-izo.jpg
0|Дюбель "грибок" IZO 10 х  80 мм, уп. 1000 шт.|441|MU108|1895|1830|1795||
0|Дюбель "грибок" IZO 10 х  90 мм, уп. 1000 шт.|441|MU109|1940|1880|1850||
0|Дюбель "грибок" IZO 10 х 120 мм, уп.  700 шт.|441|MU112|1565|1495|1460||
0|Дюбель "грибок" IZO 10 х 140 мм, уп.  600 шт.|441|MU114|1465|1415|1380||
0|Дюбель "грибок" IZO 10 х 160 мм, уп.  500 шт.|441|MU116|1295|1255|1230||
0|Дюбель "грибок" IZO 10 х 180 мм, уп.  500 шт.|441|MU118|1445|1410|1370||
0|Дюбель "грибок" IZO 10 х 200 мм, уп.  500 шт.|441|MU120|1595|1565|1525||

# 472|Хомуты трубные сантехнические
 1|Хомут трубный  сантехнический|472|47-2-100| 35| 32| 29||norow|Хомуты трубные сантехнические (хомуты для крепления труб)| с гайкой и резиновым профилем|Предназначены для монтажа трубопроводов любой конфигурации, для крепления труб к полу, стенам или потолку.<br>Также трубные хомуты используются при прокладке систем водоснабжения, канализации и отопления, при прокладке систем вентиляции и кондиционирования.<br><b>Цена за 1 шт.</b>||/img/pic/krep/small/homuttr.jpg|/img/pic/krep/big/jpg
 0|Хомут сантехнический М&numsp;8; &numsp;&ensp;&frac12;&Prime; (&numsp;20 х&numsp;24 мм)|472|XS012|16|15|14
 0|Хомут сантехнический М&numsp;8;       &ensp;1&frac14;&Prime; (&numsp;39 х&numsp;46 мм)|472|XS114|22|21|20
 0|Хомут сантехнический М&numsp;8;       &ensp;2&Prime;&ensp;   (&numsp;59 х&numsp;66 мм)|472|XS200|28|27|26
 0|Хомут сантехнический М10;             &ensp;3&Prime;&ensp;   (&numsp;87 х&numsp;94 мм)|472|XS300|42|40|39
 0|Хомут сантехнический М10;             &ensp;4&Prime;&ensp;         (110       х116 мм)|472|XS400|62|59|57

# 110|Хомуты нейлоновые
 1|Хомут нейлоновый             |110|47-2-100| 35| 32| 29||norow|Хомуты нейлоновые| HOBBI|Предназначены для стяжки и фиксации кабелей проводки.<br><br><b>Цена за упаковку 100 штук.</b>||/img/pic/krep/small/homutn.png|/img/pic/krep/big/jpg
 0|Хомут нейлоновый 100 х 2.5 мм белый |110|47-2-100| 65| 61| 58|
 0|Хомут нейлоновый 150 х 2.5 мм белый |110|47-2-150| 88| 82| 77|
 0|Хомут нейлоновый 200 х 2.5 мм белый |110|47-2-200|159|152|145|
 0|Хомут нейлоновый 250 х 4.8 мм белый |110|47-2-254|189|182|175|
 0|Хомут нейлоновый 250 х 4.8 мм черный|110|47-3-254|189|182|175|
 0|Хомут нейлоновый 400 х 4.8 мм белый |110|47-2-404|380|365|350|
 0|Хомут нейлоновый 450 х 7.2 мм белый |110|47-2-457|585|570|550|
 0|Хомут нейлоновый 450 х 7.2 мм черный|110|47-3-457|585|570|550|
#0|Хомут нейлоновый 250 х 3.6 мм|110|3.6-250 |115|105| 95|
#0|Хомут нейлоновый 300 х 3.6 мм|110|3.6-300 |130|120|115|
#0|Хомут нейлоновый 350 х 3.6 мм|110|3.6-350 |175|170|160|
#0|Хомут нейлоновый 350 х 5,0 мм|110|5.0-350 |220|200|290|
#0|Хомут нейлоновый 450 х 4,8 мм|110|4.8-450 |330|300|290|
#0|Хомут нейлоновый 450 х 5,0 мм|110|5.0-450 |390|380|370|
#1|Хомут нейлоновый                    |110|  07-0151| 35| 32| 29||norow|Хомуты нейлоновые| REXAN|Предназначены для стяжки и фиксации кабелей проводки.<br><br><b>Цена за упаковку 100 штук.</b>||/img/pic/krep/small/homutn.png|/img/pic/krep/big/jpg
#0|Хомут нейлоновый 150 х 3.0 мм черный|110|  07-0151| 47| 44| 42||
#0|Хомут нейлоновый 200 х 3.0 мм черный|110|07-0201-4| 65| 62| 58||
#0|Хомут нейлоновый 200 х 3.0 мм  белый|110|07-0200-4| 65| 62| 58||
#0|Хомут нейлоновый 300 х 3.6 мм черный|110|45560    |145|140|138||
#0|Хомут нейлоновый 350 х 5.0 мм черный|110|  07-0351|295|285|280||
#0|Хомут нейлоновый 350 х 5.0 мм  белый|110|  07-0350|255|245|240||
#0|Хомут нейлоновый 450 х 5.0 мм черный|110|07-0451-5|410|395|385||
#0|Хомут нейлоновый 450 х 5.0 мм  белый|110|07-0450-5|410|395|385||
#1|Хомут нейлоновый                    |110|  07-0151| 35| 32| 29||norow|Хомуты нейлоновые многоразовые| SiB|Предназначены для стяжки и фиксации кабелей проводки.<br><br><b>Цена за упаковку 50 штук.</b>||/img/pic/krep/small/homutnm.jpg|/img/pic/krep/big/jpg
#0|Хомут многоразовый 250 х 7.2 мм     |110|45579    |168|164|158||

# 308|Хомуты стальные червячные
1|Хомут червячный            мм|308|H-012|650|620|600||norow|Хомуты стальные червячные|, оцинкованная сталь|Предназначены для крепления шлангов, патрубков и труб.<br>Цена за 1 штуку.||/img/pic/krep/small/homuts.jpg|/img/pic/krep/big/jpg
0|Хомут червячный  8 - 12 мм   |308|H-082|12,90|12,40|11,90||
0|Хомут червячный 12 - 22 мм   |308|H-122|14,00|13,50|13,00||
0|Хомут червячный 16 - 28 мм   |308|H-128|15,00|14,50|14,00||
0|Хомут червячный 20 - 32 мм   |308|H-232|17,00|16,00|15,00||
0|Хомут червячный 30 - 48 мм   |308|H-348|18,50|18,00|17,00||
0|Хомут червячный 40 - 56 мм   |308|H-456|19,50|19,00|18,50||
0|Хомут червячный 48 - 60 мм   |308|H-460|20,00|19,50|19,00||
0|Хомут червячный 50 - 70 мм   |308|H.570|21,00|20,00|20,50||
1|Хомут червячный            мм|308|H-012022|650|620|600||norow|Хомуты стальные червячные, нерж. сталь, стандартное болтовое крепление 9 мм| SiB|Позволяют обеспечить герметичное соединение шлангов, патрубков и труб.<br>Имеют крепление формой ключа. Изготовлены из нержавеющей стали W2.<br>Цена за 1 штуку.||/img/pic/krep/small/47578.jpg|/img/pic/krep/big/47578.jpg
0|Хомут червячный 12 - 20 мм   |308|47578|12,90|12,20|11,80||
0|Хомут червячный 20 - 32 мм   |308|47580|13,90|13,30|12,90||
0|Хомут червячный 25 - 40 мм   |308|47581|15,90|15,00|14,40||
0|Хомут червячный 40 - 60 мм   |308|47583|17,90|16,90|16,20||
0|Хомут червячный 32 - 50 мм   |308|47582|16,50|16,00|15,50||
0|Хомут червячный 70 - 90 мм   |308|47586|21,00|20,00|19,00||
#1|Хомут червячный            мм|308|H-012022|650|620|600||norow|Хомуты стальные червячные|, оцинкованная сталь|Предназначены для крепления шлангов, патрубков и труб.<br>Цена за упаковку 50 штук.||/img/pic/krep/small/homuts.jpg|/img/pic/krep/big/jpg
#0|Хомут червячный 12 - 22 мм   |308|H-012022|650|620|600||
#0|Хомут червячный 16 - 28 мм   |308|H-016028|680|660|640||
#0|Хомут червячный 20 - 32 мм   |308|H-020032|710|690|680||
#0|Хомут червячный 30 - 48 мм   |308|H-030048|780|760|750||
#0|Хомут червячный 40 - 56 мм   |308|H-040056|880|850|840||
#0|Хомут червячный 48 - 60 мм   |308|H-048060|950|930|910||

# 461|Лента перфорированная
 1|Лента монтажная перфорированная  LP-M, &numsp;40 мм х 10 м х 2.0  мм|461|LPM.410 | 765| 745| 725||norow|Лента монтажная перфорированная||Цена за рулон 10 м.||/img/pic/krep/small/LPM.jpg|/img/pic/krep/big/LPM.jpg
 0|Лента монтажная перфорированная  LP-M, &numsp;40 мм х 10 м х 2.0  мм|461|LPM.410 | 765| 745| 725|
 0|Лента монтажная перфорированная  LP-M, &numsp;80 мм х 10 м х 2.0  мм|461|LPM.810 |1780|1720|1680|
 0|Лента монтажная перфорированная  LP-M,       100 мм х 10 м х 2.0  мм|461|LPM.110 |2380|2330|2280|
 1|Лента перфорированная "волна"   LPV, цинк, 12 мм х 25 м х 0.50 мм М5|461|LPV.125 | 198| 192| 188||norow|Лента перфорированная вентиляционная| "волна", цинк|</span></p><UL><LI>Изготовлена из оцинкованной холоднокатаной стали.<LI>Используется в качестве хомута при установке воздуховодов и трубопроводов, для крепления кабелей и различных деталей.</UL><p><span class="addt">Цена за рулон 25 м.||/img/pic/krep/small/f46552w.jpg|/img/pic/krep/big/f46552w.jpg
 0|Лента перфорированная "волна"   LPV, цинк, 12 мм х 25 м х 0.50 мм М5|461|LPV.125 | 198| 192| 188|
 0|Лента перфорированная "волна"   LPV, цинк, 17 мм х 25 м х 0.50 мм М5|461|LPV.175 | 278| 269| 259||blkt2
 1|Лента перфорированная  прямая LP-5Е, цинк, 17 мм х 25 м х 0.70 мм М8|461|LP5E.205| 268| 262| 255||norow|Лента перфорированная вентиляционная|  прямая, цинк|</span></p><UL><LI>Изготовлена из оцинкованной холоднокатаной стали.<LI>Используется в качестве хомута при установке воздуховодов и трубопроводов, для крепления кабелей и различных деталей.</UL><p><span class="addt">Цена за рулон 25 м.||/img/pic/krep/small/f46549d.jpg|/img/pic/krep/big/f46549d.jpg
 0|Лента перфорированная  прямая LP-5Е, цинк, 20 мм х 25 м х 0.70 мм М8|461|LP5E.205| 268| 262| 255|
 0|Лента перфорированная  прямая LP-5Е, цинк, 20 мм х 25 м х 0.70 мм М8|461|LP5E.207| 338| 320| 310|
 0|Лента перфорированная  прямая LP-5Е, цинк, 20 мм х 25 м х 1.00 мм М8|461|LP5E.201| 478| 460| 445|
 1|Лента тарная перфорированная LP-TP, &numsp;20 мм х 25 м х 0.55 мм М8|461|LPTP.20 | 670| 640| 615||norow|Лента тарная перфорированная||Цена за рулон 25 м.||/img/pic/krep/small/LPTP.jpg|/img/pic/krep/big/LPTP.jpg
 0|Лента тарная перфорированная LP-TP, &numsp;20 мм х 25 м х 0.55 мм М8|461|LPTP.20 | 670| 640| 615|
#1|Лента перфорированная "волна", цинк, 12 мм х 25 м х 0.55 мм   |461|46552   |209|198|192||norow|Лента перфорированная вентиляционная| "волна", цинк|</span></p><UL><LI>Изготовлена из оцинкованной холоднокатаной стали.<LI>Используется в качестве хомута при установке воздуховодов и трубопроводов, для крепления кабелей и различных деталей.</UL><p><span class="addt">Цена за рулон 25 м.||/img/pic/krep/small/f46552w.jpg|/img/pic/krep/big/f46552w.jpg
#0|Лента перфорированная "волна", цинк, 12 мм х 25 м х 0.55 мм   |461|46552   |209|198|192|
#0|Лента перфорированная "волна", цинк, 17 мм х 25 м х 0.55 мм   |461|46553   |239|229|222||blkt2
#1|Лента перфорированная  прямая, цинк, 17 мм х 25 м х 0.55 мм   |461|46549   |235|225|215||norow|Лента перфорированная вентиляционная|  прямая, цинк|</span></p><UL><LI>Изготовлена из оцинкованной холоднокатаной стали.<LI>Используется в качестве хомута при установке воздуховодов и трубопроводов, для крепления кабелей и различных деталей.</UL><p><span class="addt">Цена за рулон 25 м.||/img/pic/krep/small/f46549d.jpg|/img/pic/krep/big/f46549d.jpg
#0|Лента перфорированная  прямая, цинк, 17 мм х 25 м х 0.55 мм   |461|46549   |235|225|215|
#0|Лента перфорированная  прямая, цинк, 20 мм х 25 м х 0.55 мм   |461|Z.2525  |189|179|172||blkt2
#0|Лента перфорированная  прямая, цинк, 20 мм х 25 м х 0.55 мм   |461|46548   |239|229|222|
#0|Лента перфорированная  прямая, цинк, 20 мм х 25 м х 0.70 мм   |461|Z.2725  |269|254|245||blkt2
#0|Лента перфорированная  прямая, цинк, 20 мм х 25 м х 0.70 мм   |461|LP5E.207|329|310|305|
#0|Лента перфорированная  прямая, цинк, 20 мм х 25 м х 0.70 мм   |461|46550   |335|315|305|
#0|Лента перфорированная  прямая, цинк, 20 мм х 25 м х 1.00 мм М8|461|46551   |435|410|395||blkt2
#0|Лента перфорированная  прямая, цинк, 20 мм х 25 м х 1.00 мм М8|461|LP5E.201|468|450|440|

# 462|Крепёжные уголки
 1|Уголок крепежный равносторонний, цинк, 2 мм, &numsp;40 х &numsp;40 х &numsp;40 мм|462|KUR.4442| 6,50| 6,20| 5,90||norow|Уголки крепежные перфорированные| равносторонние, цинк|||/img/pic/krep/small/KUR.jpg|/img/pic/krep/big/KUR.jpg
 0|Уголок крепежный равносторонний, цинк, 2 мм, &numsp;40 х &numsp;40 х &numsp;40 мм|462|KUR.4442| 6,50| 6,20| 5,90||
 0|Уголок крепежный равносторонний, цинк, 2 мм, &numsp;40 х &numsp;40 х &numsp;60 мм|462|KUR.4462| 9,70| 9,40| 9,20||
 0|Уголок крепежный равносторонний, цинк, 2 мм, &numsp;40 х &numsp;40 х &numsp;80 мм|462|KUR.4482|11,90|11,20|10,60||
 0|Уголок крепежный равносторонний, цинк, 2 мм, &numsp;60 х &numsp;60 х &numsp;40 мм|462|KUR.6642|10,40| 9,80| 9,40||blkt2
 0|Уголок крепежный равносторонний, цинк, 2 мм, &numsp;60 х &numsp;60 х &numsp;80 мм|462|KUR.6682|21,00|20,00|19,30||
 0|Уголок крепежный равносторонний, цинк, 2 мм,       100 х       100 х       100 мм|462|KUR.1012|33,90|32,30|30,50||blkt2
 0|Уголок крепежный равносторонний, цинк, 2 мм,       160 х       160 х       100 мм|462|KUR.1612|51,90|49,00|47,50||blkt2
 1|Уголок крепежный усиленный,            2 мм, &numsp;50 х &numsp;50 х &numsp;35 мм|462|KUU.5535| 7,50| 7,20| 6,90||norow|Уголки крепежные перфорированные| усиленные|</span></p><UL><LI>Изготовлены из стальной пластины толщиной 2 мм.<LI>Конструкция уголка усилена ребром жёсткости.<LI>Используются для создания деревянных и т.п. конструкций ответственного назначения.</UL>||/img/pic/krep/small/KUU.jpg|/img/pic/krep/big/KUU.jpg
 0|Уголок крепежный усиленный,            2 мм, &numsp;50 х &numsp;50 х &numsp;35 мм|462|KUU.5535| 7,50| 7,20| 6,90||
 0|Уголок крепежный усиленный,            2 мм, &numsp;70 х &numsp;70 х &numsp;55 мм|462|KUU.7755|13,90|13,30|12,90||
 0|Уголок крепежный усиленный,            2 мм, &numsp;90 х &numsp;90 х &numsp;65 мм|462|KUU.9965|17,90|17,20|16,70||
 0|Уголок крепежный усиленный,            2 мм,       105 х       105 х &numsp;90 мм|462|KUU.1191|32,80|31,00|29,80||
 0|Уголок крепежный усиленный,            2 мм,       105 х       105 х &numsp;95 мм|462|KUU.1190|32,80|31,00|29,80||
 1|Уголок крепежный анкерный,             2 мм, &numsp;40 х &numsp;80 х &numsp;60 мм|462|KUL.4086|17,50|16,80|15,90||norow|Уголки крепежные перфорированные| анкерные|</span></p><UL><LI>Изготовлены из стальной пластины толщиной 2 мм.<LI>Применяются для крепления деревянных элементов к бетонному основанию под углом 90&deg;.<LI>Используются при монтаже деревянных и т.п. конструкций.</UL>||/img/pic/krep/small/KUL.jpg|/img/pic/krep/big/KUL.jpg
 0|Уголок крепежный анкерный,             2 мм, &numsp;40 х &numsp;80 х &numsp;60 мм|462|KUL.4086|17,50|16,80|15,90||
 0|Уголок крепежный анкерный,             2 мм, &numsp;40 х       120 х       100 мм|462|KUL.4121|33,40|32,20|30,90||
 0|Уголок крепежный анкерный,             2 мм, &numsp;40 х       160 х &numsp;40 мм|462|KUL.4164|19,60|18,60|17,40||blkt2
 0|Уголок крепежный анкерный,             2 мм, &numsp;40 х       160 х &numsp;60 мм|462|KUL.4166|26,90|25,90|24,60||
 0|Уголок крепежный анкерный,             2 мм, &numsp;40 х       160 х       100 мм|462|KUL.4161|39,00|37,60|36,20||

# 325|Биты с прямым шлицем
1|Биты NOX 1/4&Prime;     SL 5.5 х 1.0 x 25 мм       уп. 25 шт.|325|556712|350,00|320,00|295,00|||Биты| NOX|Биты с прямым шлицем NOX имеют высокую прочность и крутящий момент благодаря специальному составу стали и методу закалки. <br><br><b>Цена за упаковку.</b>||/img/pic/krep/small/Fl.jpg|/img/pic/krep/big/Fl-box.jpg
0|Биты NOX 1/4&Prime;     SL 6.5 х 1.2 x 25 мм       уп. 25 шт.|325|556713|350,00|320,00|295,00
1|Биты INTENSA 1/4&Prime; SL 1.0 x 5.5 х 25 мм С 6.3 уп. 25 шт.|325|554206|515,00|490,00|470,00||norow ltd|Биты с прямым шлицем| INTENSA|Биты с прямым шлицем INTENSA имеют высокую прочность и крутящий момент благодаря специальному составу стали и методу закалки.<br><br><b>Цена за упаковку.</b>||/img/pic/krep/small/Fl.jpg|/img/pic/krep/big/Fl-box.jpg
0|Биты INTENSA 1/4&Prime; SL 0.6 x 3.5 х 25 мм С 6.3 уп. 25 шт.|325|554202|515,00|490,00|470,00
0|Биты INTENSA 1/4&Prime; SL 0.8 x 4.0 х 25 мм С 6.3 уп. 25 шт.|325|554203|515,00|490,00|470,00
0|Биты INTENSA 1/4&Prime; SL 1.0 x 5.5 х 25 мм С 6.3 уп. 25 шт.|325|554206|525,00|505,00|490,00
0|Биты INTENSA 1/4&Prime; SL 1.2 x 6.5 х 25 мм С 6.3 уп. 25 шт.|325|554207|525,00|505,00|490,00
0|Биты INTENSA 1/4&Prime; SL 0.6 x 4.5 х 50 мм С 6.3 уп. 10 шт.|325|554210|198,00|192,00|188,00
0|Биты INTENSA 1/4&Prime; SL 0.8 x 5.5 х 50 мм С 6.3 уп. 10 шт.|325|554211|290,00|270,00|250,00
0|Биты INTENSA 1/4&Prime; SL 1.0 x 5.5 х 50 мм С 6.3 уп. 10 шт.|325|554208|320,00|305,00|295,00
0|Биты INTENSA 1/4&Prime; SL 1.2 x 6.5 х 50 мм С 6.3 уп. 10 шт.|325|554209|320,00|305,00|295,00

# 327|Биты TORX ("звездочка")
1|Биты GERT "Taf" Тx 20 x 25 мм, 1/4&Prime; C 6.3 TORX, 10 шт. в коробке         |327|251-10| 550,00| 520,00| 495,00|| |Биты| GERT "Taf" (Германия) TORX ("звездочка")|</span></p></span></p><UL><LI>Torx (Торкс) — вид шлица резьбовых крепёжных изделий в форме шестилучевой звезды.<LI>Биты немецкого производства. Хорошая геометрическая точность и высокая прочность. Упакованы в пластикувую коробку.</UL><p><span class="addt"><b>Цена за упаковку</b>.||/img/pic/krep/small/TORX.jpg|/img/pic/krep/big/TORX-BOX.jpg
0|Биты GERT "Taf" Тx 30 x 25 мм, 1/4&Prime; C 6.3 TORX, 30 шт. в коробке         |327|254-30|1350,00|1280,00|1240,00
0|Биты GERT "Taf" Тx 30 x 25 мм, 1/4&Prime; C 6.3 TORX, 50 шт. в коробке         |327|164-50|1950,00|1890,00|1830,00
0|Биты GERT "Taf" Тx 30 x 50 мм, 1/4&Prime; C 6.3 TORX,  5 шт. в коробке         |327|257-5 | 495,00| 480,00| 470,00
0|Биты GERT "Taf" Тx 40 x 25 мм, 1/4&Prime; C 6.3 TORX, 10 шт. в коробке         |327|255-10| 540,00| 510,00| 480,00

# 328|Биты POSIDRIV
 1|Биты NOX 1/4&Prime; С 6.3 Pz 2 х 25 мм, упаковка 25 шт.                          |328|556302|195|180|175||norow ltdi two|Биты| POSIDRIV|</span></p></span></p><UL><LI>Крестообразный шлиц Позидрайв (Pozidriv) фиксирует крепёжную деталь и отвёртку точно по центру относительно друг друга, по сравнению с обычным прямым шлицем.<LI>Позидрайв является улучшенной версией крестообразного шлица Филлипс. Биты Pz используются для работы с большими крутящими моментами.</UL><p><span class="addt"><b>Цена за упаковку</b>.||/img/pic/krep/small/Pz.jpg|/img/pic/krep/big/Pz-box.jpg
#0|Биты INTENSA 1/4&Prime; E 6.3 Pz 1 х 25 мм, упаковка 10 шт.                      |328|554163|185,00|175,00|160,00|
 0|Биты INTENSA 1/4&Prime; E 6.3 Pz 2 х 50 мм, упаковка 10 шт.                      |328|554161|320,00|305,00|295,00||ltdl
 0|Биты NOX 1/4&Prime; С 6.3 Pz 1 х 25 мм, упаковка 25 шт.                          |328|556301|295,00|275,00|260,00|
 0|Биты NOX 1/4&Prime; С 6.3 Pz 2 х 25 мм, упаковка 25 шт.                          |328|556302|310,00|295,00|275,00|
 0|Биты GERT "Hard Titan" (Германия) 1/4&Prime; С 6.3 Pz 2 х 25 мм, 10 шт. в коробке|328|526-10|395,00|375,00|365,00|
 0|Биты GERT "Hard Titan" (Германия) 1/4&Prime; C 6.3 Pz 2 х 50 мм,  5 шт. в коробке|328|529-5 |685,00|660,00|630,00|
 0|Биты GERT "Taf" (Германия) 1/4&Prime; C 6.3 Pz 1 х 50 мм, 15 шт. в коробке       |328|228-15|880,00|850,00|830,00|
 0|Биты GERT "Taf" (Германия) 1/4&Prime; C 6.3 Pz 2 х 25 мм, 30 шт. в коробке       |328|226-30|595,00|580,00|565,00|
 0|Биты GERT "Taf" (Германия) 1/4&Prime; C 6.3 Pz 2 х 50 мм, 15 шт. в коробке       |328|230-15|850,00|820,00|795,00|
 0|Биты GERT "Taf" (Германия) 1/4&Prime; C 6.3 Pz 3 х 50 мм, 15 шт. в коробке       |328|232-15|895,00|850,00|825,00|
 0|Биты INTENSA 1/4&Prime; E 6.3 Pz 1 х 25 мм, упаковка 50 шт.                      |328|554150|642,00|618,00|606,00||ltdl
 0|Биты NOX 1/4&Prime; E 6.3 Pz 2 х 50 мм, упаковка 10 шт.                          |328|556305|198,00|188,00|182,00|

# 329|Биты PHILLIPS
 1|Биты INTENSA 1/4&Prime; E 6.3 Ph 2 х  50 мм, упаковка 10 шт.|329|554114| 295,00| 275,00| 260,00||norow ltdi two|Биты| PHILLIPS|</span></p><UL><LI>Крестообразный шлиц Филлипс (Phillips) фиксирует крепёжную деталь и отвёртку точно по центру относительно друг друга, по сравнению с обычным прямым шлицем.<LI>При использовании электрической отвёртки (шуруповёрта) без регулирования величины крутящего момента, её жало выталкивается из шлица крепёжной детали по достижении предельного значения силы закручивания для избежания повреждения резьбы.</UL><p><span class="addt"><b>Цена за упаковку</b>.||/img/pic/krep/small/PH.jpg|/img/pic/krep/big/PH-NOX-box.jpg
 0|Бита COMPASS E 6.3 Ph 2 х 150 мм, упаковка 1 шт.                                     |329|COM.215|  58,00|  55,00|  52,00|
 0|Биты GROSS Ph 2 х  25 мм из высококачественной инструментальной стали S2, уп.  2 шт. |329|11351  | 108,00| 102,00|  96,00||red
 0|Биты GROSS Ph 2 х  50 мм из высококачественной инструментальной стали S2, уп. 10 шт. |329|11335  | 235,00| 225,00| 215,00||red
 0|Биты GROSS Ph 2 х 150 мм из высококачественной инструментальной стали S2, уп.  5 шт. |329|11203  | 398,00| 378,00| 365,00||red
 0|Биты INTENSA 1/4&Prime; E 6.3 Ph 2 х  25 мм, упаковка 10 шт.                         |329|554117 | 165,00| 155,00| 145,00||ltdl blkt2
 0|Биты INTENSA 1/4&Prime; E 6.3 Ph 2 х  50 мм, упаковка 10 шт.                         |329|554114 | 219,00| 205,00| 198,00||ltdl
 0|Биты INTENSA 1/4&Prime; E 6.3 Ph 2 х  70 мм, упаковка 10 шт.                         |329|554108 | 365,00| 338,00| 325,00||ltdl
#0|Биты INTENSA 1/4&Prime; E 6.3 Ph 2 х 150 мм, упаковка  5 шт.                         |329|554113 | 585,00| 560,00| 540,00||ltdl
 0|Биты NOX 1/4&Prime; E 6.3 Ph 2 х  50 мм,     упаковка 10 шт.                         |329|556405 | 165,00| 159,00| 149,00||blkt2
 0|Биты NOX 1/4&Prime; E 6.3 Ph 2 х  70 мм,     упаковка 10 шт.                         |329|556413 | 295,00| 280,00| 265,00|
 0|Биты NOX 1/4&Prime; E 6.3 Ph 2 х 110 мм ACR, упаковка 10 шт.                         |329|556415 | 395,00| 370,00| 355,00|
 0|Биты NOX 1/4&Prime; E 6.3 Ph 2 х 150 мм ACR, упаковка 10 шт.                         |329|556416 | 398,00| 380,00| 360,00|
 0|Биты NOX 1/4&Prime; E 6.3 Ph 3 х  50 мм,     упаковка 10 шт.                         |329|556406 | 320,00| 295,00| 270,00|
 0|Биты NOX 1/4&Prime; С 6.3 Ph 2 х  25 мм с ОГРАНИЧИТЕЛЕМ, упаковка 10 шт.             |329|556200 | 245,00| 235,00| 225,00|
 0|Биты NOX 1/4&Prime; С 6.3 Ph 2 х  25 мм,     упаковка 25 шт.                         |329|556402 | 320,00| 295,00| 270,00|
 0|Бита GERT "Blitz" (Германия) 1/4&Prime; С 6.3 Ph 2 х 25 мм УСИЛЕННАЯ, 1 шт. в коробке|329| 400-1 | 129,00| 122,00| 115,00||blkt2
 0|Бита GERT "Blitz" (Германия) 1/4&Prime; С 6.3 Ph 2 х 50 мм УСИЛЕННАЯ, 1 шт. в коробке|329| 401-1 | 198,00| 192,00| 185,00|
 0|Биты GERT "Hard Titan" (Германия) 1/4&Prime; С 6.3 Ph 2 х 25 мм, 10 шт. в коробке    |329|520-10 | 625,00| 605,00| 590,00||blkt2
 0|Биты GERT "Hard Titan" (Германия) 1/4&Prime; C 6.3 Ph 2 х 50 мм,  5 шт. в коробке    |329| 523-5 | 590,00| 580,00| 565,00|
 0|Биты GERT "Taf" (Германия) 1/4&Prime; С 6.3 Ph 1 х 50 мм, 15 шт. в коробке           |329|206-15 | 795,00| 775,00| 755,00||blkt2
 0|Биты GERT "Taf" (Германия) 1/4&Prime; С 6.3 Ph 2 х 25 мм, 10 шт. в коробке           |329|202-10 | 218,00| 208,00| 198,00|
 0|Биты GERT "Taf" (Германия) 1/4&Prime; С 6.3 Ph 2 х 25 мм, 10 шт. в коробке           |329|104-10 | 250,00| 240,00| 230,00|
 0|Биты GERT "Taf" (Германия) 1/4&Prime; С 6.3 Ph 2 х 25 мм, 30 шт. в коробке           |329|203-30 | 495,00| 480,00| 465,00|
 0|Биты GERT "Taf" (Германия) 1/4&Prime; С 6.3 Ph 3 х 25 мм, 30 шт. в коробке           |329|204-30 | 795,00| 770,00| 755,00|
 0|Биты GERT "Taf" (Германия) 1/4&Prime; С 6.3 Ph 2 х 50 мм, 15 шт. в коробке           |329|208-15 | 725,00| 705,00| 680,00|
 0|Биты GERT "Taf" (Германия) 1/4&Prime; E 6.3 Ph 2 х 50 мм,  5 шт. в коробке           |329| 207-5 | 390,00| 370,00| 350,00|
 0|Биты GERT "Taf" (Германия) 1/4&Prime; E 6.3 Ph 2 х 70 мм, 10 шт. в коробке           |329|212-10 |1395,00|1340,00|1310,00|
 0|Биты GERT "Taf" (Германия) 1/4&Prime; E 6.3 Ph 2 х 90 мм, 10 шт. в коробке           |329|215-10 |1590,00|1520,00|1460,00|
 0|Биты GERT "Taf" (Германия) 1/4&Prime; E 6.3 Ph 2 х 110 мм, 10 шт. в коробке          |329|218-10 |1590,00|1550,00|1490,00|
#0|Биты MATRIX, сталь 45X, пласт. бокс, Ph 2 x 25, цена за упаковку 20 шт.              |329|11352 | 103,90|  95,59|  90,04||ltdl
#0|Биты MATRIX, сталь 45X, пласт. бокс, Ph 2 x 50, цена за упаковку 10 шт.              |329|11382 | 103,90|  95,59|  90,04||ltdl

# 326 354 337 331 338
 1|Биты GERT "Taf" двусторонние Ph 2 х Рz 2 x 60 мм, 1/4&Prime;, 5 шт. в коробке |326|285-5 |620,00|590,00|560,00|| norow|Биты двусторонние| GERT "Taf" (Германия)|</span></p></span></p><UL><LI>Биты немецкого производства.<LI>Хорошая геометрическая точность и высокая прочность.<LI>Упакованы в пластикувую коробку.</UL><p><span class="addt">Цена за упаковку 5 шт.||/img/pic/krep/small/2x-storon-GERT.jpg|/img/pic/krep/big/2x-storon-GERT-box.jpg
 0|Биты GERT "Taf" двусторонние Ph 2 х Рz 2 x 60 мм, 1/4&Prime;, 5 шт. в коробке |326|285-5 |620,00|590,00|560,00|
 1|Биты INTENSA двусторонние Ph2 х шлиц 5.5 x 30 мм, 1/4&Prime;, 25 шт. в коробке|326|554357|620,00|590,00|560,00||norow ltd one|Биты двусторонние| INTENSA|Цена за упаковку 25 шт.||/img/pic/krep/small/2x-storon.jpg|/img/pic/krep/big/2x-storon-box.jpg
 0|Биты INTENSA двусторонние Ph2 х шлиц 5.5 x 30 мм, 1/4&Prime;, 25 шт. в коробке|326|554357|620,00|590,00|560,00|
 1|Биты INTENSA 1/4&Prime; шестигранная 4.0 х 25 мм С 6.3                       |354|554206 |470,00|450,00|430,00||norow ltd|Биты| INTENSA|Биты шестигранные INTENSA имеют высокую прочность и крутящий момент благодаря специальному составу стали и методу закалки. <br>Цена за упаковку 25 шт.||/img/pic/krep/small/6-gran.jpg|/img/pic/krep/big/6-gran-box.jpg
 0|Биты INTENSA 1/4&Prime; шестигранная 4.0 х 25 мм С 6.3                       |354|554303 |470,00|450,00|430,00|
 0|Биты INTENSA 1/4&Prime; шестигранная 5.0 х 25 мм С 6.3                       |354|554304 |470,00|450,00|430,00|
 1|Набор бит                                                                    |337|910-7  |388,00|375,00|369,00||norow|Наборы бит| GERT "Swift"|6 бит + магнитный держатель||/img/pic/krep/small/photo-nabor-bit.jpg|/img/pic/krep/big/photo-nabor-bit.jpg
~0|Ph 1, 2, 3 мм; Pz 1, 2, 3 мм; Магнитный держатель                            |337|910-7  |388,00|375,00|369,00|
~0|Ph 1, 2 мм; Pz 1, 2 мм; SL 5.5, 6.5 мм; Магнитный держатель                  |337|911-7  |398,00|382,00|375,00|
#1|Набор бит                                                                    |337|910-7  |490,00|470,00|450,00||norow|Набор бит| GERT "Swift" <span class=art>арт. 910-7</span>|Ph 1, 2, 3 мм<br>Pz 1, 2, 3 мм<br>Магнитный держатель||/img/pic/krep/small/photo-nabor-bit.jpg|/img/pic/krep/big/photo-nabor-bit.jpg
 1|Ключ-насадка NOX под кровельный саморез, &nbsp; 6 х 48 мм                    |331|556006 | 27,00| 26,00| 25,00|| |Ключи-насадки (переходники) магнитные| NOX под кровельный саморез|||/img/pic/krep/small/Pod_KROV_SAMOREZ.jpg|/img/pic/krep/big/Pod_KROV_SAMOREZ.jpg
 0|Ключ-насадка NOX под кровельный саморез, &nbsp; 8 х 48 мм                    |331|556008 | 27,00| 26,00| 25,00|
 0|Ключ-насадка NOX под кровельный саморез,       10 х 48 мм                    |331|556010 | 32,00| 30,00| 29,00|
 0|Ключ-насадка NOX под кровельный саморез,       12 х 48 мм                    |331|556012 | 34,00| 32,00| 31,00|
 0|Ключ-насадка NOX под кровельный саморез,       13 х 48 мм                    |331|556013 | 37,00| 34,00| 33,00|
 1|Магнитный держатель                                                          |338|661-5  |970,00|930,00|900,00||norow|Магнитные держатели для бит| GERT (Германия)|<br><b>Цена за упаковку 1 <i>или</i> 5 штук.</b>||/img/pic/krep/small/MAGN-DERZATEL.jpg|/img/pic/krep/big/MAGN-DERZATEL.jpg
#0|Магнитный держатель, 47 мм, 1/4&Prime;, Е6.3, со стоп. кольцом, уп. 5 шт.    |338|661-5  |970,00|930,00|900,00|
~0|Магнитный держатель, 50 мм, 1/4&Prime;, Е6.3, без стопорного кольца          |338|660-1  |215,00|200,00|190,00|
 0|Магнитный держатель, 50 мм, 1/4&Prime;, Е6.3, без стоп. кольца, уп. 5 шт.    |338|660-5  |765,00|745,00|725,00|
~0|Магнитный держатель, 60 мм, 1/4&Prime;, Е6.3, быстрозажимной STAR-GERT       |338|665-1  |570,00|540,00|510,00|
 0|Магнитный держатель, 150 мм, 1/4&Prime;,Е6.3, 1 шт.                          |338|667-1  |298,00|288,00|282,00|
 1|Магнитный держатель                                                          |338|554750 |360,00|340,00|320,00||norow ltd|Магнитные держатели для бит| INTENSA|<br><b>Цена за упаковку.</b>||/img/pic/krep/small/i554750.jpg|/img/pic/krep/big/jpg
 0|Магнитный держатель,  60 мм, 1/4&Prime;,Е6.3, без стоп. кольца, уп. 5 шт.    |338|554750 |360,00|340,00|320,00|
~0|Магнитный держатель,  60 мм, 1/4&Prime;,Е6.3, со стоп. кольцом, уп. 5 шт.    |338|554751 |460,00|440,00|410,00|
~0|Магнитный держатель,  75 мм, 1/4&Prime;,Е6.3, со стоп. кольцом, уп. 5 шт.    |338|554753 |420,00|395,00|375,00|
~0|Магнитный держатель, 100 мм, 1/4&Prime;,Е6.3, со стоп. кольцом, уп. 3 шт.    |338|554754 |460,00|440,00|410,00|
#0|Магнитный держатель, 150 мм, 1/4&Prime;,Е6.3, со стоп. кольцом, уп. 1 шт.    |338|554756 |235,00|220,00|210,00|
#1|Магнитный держатель                                                          |338|661-5| 145|135|125||| для бит, 47 мм, 1/4&Prime;, Е6.3, со стопорным кольцом GERT (Германия) <span class=art>арт. 661-5</span>|||/img/pic/krep/small/magn_d.jpg|/img/pic/krep/big/JPG

####################################
1|Биты WHIRLPOWER PH 2 x 50, в упаковке 10 штук|196|WB250    ||norow|Биты и адаптеры| |||/img/pic/krep/small/BITY.jpg|/img/pic/krep/big/BITY.jpg
0|Адаптер под кровельный саморез (BERGEN) 10 x 65 мм, цена за 1 шт.         |196|ADB10-065 | 19
0|Адаптер-внутренний шестигранник (COMPASS) 6 x 60 мм с держателем, за 1 шт.|196|ADC06-060D|115
0|Адаптер-внутренний шестигранник (COMPASS) 6 x100 мм с держателем, за 1 шт.|196|ADC06-100D|155
0|Адаптер-внутренний шестигранник (COMPASS)  6 мм, цена за 1 шт.            |196|145MN06M  | 26
0|Адаптер-внутренний шестигранник (COMPASS) 12 мм, цена за 1 шт.            |196|145MN12M  | 45
0|Адаптер-внутренний шестигранник (COMPASS) 13 x 45 мм, цена за 1 шт.       |196|ADC13-045 | 49
#0|Бита COMPASS, E63 (1/4&Prime;)             Ph 2 x 120, цена за 1 шт.            |196|1120P2B   | 41
0|Бита COMPASS                         Sl 4 х 0.5, цена за 1 шт.            |196|COM-SL405 | 33
#0|Биты WHIRLPOWER (Германия)           Ph 2 x 50, цена за упаковку 10 шт.   |196|WB250     |122
#0|Биты GROSS (Германия), сталь S2,     Ph 2 x 25, цена за упаковку 10 шт.   |196|11330     | 61
0|Биты COMPASS (BERGEN)                Ph 1 x 50, цена за упаковку 10 шт.   |196|COM150    |110
0|Биты COMPASS (BERGEN)                Ph 3 x 25, цена за упаковку 10 шт.   |196|COM325    | 77
0|Биты MATRIX, сталь 45X, пласт. бокс, Ph 2 x 25, цена за упаковку 20 шт.   |196|11352     | 33
0|Биты MATRIX, сталь 45X, пласт. бокс, Ph 2 x 50, цена за упаковку 10 шт.   |196|11382     | 33

1|Биты WHIRLPOWER PH 2 x 50, в упаковке 10 штук|330|WB250    ||norow|Биты и адаптеры| |||/img/pic/krep/small/BITY.jpg|/img/pic/krep/big/BITY.jpg
0|Адаптер под кровельный саморез (BERGEN) 10 x 65 мм, цена за 1 шт.         |330|ADB10-065 | 19
0|Адаптер-внутренний шестигранник (COMPASS) 6 x 60 мм с держателем, за 1 шт.|330|ADC06-060D|115
0|Адаптер-внутренний шестигранник (COMPASS) 6 x100 мм с держателем, за 1 шт.|330|ADC06-100D|155
0|Адаптер-внутренний шестигранник (COMPASS)  6 мм, цена за 1 шт.            |330|145MN06M  | 26
0|Адаптер-внутренний шестигранник (COMPASS) 12 мм, цена за 1 шт.            |330|145MN12M  | 45
0|Адаптер-внутренний шестигранник (COMPASS) 13 x 45 мм, цена за 1 шт.       |330|ADC13-045 | 49
#0|Бита COMPASS, E63 (1/4&Prime;)             Ph 2 x 120, цена за 1 шт.            |330|1120P2B   | 41
0|Бита COMPASS                         Sl 4 х 0.5, цена за 1 шт.            |330|COM-SL405 | 33
#0|Биты WHIRLPOWER (Германия)           Ph 2 x 50, цена за упаковку 10 шт.   |330|WB250     |122
#0|Биты GROSS (Германия), сталь S2,     Ph 2 x 25, цена за упаковку 10 шт.   |330|11330     | 61
0|Биты COMPASS (BERGEN)                Ph 1 x 50, цена за упаковку 10 шт.   |330|COM150    |110
0|Биты COMPASS (BERGEN)                Ph 3 x 25, цена за упаковку 10 шт.   |330|COM325    | 77


