#101/395|Лопата
1|Лопата совковая     усиленная|101|IVA-S    |  69|  67| 64|395||| без черенка <span class=art>арт. IVA-S</span>|<table class="asul"><tr><td>Высота с тулейкой<td>350 мм<tr><td>Высота без тулейки<td>280 мм<tr><td>Ширина полотна<td>230 мм<tr><td>Вес<td>950 г<tr><td>Толщина стали<td>1.8 мм</table>||/img/pic/strhoz/small/Lopata SOVKOVAJA.jpg|/img/pic/strhoz/big/Lopata SOVKOVAJA.jpg
1|Лопата               штыковая|101|IVA-K    |  69|  67| 64|395||| без черенка <span class=art>арт. IVA-K</span>|<table class="asul"><tr><td>Высота с тулейкой<td>382 мм<tr><td>Высота без тулейки<td>280 мм<tr><td>Ширина полотна<td>204 мм<tr><td>Вес<td>790 г<tr><td>Толщина стали<td>1.8 мм</table>||/img/pic/strhoz/small/Lopata STYKOVAJA.jpg|/img/pic/strhoz/big/Lopata STYKOVAJA.jpg
1|Лопата совковая   увеличенная|101|PC-S1    | 145| 140|135|395|||, рельсовая сталь РС <span class=art>арт. PC-S1</span>|<table class="asul"><tr><td>Высота с тулейкой<td>372 мм<tr><td>Высота без тулейки<td>290 мм<tr><td>Ширина полотна<td>240 мм<tr><td>Вес<td>860 г<tr><td>Толщина стали<td>1.5 мм</table>||/img/pic/strhoz/small/Lopata SOVOK RS.jpg|/img/pic/strhoz/big/Lopata SOVOK RS.jpg
1|Лопата               совковая|101|PC-S2    | 145| 140|135|395|||, рельсовая сталь РС <span class=art>арт. PC-S2</span>|<table class="asul"><tr><td>Высота с тулейкой<td>360 мм<tr><td>Высота без тулейки<td>280 мм<tr><td>Ширина полотна<td>230 мм<tr><td>Вес<td>800 г<tr><td>Толщина стали<td>1.6 мм</table>||/img/pic/strhoz/small/Lopata SOVOK RS.jpg|/img/pic/strhoz/big/Lopata SOVOK RS.jpg
1|Лопата               штыковая|101|PC-K2    | 145| 140|135|395|||, рельсовая сталь РС <span class=art>арт. PC-K2</span>|<table class="asul"><tr><td>Высота с тулейкой<td>365 мм<tr><td>Высота без тулейки<td>280 мм<tr><td>Ширина полотна<td>210 мм<tr><td>Вес<td>780 г<tr><td>Толщина стали<td>1.8 мм</table>||/img/pic/strhoz/small/Lopata STYK RS.jpg|/img/pic/strhoz/big/Lopata STYK RS.jpg
1|Лопата совковая прямоугольная|101|17202    | 890| 860|840|395||| TRUPER 17202 PCS-4P, производство МЕКСИКА <span class=art>арт. 17202</span>|<UL><LI>Удлиненный воротник.<LI>Y-образная рукоятка с антискользящей вставкой.<LI>Черенок - американский ясень, длина 105 см.</UL>||/img/pic/strhoz/small/t17202.jpg|/img/pic/strhoz/big/t17202.jpg
1|Лопата штыковая              |101|17166    |1090|1030|990|395||| TRUPER 17166 PRL-F, производство МЕКСИКА <span class=art>арт. 17166</span>|<UL><LI>Сферический ковш.<LI>Удлиненный воротник.<LI>Фиберглассовый черенок, длина 147 см.</UL>||/img/pic/strhoz/small/t17166.jpg|/img/pic/strhoz/big/t17166.jpg
1|Лопата уборочная             |101|IVA-03-UB| 125| 115|110|395||| металлическая <span class=art>арт. IVA-03-UB</span>|||/img/pic/strhoz/small/Lop_ubor(IVA-03-UB).jpg|/img/pic/strhoz/big/Lop_ubor(IVA-03-UB).jpg
1|Лопата пластиковая №1        |101|ZV01     | 145| 135|129|395||| 428 х 490 мм, с алюминиевой планкой <span class=art>арт. ZV01</span>|||/img/pic/strhoz/small/ZV01.jpg|/img/pic/strhoz/big/jpg
1|Лопата пластиковая №1        |101|ZV01R    | 179| 170|165|395||| 428 х 490 мм, с алюминиевой планкой, с V-образным черенком <span class=art>арт. ZV01R</span>|||/img/pic/strhoz/small/ZV01.jpg|/img/pic/strhoz/big/jpg
1|Лопата уборочная             |101|ZV02     | 139| 133|128|395||| оцинкованная, 360 х 465 мм, толщина полотна 1.2 мм <span class=art>арт. ZV02</span>|||/img/pic/strhoz/small/jpg|/img/pic/strhoz/big/jpg
1|Черенок для лопаты           |101|CHEL     |  26|  24| 22|395||| 40&nbsp;x&nbsp;1300&nbsp;мм <span class=art>арт. CHEL</span>|||/img/pic/strhoz/small/Cherenok-dlya-lopat2-40.jpg|/img/pic/strhoz/big/jpg
#1|Лопата штыковая              |101|31185    |1020| 990|960||| TRUPER 31185 PRY-E, производство МЕКСИКА <span class=art>арт. 31185</span>|<UL><LI>Толщина полотна 1,6 мм.<LI>D-образная рукоятка с антискользящей вставкой.<LI>Черенок - американский ясень, длина 76 см.</UL>||/img/pic/strhoz/small/t31185.jpg|/img/pic/strhoz/big/t31185.jpg
#1|Лопата штыковая|101||79.00|69.00||inline|| с ребром жесткости|||/img/pic/strhoz/small/LOPATA SHNYK S REBROM ZOSTK.jpg|/img/pic/strhoz/big/LOPATA SHNYK S REBROM ZOSTK.jpg
#1|Лопата совковая|101||79.00|69.00||inline|| с ребром жесткости|||/img/pic/strhoz/small/LOPATA SOVKOVAJA S REBROM ZOSTK.jpg|/img/pic/strhoz/big/LOPATA SOVKOVAJA S REBROM ZOSTK.jpg
#1|Лопата снеговая|101||195|185|180|inline|| 375&nbsp;x&nbsp;330&nbsp;мм| стальная оцинкованная <span class=art>арт. 61536</span>||/img/pic/strhoz/small/LOPATA SNEG OZINKOVANNAJA.jpg|/img/pic/strhoz/big/LOPATA SNEG OZINKOVANNAJA.jpg

#1|Лопата снеговая|203||195|185|180|inline|| 375&nbsp;x&nbsp;330&nbsp;мм| стальная оцинкованная <span class=art>арт. 61536-MIR</span>||/img/pic/strhoz/small/LOPATA SNEG OZINKOVANNAJA.jpg|/img/pic/strhoz/big/LOPATA SNEG OZINKOVANNAJA.jpg
#1|Лопата снеговая|203||160.00|145.00|inline|| пластиковая 360 x 400 мм| с металлической накладкой <span class=art>арт. PP-01</span>||/img/pic/strhoz/small/LOPATA SNEG PLASTMASS.jpg|/img/pic/strhoz/big/LOPATA SNEG PLASTMASS.jpg
#1|Лопата снеговая|203||145|135|130|inline|| пластиковая 420 x 420 мм| с металлической накладкой <span class=art>арт. PP-01</span>||/img/pic/strhoz/small/LOPATA SNEG PLASTMASS.jpg|/img/pic/strhoz/big/LOPATA SNEG PLASTMASS.jpg
#1|Лопата снеговая тротуарная|203||395|375.00|365.00|inline|| 570&nbsp;x&nbsp;350&nbsp;мм алюминиевая, с окантовкой <span class=art>арт. 61541</span>|||/img/pic/strhoz/small/LOPATA SNEG ALLUMINIJ.jpg|/img/pic/strhoz/big/LOPATA SNEG ALLUMINIJ.jpg
1|Лопата уборочная             |203|IVA-03-UB| 125| 115|110||| металлическая <span class=art>арт. IVA-03-UB</span>|||/img/pic/strhoz/small/Lop_ubor(IVA-03-UB).jpg|/img/pic/strhoz/big/Lop_ubor(IVA-03-UB).jpg
1|Лопата снеговая трехбортная  |203|IVA-04-2B| 325| 300|290||| 375&nbsp;x&nbsp;500&nbsp;мм алюминиевая, толщина полотна 1.5&nbsp;мм, с накладкой <span class=art>арт. IVA-04-2B</span>|||/img/pic/strhoz/small/LOPATA SNEG ALLUMINIJ.jpg|/img/pic/strhoz/big/jpg
1|Лопата снеговая трехбортная  |203|IVA-04-3B| 425| 405|390||| 500&nbsp;x&nbsp;600&nbsp;мм алюминиевая, с окантовкой <span class=art>арт. IVA-04-3B</span>|||/img/pic/strhoz/small/LOPATA SNEG ALLUMINIJ.jpg|/img/pic/strhoz/big/jpg
1|Лопата пластиковая №1        |203|ZV01     | 145| 135|129||| 428 х 490 мм, с алюминиевой планкой <span class=art>арт. ZV01</span>|||/img/pic/strhoz/small/ZV01.jpg|/img/pic/strhoz/big/jpg
1|Лопата пластиковая №1        |203|ZV01R    | 179| 170|165||| 428 х 490 мм, с алюминиевой планкой, с V-образным черенком <span class=art>арт. ZV01R</span>|||/img/pic/strhoz/small/ZV01.jpg|/img/pic/strhoz/big/jpg
1|Лопата уборочная             |203|ZV02     | 139| 133|128||| оцинкованная, 360 х 465 мм, толщина полотна 1.2 мм <span class=art>арт. ZV02</span>|||/img/pic/strhoz/small/jpg|/img/pic/strhoz/big/jpg
1|Лопата снеговая однобортная  |203|ZV03     | 185| 178|174||| с алюминиевой планкой <span class=art>арт. ZV03</span>|||/img/pic/strhoz/small/jpg|/img/pic/strhoz/big/jpg
1|Движок для снега             |203|IVA-02-DA| 695| 670|650||| 755&nbsp;x&nbsp;410&nbsp;мм алюминиевый <span class=art>арт. IVA-02-DA</span>|||/img/pic/strhoz/small/dvij0.jpg|/img/pic/strhoz/big/jpg
1|Движок для снега             |203|IVA-01-DM| 555| 525|505||| 1060&nbsp;x&nbsp;530&nbsp;мм металлический <span class=art>арт. IVA-01-DM</span>|||/img/pic/strhoz/small/dvij0.jpg|/img/pic/strhoz/big/jpg
1|Ледоруб сварной              |203|         | 165| 150|140|||с топором типоразмера Б3 по <a href="http://magicad.su/magicad_docs/4/4132/index.htm"  target="_blank" title="Топоры_строительные._Технические_условия">ГОСТ 18578-89</a> с тулейкой д. 40 мм, металлический черенок, пластиковая ручка <span class=art>арт. ZV04</span>|||/img/pic/strhoz/small/LEDORUB TOPOR.jpg|/img/pic/strhoz/big/LEDORUB TOPOR.jpg
1|Скребок                      |203|REG01    | 108|  98| 92||| 1200 x 200 мм, лед-зима <span class=art>арт. REG01</span>|||/img/pic/strhoz/small/LEDORUB SKREBOK.jpg|/img/pic/strhoz/big/LEDORUB SKREBOK.jpg
#1|Движок для снега             |203|61526    | 755| 735|715||| 750&nbsp;x&nbsp;460&nbsp;мм алюминиевый <span class=art>арт. 61526</span>|||/img/pic/strhoz/small/dvij0.jpg|/img/pic/strhoz/big/jpg
#1|Ледоруб-скребок|203||148.00|139.00|||| 1200 x 200 мм, 1.5 кг, металлический черенок <span class=art>арт. 61524</span>|||/img/pic/strhoz/small/LEDORUB SKREBOK.jpg|/img/pic/strhoz/big/LEDORUB SKREBOK.jpg
#1|Ледоруб-топор сварной|203||295.00|279.00|||| 1200 x 100 мм, 1.87 кг, топор типоразмера Б3 по <a href="http://magicad.su/magicad_docs/4/4132/index.htm"  target="_blank" title="Топоры_строительные._Технические_условия">ГОСТ 18578-89</a>, металлический черенок <span class=art>арт. IVA-05-LT</span>|||/img/pic/strhoz/small/LEDORUB TOPOR.jpg|/img/pic/strhoz/big/LEDORUB TOPOR.jpg

1|Лом строительный ЛО-25,  25&nbsp;мм&nbsp;x&nbsp;1300&nbsp;мм, 4.8 кг|260|LO-25 |298|280|265||Ломы строительные||||/img/pic/strhoz/small/Lom stroitelny.jpg|/img/pic/strhoz/big/Lom stroitelny.jpg
0|Лом строительный ЛКО-28, 28&nbsp;мм&nbsp;x&nbsp;1250&nbsp;мм        |260|LKO-28|375|360|350
0|Лом строительный ЛО-32,  32&nbsp;мм&nbsp;x&nbsp;1300&nbsp;мм, 7.3 кг|260|LO-32 |460|440|425
#1|Гвоздодер|260|RED17400|120|110|100||| D&nbsp;17&nbsp;мм, L&nbsp;400&nbsp;мм, обрезиненная рукоятка <span class=art>арт. RED17400</span>|||/img/pic/strhoz/small/GVOZDODER S RUCHKOY.jpg|/img/pic/strhoz/big/GVOZDODER S RUCHKOY.jpg
1|Гвоздодер-монтировка|260|10850|165|155|145|norow|Гвоздодеры-монтировки| TRUPER, кованая сталь|||/img/pic/strhoz/small/trup-gvozdoder.jpg|/img/pic/strhoz/big/trup-gvozdoder.jpg
0|Гвоздодер-монтировка L 300 мм, &empty; 12 мм,  300 г|260|10850 | 179| 168| 163
0|Гвоздодер-монтировка L 600 мм, &empty; 19 мм, 1700 г|260|10856 | 635| 620| 590
0|Гвоздодер-монтировка L 750 мм, &empty; 19 мм, 2000 г|260|10859 | 725| 705| 690
1|Лом-гвоздодер|260|GG16800|165|155|145|norow|Ломы-гвоздодеры| круглые|||/img/pic/strhoz/small/LOm gvozdoder.jpg|/img/pic/strhoz/big/LOm gvozdoder.jpg
0|Лом-гвоздодер L 400 мм, &empty; 17 мм|260|GG17600|125|115|108
0|Лом-гвоздодер L 600 мм, &empty; 17 мм|260|GG17600|135|128|118
0|Лом-гвоздодер L 800 мм, &empty; 16 мм|260|GG16800|175|168|162|
1|Лом-гвоздодер двутавровый 450 x 29 x 16 мм GROSS|260|25236|485|465|450||Ломы-гвоздодеры| GROSS, двутавровый профиль|<UL><LI>Инструмент выполнен из рельсовой стали 65 Mn RAIL STEEL.<LI>Твердость рабочих поверхностей 44?48 HRc.<LI>Двутавровый профиль (швеллерный тип) в сечении позволяет использовать как рычаг при приподнимании и перемещении тяжеловесных грузов.<LI>Корпус инструмента имеет защитное антикоррозийное покрытие.</UL>||/img/pic/strhoz/small/lom_gross.jpg|/img/pic/strhoz/big/jpg
0|Лом-гвоздодер двутавровый 600 x 30 x 17 мм GROSS|260|25237|635|610|595
0|Лом-гвоздодер двутавровый 900 x 30 x 17 мм GROSS|260|25239|765|735|710
#1|Лом-гвоздодер усиленный 450 x 25 x 12 мм MATRIX |260|25231|225|215|210||Ломы-гвоздодеры усиленные| MATRIX|<UL><LI>Инструмент выполнен из инструментальной среднеуглеродистой стали Ст 50.<LI>Твердость рабочих поверхностей 42?44 HRc.<LI>Прямоугольно-овальный профиль инструмента усиливает его на момент излома.<LI>Защитное антикоррозийное покрытие по всему корпусу инструмента.||/img/pic/strhoz/small/lom_matrix_25231.jpg|/img/pic/strhoz/big/jpg
#0|Лом-гвоздодер усиленный 600 x 29 x 15 мм MATRIX |260|25233|325|315|300
#0|Лом-гвоздодер усиленный 900 x 29 x 15 мм MATRIX |260|25235|425|410|400

# 261/400|Кирка-кайло
1|Кирка строительная|                                  261|KF1590|1250|1190|1150|400|||, фиберглассовая обрезиненная рукоятка, 1500&nbsp;г, 900&nbsp;мм <span class=art>арт. KF1590</span>|||/img/pic/strhoz/small/KIRKA.jpg|/img/pic/strhoz/big/KIRKA.jpg
1|Кирка-кайло двустороннее                            |261|18640 |1555|1520|1470|400||| TRUPER TP-5F <span class=art>арт. 18640</span>|Кирка-кайло двустороннее, 2.3 кг, фиберглассовая рукоятка 91 см.||/img/pic/strhoz/small/TP-5F.jpg|/img/pic/strhoz/big/TP-5F.jpg
1|Кирка-кайло двустороннее                            |261|19647 | 745| 725| 710|400||| TRUPER TJA-1 <span class=art>арт. 19647</span>|Кирка-кайло двустороннее, фиберглассовая рукоятка 36 см.||/img/pic/strhoz/small/t19647.jpg|/img/pic/strhoz/big/t19647.jpg
#1|Кирка-MINI|261||295.00|280|269|||, фиберглассовая обрезиненная рукоятка, 450 г, 385&nbsp;мм MATRIX <span class=art>арт. 21828</span>|Кирка изготовлена методом свободной ковки из стали марки 50. Твердость 48 HRc.||/img/pic/strhoz/small/KIRKA21828.jpg|/img/pic/strhoz/big/jpg

# 371/401|Метлы и веники
~1|Метла плоская мягкая |371|VM1  |109,76|105,28| 99,68|401||| № 1 <span class=art>арт. VM1</span>|<UL><LI>Универсальная пластиковая плоская метла для использования в любых погодных условиях, внутри и вне помещения.<LI>Прочная и морозоустойчивая, изготовлена из гибких ондулированных (рифленых) прутьев.<LI>Кончики ее щетинок распушены, что позволяет убирать даже самый мелкий мусор.<LI>Может использоваться с резьбовым еврочеренком.</UL>||/img/pic/strhoz/small/metla1.jpg|/img/pic/strhoz/big/metla1.jpg
~1|Метла веерная        |371|VM2  | 95,20| 87,36| 80,64|401||| № 2 <span class=art>арт. VM2</span>|<UL><LI>Пластиковая плоская метла для приведения в порядок открытых территорий.<LI>Прочная и морозоустойчивая, изготовлена из гибких ондулированных (рифленых) прутьев.<LI>Износостойкая и долговечная.<LI>Может использоваться с резьбовым еврочеренком.</UL>||/img/pic/strhoz/small/Metla VEERNALA N 2 .jpg|/img/pic/strhoz/big/Metla VEERNALA N 2 .jpg
~1|Метла плоская широкая|371|VM3  | 99,68| 92,96| 88,48|401||| № 3 <span class=art>арт. VM3</span>|<UL><LI>Универсальная пластиковая широкая метла для использования в любых погодных условиях.<LI>Предназначена для уборки производственных помещений и улиц.<LI>Прочная и морозоустойчивая, изготовлена из гибких ондулированных (рифленых) прутьев.<LI>Может использоваться с резьбовым еврочеренком.</UL>||/img/pic/strhoz/small/Metla PLOSKAJA N 3.jpg|/img/pic/strhoz/big/Metla PLOSKAJA N 3.jpg
~1|Метла круглая большая|371|VM6  |128,80|122,08|114,24|401||| № 6 <span class=art>арт. VM6</span>|<UL><LI>Круглая пластиковая плоская метла для уборки различных производственных помещений, приусадебных участков и улиц.<LI>Прочная и морозоустойчивая, изготовлена из гибкой и тонкой, но чрезвычайно прочной ондулированной щетины.<LI>Дополнительно оснащена промежуточным армирующим креплением. Большая жесткость дает возможность выметать довольно тяжелый мусор.<LI>Может использоваться с резьбовым еврочеренком.</UL>||/img/pic/strhoz/small/Metla KRUGLAJA N 6.jpg|/img/pic/strhoz/big/Metla KRUGLAJA N 6.jpg
 1|Черенок для метлы    |371|CHEM | 28.00| 25,76| 22,40|401||| 25&nbsp;x&nbsp;1300&nbsp;мм <span class=art>арт. CHEM</span>|||/img/pic/strhoz/small/che_.jpg|/img/pic/strhoz/big/jpg
~1|Черенок для метлы    |371|VCE  | 54,88| 50,40| 47,04|401||| ЕВРО с резьбой, березовый <span class=art>арт. VCE</span>|Евро-черенок березовый.<br>Пластиковый резьбовой наконечник, длина - 120мм.||/img/pic/strhoz/small/cherenok EVRO for metla.jpg|/img/pic/strhoz/big/cherenok EVRO for metla.jpg
#1|Черенок для метлы    |371|VCM  | 43,68| 41,44| 40,32|401||| ЕВРО с резьбой, металлопластиковый, усиленный <span class=art>арт. VCM</span>|Евро-черенок металлопластиковый, усиленный, с отверстием для подвески.<br>Толщина стенки - 0.34мм.||/img/pic/strhoz/small/cherenok_euro_M.jpg|/img/pic/strhoz/big/cherenok_euro_M.jpg
~1|Метла березовая      |371|MB   | 15,46| 14,90| 14,34|401||| <span class=art>арт. MB</span>|||/img/pic/strhoz/small/metla.jpg|/img/pic/strhoz/big/jpg
 1|Веник сорго          |371|VS1B | 75.00| 71.00| 68.00|401||| 1-й сорт <span class=art>арт. VS1B</span>|||/img/pic/strhoz/small/Venik SORGO.jpg|/img/pic/strhoz/big/Venik SORGO.jpg
 1|Веник сорго          |371|VSL  | 89.00| 86.00| 82.00|401||| "ЛЮКС М" <span class=art>арт. VS</span>|||/img/pic/strhoz/small/Venik SORGO.jpg|/img/pic/strhoz/big/Venik SORGO.jpg
~1|Швабра деревянная    |371|S1200| 79,00| 75,00| 72,00|401||| для мытья полов, 1200 мм <span class=art>арт. S1200</span>|||/img/pic/strhoz/small/shvabra_derevyannaya.jpg|/img/pic/strhoz/big/jpg
~1|Совок хозяйственный|  371|SVV  |125,00|115,00|108,00|401|||, деревянная ручка <span class=art>арт. SVV</span>|||/img/pic/strhoz/small/sovok.jpg|/img/pic/strhoz/big/jpg
#1|Совок хозяйственный|371|SV|110.00|100.00|||, деревянная ручка <span class=art>арт. SV</span>|||/img/pic/strhoz/small/sovok.jpg|/img/pic/strhoz/big/jpg

# 373/398|Грабли
 1|Грабли веерные пластинчатые|373|REG.18PL| 79| 74| 69|398|||, металлическая основа, 18 плоских зубьев <span class=art>арт. REG.18PL</span>|||/img/pic/strhoz/small/GPL.jpg|/img/pic/strhoz/big/GPL.jpg
 1|Грабли веерные проволочные| 373|REG.22PR| 79| 74| 69|398|||, металлическая основа, 22-зубные <span class=art>арт. REG.22PR</span>|||/img/pic/strhoz/small/GPP.jpg|/img/pic/strhoz/big/GPP.jpg
 1|Грабли веерные пластиковые| 373|19065   |825|795|780|398||| TRUPER с обрезиненным черенком <span class=art>арт. 19065   </span>|<UL><LI>Размах 76 см, 30 лепестков.<LI>Черенок 122 см, дерево (американский ясень) с софт покрытием.</UL>||/img/pic/strhoz/small/T19065.jpg|/img/pic/strhoz/big/T19065.jpg
 1|Грабли витые|               373|REG.16G | 49| 45| 43|398|||, 16 зубьев, 94&nbsp;х&nbsp;366&nbsp;мм <span class=art>арт. REG.16G </span>|||/img/pic/strhoz/small/grabli-12-pov.jpg|/img/pic/strhoz/big/jpg
 1|Черенок для грабель        |373|CHEG    | 25| 23| 21|398||| 30&nbsp;x&nbsp;1200&nbsp;мм <span class=art>арт. CHEG    </span>|||/img/pic/strhoz/small/che_.jpg|/img/pic/strhoz/big/jpg
#1|Черенок для витых (с повернутым зубом) грабель|373|CHEG    | 25| 23| 21||| 30&nbsp;x&nbsp;1200&nbsp;мм|||/img/pic/strhoz/small/che_.jpg|/img/pic/strhoz/big/jpg
#1|Черенок для веерных грабель, мётел и щёток    |373|| 25| 23| 21||| 25&nbsp;x&nbsp;1250&nbsp;мм|||/img/pic/strhoz/small/che_.jpg|/img/pic/strhoz/big/jpg
#1|Грабли с повернутым зубом|373||89.00|84.00||||, 12 зубьев, 360&nbsp;мм|||/img/pic/strhoz/small/grabli vitye.jpg|/img/pic/strhoz/big/grabli vitye.jpg
#1|Черенок для метлы|373|CHEM|28.00|25,76|22,40||| 25&nbsp;x&nbsp;1300&nbsp;мм <span class=art>арт. CHEM</span>|||/img/pic/strhoz/small/che_.jpg|/img/pic/strhoz/big/jpg
#1|Черенок для метлы|373|VCE|49.00|45.00|42.00||| ЕВРО с резьбой, березовый <span class=art>арт. VCE</span>|Евро-черенок березовый.<br>Пластиковый резьбовой наконечник, длина - 120мм.||/img/pic/strhoz/small/cherenok EVRO for metla.jpg|/img/pic/strhoz/big/cherenok EVRO for metla.jpg
#1|Черенок для метлы|373|VCM|39.00|37.00|36.00||| ЕВРО с резьбой, металлопластиковый, усиленный <span class=art>арт. VCM</span>|Евро-черенок металлопластиковый, усиленный, с отверстием для подвески.<br>Толщина стенки - 0.34мм.||/img/pic/strhoz/small/cherenok_euro_M.jpg|/img/pic/strhoz/big/cherenok_euro_M.jpg
#1|Черенок для лопаты|373||25.00|23|19.80||| 40&nbsp;x&nbsp;1300&nbsp;мм <span class=art>арт. CHEL</span>|||/img/pic/strhoz/small/Cherenok-dlya-lopat2-40.jpg|/img/pic/strhoz/big/jpg

# 112|Замки
1|Замок навесной                                     |112|ВС2А |255,00|245,00|230,00|||| ВС-2А <span class=art>арт. ВС2А</span>|Пр-во г. Чебоксары||/img/pic/strhoz/small/zn2-26-50.jpg|/img/pic/strhoz/big/VS 2.jpg
1|Замок навесной всепогодный, 50 мм                  |112|91824|235,00|220,00|210,00|||Замки навесные всепогодные| MATRIX|||/img/pic/strhoz/small/ART-91824-91826.jpg|/img/pic/strhoz/big/ART-91824-91826.jpg
0|Замок навесной всепогодный, 40 мм, удлиненная дужка|112|91822|220,00|200,00|190,00|
0|Замок навесной всепогодный, 50 мм, удлиненная дужка|112|91826|255,00|245,00|235,00|
1|Замок навесной всепогодный                         |112|91813|445,00|420,00|410,00|||Замок навесной всепогодный| 100*100 мм  MATRIX <span class=art>арт. 91813</span>|Замок оснащён особо толстой (24 мм) дужкой.||/img/pic/strhoz/small/lock91813.jpg|/img/pic/strhoz/big/lock91813.jpg
1|Замок врезной сувальдный                           |112|91663|228,00|215,00|208,00|||| ЗВ8-4 <span class=art>арт. 91663</span>|Обладает высокой механической прочностью. Прост и удобен в эксплуатации. Корпус и планки оцинкованы. Отпирается ключом снаружи и изнутри. Замок имеет 1-й класс секретности. В комплекте 3 ключа.||/img/pic/strhoz/small/91663.jpg|/img/pic/strhoz/big/jpg
1|Замок навесной повышенной защищенности             |112|91603|340,00|315,00|305,00|||| 3Н2-10, 90 мм <span class=art>арт. 91603</span>|Массивный корпус замка с толстыми стенками исключает доступ к дужке и надежно защищает ее от перепиливания и взлома. В комплекте 3 ключа.||/img/pic/strhoz/small/ART-91693.jpg|/img/pic/strhoz/big/ART-91693.jpg
1|Проушина для замка                                 |112|PR01 | 10,00|  9,50|  9,00|||| прямая, 30х70 мм оксидированная <span class=art>арт. PR01</span>|||/img/pic/strhoz/small/PR01.jpg|/img/pic/strhoz/big/jpg
1|Проушина для замка                                 |112|PR02 | 14,00| 13,00| 12,00|||| угловая, 30х70 мм анодированная <span class=art>арт. PR02</span>|||/img/pic/strhoz/small/PR02.jpg|/img/pic/strhoz/big/jpg
#1|Замок навесной|112|91616|||145|sale1|| 3Н2-8, 60 мм (SiB)   <span class=art>арт. 91616</span>|||/img/pic/strhoz/small/91616.jpg|/img/pic/strhoz/big/jpg
#1|Замок навесной|112|91623|135|130|125||| 3Н2-4-1, 60 мм (SiB) <span class=art>арт. 91623</span>|||/img/pic/strhoz/small/lock91623.jpg|/img/pic/strhoz/big/lock91623.jpg
#1|Замок навесной|112|91625||| 88|sale1|| 3Н2-26, 50 мм        <span class=art>арт. 91625</span>|||/img/pic/strhoz/small/VS 2.jpg|/img/pic/strhoz/big/VS 2.jpg
#1|Замок навесной|112||129.00||-||| 3Н2-М1, 80 мм|||/img/pic/strhoz/small/Zamok _ 3H2-M1 80 sm _ A.jpg|/img/pic/strhoz/big/Zamok _ 3H2-M1 80 sm _ A.jpg
#1|Замок навесной|112||149.00||-||| 3Н2-26, 80 мм|||/img/pic/strhoz/small/VS 2.jpg|/img/pic/strhoz/big/VS 2.jpg

# 374/402|Щетка деревянная
1|Щетка деревянная                                         |374|SZ-C1 | 85.00| 79.00|165.00|402|norow|| 280&nbsp;мм, для пола <span class=art>арт. SZ-C1</span>|||/img/pic/strhoz/small/SCHetka dla pola 280 vv.jpg|/img/pic/strhoz/big/SCHetka dla pola 280 vv.jpg
0|Щетка деревянная для пола, 280&nbsp;мм                   |374|SZ-C1 | 89.00| 82.00|75    |402
1|Щетки палубные                                           |374|SZPALX| 77.00| 72.00|165.00|402|norow|||||/img/pic/strhoz/small/SCHETKA PALUBNAJA.jpg|/img/pic/strhoz/big/SCHETKA PALUBNAJA.jpg
0|Щетка палубная 200&nbsp;x&nbsp;80&nbsp;мм                |374|SZPAL | 82.00| 78.00| 75.00|402|
0|Щетка палубная 350&nbsp;x&nbsp;80&nbsp;мм                |374|SZPALX|115.00|105.00| 95.00|402|
1|Щетки метро-вокзал                                       |374|SZ500 |125.00|117.00|112.00|402|norow|||||/img/pic/strhoz/small/SCHETKA METRO-VOKZAL 500-700.jpg|/img/pic/strhoz/big/SCHETKA METRO-VOKZAL 500-700.jpg
0|Щетка метро-вокзал 500&nbsp;мм                           |374|SZ500 |125.00|117.00|112.00|402|
0|Щетка метро-вокзал 700&nbsp;мм                           |374|SZ700 |159.00|152.00|145.00|402|
1|Щетки метро-вокзал                                       |374|S-5М  |139.00|125.00|118.00|402|norow||с металлическим держателем черенка|||/img/pic/strhoz/small/metro_m.jpg|/img/pic/strhoz/big/jpg
0|Щетка метро-вокзал 500&nbsp;мм с металлическим держателем|374|S-5М  |139.00|125.00|118.00|402|
0|Щетка метро-вокзал 700&nbsp;мм с металлическим держателем|374|S-7М  |169.00|162.00|158.00|402|
1|Щетка сметка                                             |374|SZSM3X| 49.00| 44.00|165.00|402|norow|| 3-х рядная деревянная|||/img/pic/strhoz/small/Schetka smetka.jpg|/img/pic/strhoz/big/Schetka smetka.jpg
0|Щетка сметка 320&nbsp;мм                                 |374|SZSM3 | 39.00| 38.00| 32.00|402|
0|Щетка сметка 460&nbsp;мм                                 |374|SZSM3X| 43.00| 35.00| 37.00|402|

1|Щетка по металлу 3-рядная       |240|S3R   |42|40|39||Щетки ручные по металлу| на деревянной ручке|||/img/pic/strhoz/small/SCHetka po metallu der ruchka.jpg|/img/pic/strhoz/big/SCHetka po metallu der ruchka.jpg
0|Щетка по металлу 4-рядная       |240|S4R   |44|42|40
0|Щетка по металлу 5-рядная       |240|S5R   |47|45|43
0|Щетка по металлу 6-рядная       |240|S6R   |49|46|44
1|Щетка по металлу ручная 5-рядная|240|748675|95|90|88||Щетки по металлу| ручные металлические в пластмассовом корпусе с пластмассовой ручкой SPARTA|||/img/pic/strhoz/small/SCZetka ruchnaja - plastmass sparta.jpg|/img/pic/strhoz/big/SCZetka ruchnaja - plastmass sparta.jpg
0|Щетка по металлу ручная 6-рядная|240|748685|99|96|92
1|Щетка по металлу ручная         |240|SLP   |68|65|62||| <span class=art>арт. SLP</span>|металлическая латунированная проволока 30 мм, пластиковая рукоятка 240 мм.||/img/pic/strhoz/small/SCZetka ruchnaja - ODNORJADNAJA sparta.jpg|/img/pic/strhoz/big/SCZetka ruchnaja - ODNORJADNAJA sparta.jpg

# 163|Ведра
1|Ведро оцинкованое        |163|      | 99   | 95.00| 89.00|||| 12&nbsp;л <span class=art>арт. VZN12</span>|||/img/pic/strhoz/small/Vedro ozink 12 l.jpg|/img/pic/strhoz/big/Vedro ozink 12 l.jpg
1|Ведро 12 л.       круглое|163|BU-12C| 49.00| 44.00| 42.00|||Ведра|, резинопластик|||/img/pic/strhoz/small/Vedro rezinoplastic.jpg|/img/pic/strhoz/big/Vedro rezinoplastic.jpg
0|Ведро 16 л. прямоугольное|163|BU-16R| 94.00| 88.00| 85.00|
0|Ведро 20 л.       круглое|163|BU-20C| 89.00| 84.00| 81.00|
1|Таз строительный 40 л.   |163|TA-40C|198.00|182.00|175.00|||Тазы строительные| круглые|||/img/pic/strhoz/small/Taz stroitelny.jpg|/img/pic/strhoz/big/Taz stroitelny.jpg
0|Таз строительный 65 л.   |163|TA-65C|298.00|282.00|275.00|
0|Таз строительный 90 л.   |163|TA-90C|395.00|385.00|365.00|
1|Носилки строительные     |163|      |425.00|405.00|390.00|||| в сборе <span class=art>арт. N1</span>|||/img/pic/strhoz/small/nos_plast.jpg|/img/pic/strhoz/big/jpg

 1|Канистра пластиковая &nbsp;&nbsp;5 л, мод. 76 (евро), 245 х 170 х 160 мм|300|K05PA | 39| 35| 33||Канистры| пластиковые|Цвет натуральный (белый матовый).<br>Размеры приведены в таблице: Высота х Длина х Ширина.||/img/pic/strhoz/small/can70_74.png|/img/pic/strhoz/big/can70.png
 0|Канистра пластиковая            60 л, мод. 78 (евро), 635 х 400 х 335 мм|300|K60PA |490|470|460
 1|Канистра стальная окрашенная                                            |300|REG.5K|780|750|740||| 5 л <span class=art>арт. REG.5K</span>|||/img/pic/strhoz/small/can5_3.jpg|/img/pic/strhoz/big/
#0|Канистра пластиковая            10 л, мод. 74 (евро), 333 х 201 х 195 мм|300|K10PA| 49
#0|Канистра пластиковая            20 л, мод. 69 (евро), 385 х 290 х 225 мм|300|K20PA|119
#0|Канистра пластиковая            30 л, мод. 70 (евро), 520 х 300 х 250 мм|300|K30PA|155
#1|Бидон|300|B61PA|377||| пластиковый 61 л <span class=art>арт. B61PA</span>|Цвет натуральный (белый матовый).<br>Высота 690, диаметр 390 мм.||/img/pic/strhoz/small/can61s.png|/img/pic/strhoz/big/can61.png

 1|Канистра пластиковая &nbsp;&nbsp;5 л, мод. 76 (евро), 245 х 170 х 160 мм|404|K05PA | 39| 35| 33||Канистры| пластиковые|Цвет натуральный (белый матовый).<br>Размеры приведены в таблице: Высота х Длина х Ширина.||/img/pic/strhoz/small/can70_74.png|/img/pic/strhoz/big/can70.png
 0|Канистра пластиковая            60 л, мод. 78 (евро), 635 х 400 х 335 мм|404|K60PA |490|470|460
 1|Канистра стальная окрашенная                                            |404|REG.5K|780|750|740||| 5 л <span class=art>арт. REG.5K</span>|||/img/pic/strhoz/small/can5_3.jpg|/img/pic/strhoz/big/

# 107|Строительные ножи
 1|Нож 18&nbsp;мм, выдвижное лезвие                     |107|78929/0-003| 32,00| 28,00| 26,00|||| MATRIX <span class=art>арт. 78929</span> <small> или </small> HOBBI <span class=art>арт. 19-0-003</span>|Нож общего назначения с выдвижным лезвием шириной 18 мм; блокировка лезвия||/img/pic/strhoz/small/Nozs vydv lezv 18 mm.jpg|/img/pic/strhoz/big/Nozs vydv lezv 18 mm.jpg
 1|Нож 18&nbsp;мм, выдвижное лезвие с металлической нап.|107|78918/0-004| 55,00| 52,00| 48,00|||Нож 18&nbsp;мм, выдвижное лезвие с металлической направляющей, усиленный| MATRIX <span class=art>арт. 78918</span> <small> или </small> HOBBI <span class=art>арт. 19-0-003</span>|Пластмассовый корпус; кнопка выдвижения и фиксации лезвия.<br>Применение: для резания бумаги, картона и др. материалов.||/img/pic/strhoz/small/78973.png|/img/pic/strhoz/big/jpg
 1|Нож 18&nbsp;мм x 100&nbsp;мм с автозаменой           |107|571004     |245,00|230,00|220,00|||Нож универсальный 18&nbsp;мм x 100&nbsp;мм| KINWEHR <span class=art>арт. 571004</span>|<UL><LI>Нож универсальный с выдвижным лезвием 18&nbsp;мм x 100&nbsp;мм.<LI>Фиксатор; 3 лезвия (в комплекте) с автозаменой.<LI>Обрезиненная рукоятка.</UL>||/img/pic/strhoz/small/NOZ-KINWEHR.jpg|/img/pic/strhoz/big/NOZ-KINWEHR.jpg
 1|Нож 18&nbsp;мм                                       |107|19-0-210   |105,00| 99,00| 95,00|||| "Модерн" HOBBI, выдвижное лезвие, автофиксатор, усиленный <span class=art>арт. 19-0-210</span>|Нож общего назначения с выдвижным лезвием шириной 18 мм; автоматическая блокировка лезвия. Обрезиненная рукоятка.<br></b>Применение:</b> для резания бумаги, картона и др. материалов.||/img/pic/strhoz/small/Nozs MODERN.jpg|/img/pic/strhoz/big/Nozs MODERN.jpg
 1|Нож монтажный пистолетный 19&nbsp;мм                 |107|19-0-110   |135,00|125,00|117,00|||| "Эргономик" HOBBI, трапеция <span class=art>арт. 19-0-110</span>|Корпус из высококачественной оцинкованной стали. Лезвие 45&nbsp;мм состоит из 12 сегментов, закрепляется фиксирующим винтом и может выдвигаться при помощи специальной кнопки.||/img/pic/strhoz/small/NOZ-ERGONOMIC.jpg|/img/pic/strhoz/big/NOZ-ERGONOMIC.jpg
 1|Нож 25 х 125 мм, выдвижное сегментированное лезвие   |107|78959/0-302|255,00|250,00|245,00|||| MATRIX <span class=art>арт. 78959</span> <small> или </small> "Action" REMOCOLOR <span class=art>арт. 19-0-302</span>|Сегментное лезвие 25 x 125 мм, металлическая направляющая, винтовой фиксатор.||/img/pic/strhoz/small/action.jpg|/img/pic/strhoz/big/jpg
 1|Лезвия для ножей 18 x 100&nbsp;мм                    |107|793315/-1/5| 45,00| 42,00| 39,00|||| MATRIX <span class=art>арт. 793315</span> <small> или </small> HOBBI <span class=art>арт. 19-2-401</span> <small> или </small> KINWEHR <span class=art>арт. 571005</span>|Цена за упаковку 10 шт.||/img/pic/strhoz/small/Lezvija 25 mm.jpg|/img/pic/strhoz/big/Lezvija 25 mm.jpg
 1|Лезвия трапеция 19&nbsp;x&nbsp;60&nbsp;мм            |107|19-2-410   | 38,00| 35,00| 33,00|||| REMOCOLOR <span class=art>арт. 19-2-410</span>|5 лезвий, изготовленных из высококачественной стали.<br>Цена за упаковку 5 шт.||/img/pic/strhoz/small/19-2-410.jpg|/img/pic/strhoz/big/jpg
 1|Лезвия для ножей 25&nbsp;x&nbsp;125&nbsp;мм          |107|19-2-400   | 85,00| 80,00| 78,00|||| (6 сегментов) REMOCOLOR <span class=art>арт. 19-2-400</span>|5 лезвий для пистолетного ножа, изготовленных из высококачественной стали.<br>Цена за упаковку 5 шт.||/img/pic/strhoz/small/19-2-400.jpg|/img/pic/strhoz/big/jpg
 1|Нож сапожный 180&nbsp;мм                             |107|NSA        | 99,00| 92,00| 88,00|||| (Россия) <span class=art>арт. NSA</span>|||/img/pic/strhoz/small/Nozs sapojny.jpg|/img/pic/strhoz/big/Nozs sapojny.jpg
 1|Нож для линолеума 180&nbsp;мм, деревянная ручка      |107|17002      |179,00|169,00|162,00|||| TRUPER 17002-CULI-6 <span class=art>арт. 17002</span>|Применяется для резки линолеума, винилового покрытия, коврового покрытия.||/img/pic/strhoz/small/t17002.jpg|/img/pic/strhoz/big/t17002.jpg

#1|Нож монтера                                          |107|78996      | 89,00| 84,00| 79,00|||Нож монтера| 140&nbsp;мм (Россия) <span class=art>арт. 78996</span>|||/img/pic/strhoz/small/NOJ montera.jpg|/img/pic/strhoz/big/NOJ montera.jpg
#1|Нож 18&nbsp;мм, выдвижное лезвие                     |107|78929      | 32,00| 28,00| 26,00|||| MATRIX <span class=art>арт. 78929</span>|Нож общего назначения с выдвижным лезвием шириной 18 мм; блокировка лезвия||/img/pic/strhoz/small/Nozs vydv lezv 18 mm.jpg|/img/pic/strhoz/big/Nozs vydv lezv 18 mm.jpg
#1|Нож 18&nbsp;мм, выдвижное лезвие                     |107|19-0-003   | 32,00| 28,00| 26,00|||| HOBBI <span class=art>арт. 19-0-003</span>|Нож общего назначения с выдвижным лезвием шириной 18 мм; блокировка лезвия||/img/pic/strhoz/small/Nozs vydv lezv 18 mm.jpg|/img/pic/strhoz/big/Nozs vydv lezv 18 mm.jpg
#1|Нож 18&nbsp;мм, выдвижное лезвие с металлической нап.|107|78918      | 55,00| 52,00| 48,00|||Нож 18&nbsp;мм, выдвижное лезвие с металлической направляющей, усиленный| MATRIX <span class=art>арт. 78918</span>|Пластмассовый корпус; кнопка выдвижения и фиксации лезвия.<br>Применение: для резания бумаги, картона и др. материалов.||/img/pic/strhoz/small/78973.png|/img/pic/strhoz/big/jpg
#1|Нож 18&nbsp;мм, выдвижное лезвие, усиленный          |107|19-0-004   | 55,00| 52,00| 48,00|||| HOBBI <span class=art>арт. 19-0-003</span>|Нож общего назначения с выдвижным лезвием шириной 18 мм; блокировка лезвия||/img/pic/strhoz/small/Nozs vydv lezv 18 mm.jpg|/img/pic/strhoz/big/Nozs vydv lezv 18 mm.jpg

#1|Лезвия для ножей 18 x 100&nbsp;мм x 0.5&nbsp;мм      |107|571005     | 45,00| 42,00| 39,00|||| KINWEHR <span class=art>арт. 571005</span>|Цена за упаковку 10 шт.||/img/pic/strhoz/small/lezvia_sparta2.jpg|/img/pic/strhoz/big/jpg
#1|Лезвия для ножей 18 x 100&nbsp;мм                    |107|793315/-401| 45,00| 42,00| 39,00|||| MATRIX <span class=art>арт. 793315</span> или HOBBI <span class=art>арт. 19-2-401</span>|Цена за упаковку 10 шт.||/img/pic/strhoz/small/Lezvija 25 mm.jpg|/img/pic/strhoz/big/Lezvija 25 mm.jpg

#1|Нож                                                  |107|19-0-302   |135,00|128,00|122,00|||| "Action", сегментное лезвие 25 x 125 мм, металлическая направляющая, винтовой фиксатор, REMOCOLOR <span class=art>арт. 19-0-302</span>|||/img/pic/strhoz/small/action.jpg|/img/pic/strhoz/big/jpg
#1|Лезвия для ножей 18 x 100&nbsp;мм                    |107|793315     | 37,00| 34,00| 32,00|||| MATRIX <span class=art>арт. 793315</span>|Цена за упаковку 10 шт.||/img/pic/strhoz/small/lezvia_sparta2.jpg|/img/pic/strhoz/big/jpg
#1|Лезвия для ножей 18&nbsp;мм&nbsp;x&nbsp;100&nbsp;мм  |107|19-2-401   | 39,00| 37,00| 35,00|||| (14 сегментов) HOBBI <span class=art>арт. 19-2-401</span>|Цена за упаковку 10 шт.||/img/pic/strhoz/small/hobbi.jpg|/img/pic/strhoz/big/jpg

#1|Нож ремонтно-монтажный                               |107|78870      |595,00|575,00|550,00||ltd|Нож ремонтно-монтажный| 170 мм GROSS <span class=art>арт. 78870</span>|Трехкомпонентная рукоятка, механизм автоматического выброса и возврата лезвия пистолетного типа.<br>Трапециевидные лезвия: размер полотна 60 х 0,6 х 19 мм.<br><b>В комплекте 5 запасных лезвий.</b>||/img/pic/strhoz/small/NOJ  GROSS.jpg|/img/pic/strhoz/big/NOJ  GROSS.jpg
#1|Нож ремонтно-монтажный                               |107|78879      |595,00|575,00|550,00||ltd|Нож ремонтно-монтажный| 175 мм GROSS <span class=art>арт. 78879</span>|Трехкомпонентная рукоятка, кнопочный механизм автоматического выброса и возврата лезвия в хвостовой части корпуса ножа.<br>Трапециевидные лезвия, сталь SK-2, размер полотна 60 х 0,6 х 19 мм.<br><b>В комплекте 5 запасных лезвий.</b>||/img/pic/strhoz/small/78879.jpg|/img/pic/strhoz/big/jpg
#1|Лезвия для ножей                                     |107|79376      |155,00|145,00|140,00||ltd|Лезвия для ножей| GROSS <span class=art>арт. 79376</span>|Трапециевидные 60 х 0,6 х 19 мм, пластиковый пенал.<br>Цена за упаковку 12 шт.||/img/pic/strhoz/small/Lezvija GROSS.jpg|/img/pic/strhoz/big/Lezvija GROSS.jpg

#1|Лезвия трапеция прямые 18&nbsp;мм|107|793555|28.00|25|||| MATRIX <span class=art>арт. 793555</span>|Материал изготовления - сталь твердостью 65 HRс.<br>Цена за упаковку 5 шт.||/img/pic/strhoz/small/793555.jpg|/img/pic/strhoz/big/jpg
#1|Лезвия для ножей 18&nbsp;мм|107||22.00|-|||| SPARTA <span class=art>арт. 78969</span>|Цена за упаковку 10 шт.||/img/pic/strhoz/small/lezvia_sparta2.jpg|/img/pic/strhoz/big/jpg
#1|Ножницы хозяйственные|107||169.00|-|||Ножницы хозяйственные|, 280 мм<span class=artn>арт. </span>|Нержавеющая сталь, 2-компонентные рукоятки.<br>Твердость по Роквеллу 56 Hrc||/img/pic/strhoz/small/Noznicy.jpg|/img/pic/strhoz/big/Noznicy.jpg

#1|Нож универсальный                                    |107|78997   | 95,00| 92,00| 88,00||Нож универсальный| 180&nbsp;мм (Россия) <span class=art>арт. 78997</span>|||/img/pic/strhoz/small/Nozs univers.jpg|/img/pic/strhoz/big/Nozs univers.jpg
#1|Нож для напольных покрытий|107|78989|129.00|119|||Нож для напольных покрытий| 200&nbsp;мм MATRIX <span class=art>арт. 78989</span>|||/img/pic/strhoz/small/Noz dla napolnyx pokrytiy.jpg|/img/pic/strhoz/big/Noz dla napolnyx pokrytiy.jpg
#1|Нож 18&nbsp;мм|107|78914|88.00|81|||Нож 18&nbsp;мм| MATRIX "MASTER" <span class=art>арт. 78914</span>|Выдвижное лезвие, металлическая направляющая, винтовой фиксатор.||/img/pic/strhoz/small/78914.jpg|/img/pic/strhoz/big/jpg
#1|Нож складной 18&nbsp;мм|107||189.00|179|||Нож складной 18&nbsp;мм| MATRIX <span class=artn>арт. </span>|10 запасных лезвий-трапеция||
#1|Нож 18&nbsp;мм, выдвижное лезвие|107||12.90|11.90|||| MATRIX <span class=art>арт. 78929</span> или HOBBI <span class=art>арт. 19-0-003</span>|Нож общего назначения с выдвижным лезвием шириной 18 мм; блокировка лезвия||/img/pic/strhoz/small/Nozs vydv lezv 18 mm.jpg|/img/pic/strhoz/big/Nozs vydv lezv 18 mm.jpg

###################
#1|Нож 18&nbsp;мм, выдвижное лезвие|320||10||| MATRIX <span class=art>арт. 78929</span>|Нож общего назначения с выдвижным лезвием шириной 18 мм; блокировка лезвия||/img/pic/strhoz/small/Nozs vydv lezv 18 mm.jpg|/img/pic/strhoz/big/Nozs vydv lezv 18 mm.jpg
#1|Нож 18&nbsp;мм, выдвижное лезвие|320||10||| SPARTA <span class=art>арт. 78974</span>|Автоматическая фиксация лезвия .||/img/pic/strhoz/small/78974.jpg|/img/pic/strhoz/big/jpg
#1|Нож 18&nbsp;мм, выдвижное лезвие с металлической направляющей|320|78918|20||| MATRIX <span class=art>арт. 78918</span>|Нож общего назначения с выдвижным лезвием шириной 18 мм; автоматическая блокировка лезвия.<br>Применение: для резания бумаги, картона и др. материалов.||/img/pic/strhoz/small/Nozs vydv lezv 18 mm met napr.jpg|/img/pic/strhoz/big/Nozs vydv lezv 18 mm met napr.jpg
#1|Нож 25&nbsp;мм|320|78959|99||Нож 25&nbsp;мм|, выдвижное сегментированное лезвие MATRIX <span class=art>арт. 78959</span>|Усиленная направляющая, обрезиненная рукоятка, имеет автоматическую и винтовую фиксацию.<br>Предназначен для резки различных материалов с применением значительных усилий||/img/pic/strhoz/small/Nozs 25.jpg|/img/pic/strhoz/big/Nozs 25.jpg
#1|Нож 18&nbsp;мм|320||99||Нож 18&nbsp;мм| MATRIX "MASTER" <span class=art>арт. 78921</span>|Выдвижное лезвие, металлическая направляющая, обрезиненная рукоятка, 5 запасных лезвий в магазине, замок-фиксатор для устранения люфта во время резки, автоматическая фиксация и автоматическая замена лезвия.||/img/pic/strhoz/small/Noj  18 mm vydv lezvie 5 pfg lezvi.jpg|/img/pic/strhoz/big/Noj  18 mm vydv lezvie 5 pfg lezvi.jpg
#1|Лезвия для ножей 9 x 80&nbsp;мм|320||8||| HOBBI <span class=art>арт. 19-2-301</span>|Цена за упаковку 10 шт.||/img/pic/strhoz/small/hobbi.jpg|/img/pic/strhoz/big/jpg
#1|Лезвия для ножей 25&nbsp;мм|320|793325|88|||<span class=art> арт. 793325</span>|Цена за упаковку 10 шт.||/img/pic/strhoz/small/Lezvija 25 mm.jpg|/img/pic/strhoz/big/Lezvija 25 mm.jpg
###################

1|Мачете             |339|15867|495|475|460||| TRUPER - колумбийский тип, 560&nbsp;мм <span class=art>арт. 15867</span>|Прямое лезвие. Черная ручка. Сделано в Колумбии.||/img/pic/strhoz/small/T15867.jpg|/img/pic/strhoz/big/T15867.jpg
1|Мачете             |339|15890|520|490|480||| TRUPER "Рэмбо", 300&nbsp;мм <span class=art>арт. 15890</span>|Оранжевая ручка. Сделано в Мексике.||/img/pic/strhoz/small/T15890.jpg|/img/pic/strhoz/big/T15890.jpg
1|Мачете             |339|15875|580|570|560||| TRUPER MARA-R типа "Ranchero", 400&nbsp;мм <span class=art>арт. 15875</span>|||/img/pic/strhoz/small/T15875.jpg|/img/pic/strhoz/big/T15875.jpg
1|Мачете двустороннее|339|15893|685|665|650||| TRUPER MACH-18, 450&nbsp;мм <span class=art>арт. 15893</span>|Стальное лезвие плюс садовая пила, удобная пластиковая рукоятка.||/img/pic/strhoz/small/MACH-18.jpg|/img/pic/strhoz/big/MACH-18.jpg

1|Мачете             |399|15867|495|475|460||| TRUPER - колумбийский тип, 560&nbsp;мм <span class=art>арт. 15867</span>|Прямое лезвие. Черная ручка. Сделано в Колумбии.||/img/pic/strhoz/small/T15867.jpg|/img/pic/strhoz/big/T15867.jpg
1|Мачете             |399|15890|520|490|480||| TRUPER "Рэмбо", 300&nbsp;мм <span class=art>арт. 15890</span>|Оранжевая ручка. Сделано в Мексике.||/img/pic/strhoz/small/T15890.jpg|/img/pic/strhoz/big/T15890.jpg
1|Мачете             |399|15875|580|570|560||| TRUPER MARA-R типа "Ranchero", 400&nbsp;мм <span class=art>арт. 15875</span>|||/img/pic/strhoz/small/T15875.jpg|/img/pic/strhoz/big/T15875.jpg
1|Мачете двустороннее|399|15893|685|665|650||| TRUPER MACH-18, 450&nbsp;мм <span class=art>арт. 15893</span>|Стальное лезвие плюс садовая пила, удобная пластиковая рукоятка.||/img/pic/strhoz/small/MACH-18.jpg|/img/pic/strhoz/big/MACH-18.jpg

 1|Степлер мебельный пластиковый                |188|40001  |345,00|325,00|315,00||| БАРС для скоб тип 53, 6—10&nbsp;мм&nbsp;х&nbsp;0.7&nbsp;мм <span class=art>арт. 40001</span>|<UL><LI>Корпус изготовлен из ударопрочного ABS пластика.<LI>Малый вес, компактность размеров, мягкий спусковой механизм.<LI>Металлическая ручка с режимом блокирования для хранения/транспортировки.<LI>Имеется окошко—индикатор наличия скоб.||/img/pic/strhoz/small/ART-40001.jpg|/img/pic/strhoz/big/ART-40001.jpg
 1|Степлер мебельный металлический универсальный|188|40004  |948,00|920,00|895,00||| БАРС "3&nbsp;в&nbsp;1", 6&nbsp;—&nbsp;14&nbsp;мм <span class=art>арт. 40004</span>|<UL><LI>Используется с крепежом 3 типов: <b>53</b>&nbsp;—&nbsp;скобы; <b>300</b>&nbsp;—&nbsp;гвозди; <b>500</b>&nbsp;—&nbsp;штифты.<LI>Металлическая рукоятка с анатомическими накладками из резины и пластика.<LI>Плавная регулировка силы удара; быстрая загрузка скоб; рабочий ресурс&nbsp;—&nbsp;75&nbsp;000&nbsp;ударов.</UL>||/img/pic/strhoz/small/ART-40004.jpg|/img/pic/strhoz/big/ART-40004.jpg
 1|Степлер мебельный                            |188|643103 |555,00|535,00|520,00||| STELGRIT для скоб тип 53: 4—14&nbsp;мм&nbsp;х&nbsp;0.7&nbsp;мм <span class=art>арт. 643103</span>|<UL><LI>Степлер изготовлен из металла, хромирован.<LI>Пружинный ударный механизм с поглощающей резиновой вставкой для смягчения удара на руку.<LI>Имеется инструкция по применению.||/img/pic/strhoz/small/ART-643103.jpg|/img/pic/strhoz/big/ART-643103.jpg
 1|Степлер мебельный                            |188|TP-5560|625,00|590,00|580,00||| MiLES (Индия) <span class=art>арт. TP-5560</span>|<UL><LI>Легкий скобозабивной пистолет <b>"3&nbsp;в&nbsp;1"</b>.<LI>Прочный корпус из ABS пластика с мощным металлическим механизмом и металлической ручкой.<LI>Регулятор силы удара; индикатор наличия скоб; блокирование ручки для хранения.<LI><b>Скобы</b>:&nbsp;тип&nbsp;53,&nbsp;6—14&nbsp;мм. <b>Гвозди</b>:&nbsp;12—14&nbsp;мм. <b>Штифты</b>:&nbsp;14&nbsp;мм.</UL>||/img/pic/strhoz/small/ART-TP5560.jpg|/img/pic/strhoz/big/ART-TP5560.jpg
 1|Скоба для степлера                           |188|       | 29,00| 26,00| 24,00|norow|Скобы для степлера каленые|, тип 53|Тип скобы 53 (№3 по классификации MiLES): толщина&nbsp;0,7&nbsp;мм, ширина&nbsp;11,4&nbsp;мм, глубина&nbsp;от&nbsp;4 до&nbsp;14&nbsp;мм.<br>Цена за упаковку 1000 шт.||/img/pic/strhoz/small/655002_2.jpg|/img/pic/strhoz/big/655002_2.jpg
 0|Скоба для степлера,  6 мм, MATRIX            |188|41116  | 29.00| 27,00| 25,00
 0|Скоба для степлера,  6 мм, Stelgrit          |188|655001 | 33,00| 31,00| 29,00
 0|Скоба для степлера,  8 мм, MATRIX            |188|41118  | 34.00| 32,00| 30,00
 0|Скоба для степлера,  8 мм, Stelgrit          |188|655002 | 42,00| 40,00| 38,00
 0|Скоба для степлера,  8 мм, MiLES             |188|SM0853 | 42,00| 40,00| 38,00
 0|Скоба для степлера, 10 мм, MATRIX            |188|41120  | 36.00| 34,00| 32,00
 0|Скоба для степлера, 10 мм, Stelgrit          |188|655003 | 59,00| 55,00| 52,00
 0|Скоба для степлера, 10 мм, MiLES             |188|SM1053 | 59,00| 55,00| 52,00
 0|Скоба для степлера, 12 мм, MATRIX            |188|41122  | 42.00| 40,00| 38,00
 0|Скоба для степлера, 12 мм, Stelgrit          |188|655004 | 66,00| 62,00| 58,00
 0|Скоба для степлера, 12 мм, MiLES             |188|SM1253 | 69,00| 66,00| 64,00
 0|Скоба для степлера, 14 мм, MATRIX            |188|41124  | 49.00| 46,00| 44,00
 0|Скоба для степлера, 14 мм, MiLES             |188|SM1453 | 72,00| 68,00| 64,00
#1|Скоба для степлера,            |188|      | 29,00| 26,00| 24,00|norow|Скобы для степлера каленые|, тип 53, Stelgrit|<br>Цена за упаковку 1000 шт.||/img/pic/strhoz/small/655002_2.jpg|/img/pic/strhoz/big/655002_2.jpg
#0|Скоба для степлера,  6 х 0.7 мм|188|655001| 29,00| 26,00| 24,00
#0|Скоба для степлера,  8 х 0.7 мм|188|655002| 42,00| 40,00| 38,00
#0|Скоба для степлера, 10 х 0.7 мм|188|655003| 59,00| 55,00| 52,00
#0|Скоба для степлера, 12 х 0.7 мм|188|655004| 66,00| 62,00| 58,00
#1|Скоба для степлера,  8 мм      |188|SM0853| 42,00| 40,00| 38,00||Скобы для степлера|, тип 53, MiLES|Тип скобы 53 (№3 по классификации MiLES): толщина&nbsp;0,7&nbsp;мм, ширина&nbsp;11,4&nbsp;мм, глубина&nbsp;от&nbsp;4 до&nbsp;14&nbsp;мм.<br>Цена за упаковку 1000 шт.||/img/pic/strhoz/small/Scoby_MiLES.jpg|/img/pic/strhoz/big/jpg
#0|Скоба для степлера, 10 мм      |188|SM1053| 59,00| 55,00| 52,00
#0|Скоба для степлера, 12 мм      |188|SM1253| 66,00| 62,00| 58,00
#0|Скоба для степлера, 14 мм      |188|SM1453| 72,00| 68,00| 64,00
#1|Скоба для степлера,  6 мм|188|41116 |23.00|20|19||Скобы для степлера|, тип 53, MATRIX|Тип скобы 53: толщина&nbsp;0,7&nbsp;мм, ширина&nbsp;11,4&nbsp;мм, глубина&nbsp;от&nbsp;4 до&nbsp;14&nbsp;мм.<br>Цена за упаковку 1000 шт.||/img/pic/strhoz/small/Scoby.jpg|/img/pic/strhoz/big/Scoby.jpg
#0|Скоба для степлера,  8 мм|188|41118 |25.00|22|20
#0|Скоба для степлера, 10 мм|188|41120 |29.00|26|23
#0|Скоба для степлера, 12 мм|188|41122 |36.00|33|31
#0|Скоба для степлера, 14 мм|188|41124 |39.00|36|33
#1|Степлер мебельный|188|41003  |545,00|530,00|520,00||| GROSS <span class=art>арт. 41003</span>|<UL><LI>Корпус из высокопрочного пластика, обрезиненная рукоятка с горизонтальной фиксацией.<LI>Регулировка усилия забивания скобы.<LI>Применяется в работах по обивке мебели, фиксации низковольтных кабелей и т.д. Профессиональное использование.<LI><b>Тип скобы</b>: 13 и 53, размером 6—16&nbsp;мм.<LI><b>Тип гвоздя</b>: 300, размером 16&nbsp;мм.</UL>||/img/pic/strhoz/small/STEPLER GROSS.jpg|/img/pic/strhoz/big/STEPLER GROSS.jpg
#1|Степлер мебельный|188||298.00|288|||| MATRIX Standard <span class=art>арт. 40902</span>|<b>Тип скобы</b>: 53, размером 6—14 мм||/img/pic/instr/small/STEPLER standart A.jpg|/img/pic/instr/big/STEPLER standart A.jpg
#1|Степлер мебельный|188||369.00|355|||| MATRIX Professional <span class=art>арт. 40913</span>|<UL><LI>Изготовлен из хромированной стали, имеет функцию ускоренной загрузки скоб.<LI>Оснащен двухпозиционным контролем силы удара и глубины забивания скоб.</UL><p><span class="addt"><b>Тип скобы</b>: 13, 53, 300, размером 6—14&nbsp;мм||/img/pic/strhoz/small/Stepler.jpg|/img/pic/strhoz/big/Stepler.jpg

1|Крюк для вязки арматуры автоматический|238|848805|635|600|580||| SPARTA <span class=art>арт. 848805</span>|Легкая конструкция из алюминиевого сплава.||/img/pic/strhoz/small/kruk.jpg|/img/pic/strhoz/big/kruk.jpg

# 103 / 396|Шланги поливочные
 1|Шланг ПВХ 3-слойный армированный 3/4&Prime;, 15&nbsp;м|103|67437 | 395| 380| 370|396||Шланги ПВХ поливочные| 3/4&Prime;, <strong>3-слойные армированные</strong> "Садовод"|Шланги изготовлены из поливинилхлорида, устойчивы к воздействию солнечных лучей, не подвержены гниению. Не содержат вредных химических элементов. Рабочее давление 5 бар.<br>Цена за 1 шт.||/img/pic/strhoz/small/Shlang67437.jpg|/img/pic/strhoz/big/Shlang67437.png
 0|Шланг ПВХ 3-слойный армированный 3/4&Prime;, 25&nbsp;м|103|67438 | 535| 520| 495|396|
 1|Шланг ПВХ армированный усиленный 3/4&Prime;, 25&nbsp;м|103|OR3425| 975| 960| 950|396||Шланги ПВХ поливочные| 3/4&Prime;, <strong>армированные усиленные</strong> "YARD"|Шланг изготовлен из поливинилхлорида, армирован полиамидной нитью.<br>Цена за 1 шт.||/img/pic/strhoz/small/schlang-pvh-yard.jpg|/img/pic/strhoz/big/jpg
 0|Шланг ПВХ армированный усиленный 3/4&Prime;, 50&nbsp;м|103|OR3450|1590|1520|1490|396|
 1|Коннектор для шланга быстрозащелкивающийся            |103|12722 | 145| 135| 128|396||| 3/4&Prime; Аквастоп TRUPER CLICK-ACC 12722, "мама-папа" <span class=art>арт. 12722</span>|||/img/pic/strhoz/small/T12722.jpg|/img/pic/strhoz/big/T12722.jpg
 1|Коннектор для шланга                                  |103|12708 | 275| 260| 250|396||| TRUPER CFM-3/4B, латунный, 3/4&Prime;, "мама-папа" <span class=art>арт. 12708</span>|||/img/pic/strhoz/small/T12708.jpg|/img/pic/strhoz/big/T12708.jpg
 1|Распылитель садовый металлический|103|18477 | 520| 495| 480|396||| TRUPER PR-208 <span class=art>арт. 18477</span>|<UL><LI>удобная прорезиненная ручка<LI>8 режимов работы</UL>||/img/pic/strhoz/small/t18477.png|/img/pic/strhoz/big/t18477.png
 1|Распылитель садовый металлический|103|18475 | 460| 440| 420|396||| TRUPER PR-201 <span class=art>арт. 18475</span>|<UL><LI>удобная прорезиненная ручка</UL>||/img/pic/strhoz/small/t18475.png|/img/pic/strhoz/big/t18475.png
 1|Распылитель садовый пластиковый  |103|18482 | 290| 280| 270|396||| TRUPER PR-409 <span class=art>арт. 18482</span>|<UL><LI>9 режимов работы</UL>||/img/pic/strhoz/small/t18482.png|/img/pic/strhoz/big/t18482.png
#1|Шланг ПВХ армированный усиленный 3/4&Prime;, 50&nbsp;м|103|67475 | 795| 780| 760|396|norow|Шланги ПВХ поливочные| 3/4&Prime;, <strong>армированные</strong> PALISAD|Цена за 1 шт. с учетом НДС.||/img/pic/strhoz/small/Shlang polivochny.jpg|/img/pic/strhoz/big/Shlang polivochny.jpg
#0|Шланг ПВХ армированный           3/4&Prime;, 15&nbsp;м|103|67476 | 795| 780| 760|396
#0|Шланг ПВХ армированный           3/4&Prime;, 30&nbsp;м|103|67478 |1590|1520|1490|396|norow
#0|Шланг ПВХ армированный           3/4&Prime;, 50&nbsp;м|103|67479 |1590|1520|1490|396

1|Гидроуровень со шкалой, 8 мм, &nbsp; 7&nbsp;м|108|37063|155|148|138||Гидроуровни со шкалой| "БАРС" (Россия)|<UL><LI>удлиненная колба<LI>рельефная градуировка</UL>||/img/pic/strhoz/small/Gidrouroven.jpg|/img/pic/strhoz/big/Gidrouroven.jpg
0|Гидроуровень со шкалой, 8 мм,       10&nbsp;м|108|37064|175|167|158
0|Гидроуровень со шкалой, 8 мм,       15&nbsp;м|108|37066|210|198|190
0|Гидроуровень со шкалой, 8 мм,       20&nbsp;м|108|37067|235|222|218
0|Гидроуровень со шкалой, 8 мм,       25&nbsp;м|108|37069|285|275|270
1|Отвес конусный 100 г, шнур 5 м      |108|84831/14-3-101| 95| 90| 88||Отвесы конусные| MATRIX / HOBBI|<UL><LI>Груз изготовлен из стали и имеет оцинкованное покрытие.<LI>Длина шнура 5 м.</UL>||/img/pic/strhoz/small/Otves konus.jpg|/img/pic/strhoz/big/Otves konus.jpg
0|Отвес конусный 200 г, шнур 5 м      |108|84832/14-3-102|105| 99| 94
0|Отвес конусный 300 г, шнур 5 м      |108|84833/14-3-103|115|109|102
0|Отвес конусный 400 г, шнур 5 м      |108|84834/14-3-104|125|115|110

1|Маркер перманентный промышленный|109|Е-140- | 72,00| 69,00| 64,00||| толщина линии 0,3&nbsp;мм:<table cellpadding=0 cellspacing=0 border=0><tr><td>красный<td class=art>арт. Е-140-2<tr><td>черный<td class=art>арт. Е-140-1</table>|Керамика, кафель, стекло, пластик, пленки, картон, металл||/img/pic/strhoz/small/Marker E-140 line 03.jpg|/img/pic/strhoz/big/Marker E-140 line 03.jpg
1|Маркер перманентный промышленный|109|Е-141- | 72,00| 69,00| 64,00||| толщина линии 0,6&nbsp;мм:<table cellpadding=0 cellspacing=0 border=0><tr><td>черный<td class=art>арт. Е-141-1<tr><td>красный<td class=art>арт. Е-141-2<tr><td>зеленый<td class=art>арт. Е141-4<tr><td>желтый<td class=art>арт. Е141-5</table>|Керамика, кафель, стекло, пластик, пленки, картон, металл||/img/pic/strhoz/small/Marker E-141 line 06.jpg|/img/pic/strhoz/big/Marker E-141 line 06.jpg
1|Маркер перманентный промышленный|109|Е-8300-|109,00|102,00| 98,00||| толщина линии 1,5-3,0&nbsp;мм:<table cellpadding=0 cellspacing=0 border=0><tr><td>красный<td class=art>арт. Е-8300-2<tr><td>черный<td class=art>арт. Е-8300-1</table>|Металл, ржавый металл, дерево, бетон, крипич, камень,керамика, кафель, стекло, пластик, пленки, картон||/img/pic/strhoz/small/Marker E-8300 white.jpg|/img/pic/strhoz/big/Marker E-8300 white.jpg
1|Маркер перманентный промышленный|109|Е-8750-|179,00|172,00|168,00||| толщина линии 2,0-4,0&nbsp;мм:<table cellpadding=0 cellspacing=0 border=0><tr><td>белый<td class=art>арт. Е-8750-49<tr><td>желтый<td class=art>арт. Е-8750-5-YEL<tr><td>красный<td class=art>арт. Е-8750-2-RED<tr><td>черный<td class=art>арт. Е-8750-1-BLK</table>|Металл, ржавый металл, дерево, бетон, крипич, камень,керамика, кафель, стекло, пластик, пленки, картон||/img/pic/strhoz/small/Marker E-8750 white.jpg|/img/pic/strhoz/big/Marker E-8750 white.jpg
1|Маркер перманентный             |109|AD8004 | 19,90| 19,00| 18,80||| "BEIFA" черный <span class=art>арт. AD8004</span>|||/img/pic/strhoz/small/Marker BEIFA.jpg|/img/pic/strhoz/big/Marker BEIFA.jpg
1|Мелок                          |109|L4911100| 28,00| 25,00| 22,00||| для БЕТОНА 20&nbsp;&#215;&nbsp;20&nbsp;&#215;&nbsp;100&nbsp;мм <span class=art>арт. L4911100</span>|Цена за 1 шт.||/img/pic/strhoz/small/MEL--po BETONU.jpg|/img/pic/strhoz/big/MEL--po BETONU.jpg
1|Мел белый                      |109|AF538700| 88,00| 82,00| 78,00||| GIOTTO d.&nbsp;10&nbsp;&#215;&nbsp;100&nbsp;мм <span class=art>арт. AF538700</span>|Цена за упаковку 10 шт.||/img/pic/strhoz/small/MEL---GIOTTO-upakovka.jpg|/img/pic/strhoz/big/MEL---GIOTTO-upakovka.jpg

#1|Карандаш малярный SPARTA 180 мм   |231|848045  |49.00|45|42||Карандаши малярные| 180&nbsp;мм|Малярный карандаш имеет мягкий грифель, который оставляет четкий след. Овальная форма карандаша исключает скатывание с наклонной поверхности.<br>Цена за упаковку 12 карандашей||/img/pic/strhoz/small/KARANDASH MALIARNY.jpg|/img/pic/strhoz/big/KARANDASH MALIARNY.jpg
#1|Карандаш малярный REMOCOLOR 180 мм|231|13-0-018|49.00|45|42||Карандаши малярные| REMOCOLOR|Малярный карандаш имеет мягкий грифель, который оставляет четкий след. Овальная форма карандаша исключает скатывание с наклонной поверхности.<br>Цена за упаковку 12 карандашей||/img/pic/strhoz/small/KARANDASH MALIARNY.jpg|/img/pic/strhoz/big/KARANDASH MALIARNY.jpg
#0|Карандаш малярный REMOCOLOR 250 мм|231|13-0-025|99.00|94|89
1|Карандаш малярный 180 мм         |231|848045  | 89| 82| 78||Карандаши малярные||Малярный карандаш имеет мягкий грифель, который оставляет четкий след. Овальная форма карандаша исключает скатывание с наклонной поверхности.<br>Цена за упаковку 12 карандашей||/img/pic/strhoz/small/KARANDASH MALIARNY.jpg|/img/pic/strhoz/big/KARANDASH MALIARNY.jpg
0|Карандаш малярный 180 мм         |231|13-0-018| 89| 82| 78
0|Карандаш малярный 250 мм         |231|13-0-025|135|129|125
1|Шнур разметочный                 |231|848515  | 65| 60| 58|norow|| 15&nbsp;м SPARTA <span class=art>арт. 848515</span>|Пластмассовый обрезиненный корпус.||/img/pic/strhoz/small/shnur_sparta.jpg|/img/pic/strhoz/big/shnur_sparta.jpg
0|Шнур разметочный 15&nbsp;м SPARTA|231|848515  | 79| 72| 68|
1|Шнур разметочный 20&nbsp;м HOBBI |231|14-0-040|149|142|138||Шнур разметочный||Предназначен для нанесения вертикальной и горизонтальной разметки при проведении строительных и отделочных работ. Также может использоваться в качестве отвеса.<UL><LI>пластмассовый обрезиненный корпус<LI>порошок мел красный 115 г</UL>||/img/pic/strhoz/small/SHNUR RAZMETOCHNY.jpg|/img/pic/strhoz/big/SHNUR RAZMETOCHNY.jpg
0|Шнур разметочный 30&nbsp;м MATRIX|231|84855   |198|189|185
1|Порошок меловой красный MATRIX   |231|84858   | 65| 60| 50||Порошок меловой| для разметочных шнуров, 115&nbsp;г|||/img/pic/strhoz/small/mel_matrix.jpg|/img/pic/strhoz/big/mel_matrix.jpg
0|Порошок меловой красный HOBBI    |231|14-1-004| 65| 60| 50
0|Порошок меловой синий   MATRIX   |231|84860   | 65| 60| 50
0|Порошок меловой синий   HOBBI    |231|14-1-003| 65| 60| 50

1|Сумка-мешок поясная|224|11516|465|450|440||| для гвоздей и мелких инструментов, 22.5 х 30 см, TRUPER POR-CLA <span class=art>арт. 11516</span>|<UL><LI>2 отделения.<LI>Изготовлена из кожи толщиной 1.2 мм.<LI>Пр-во Индия.</UL>||/img/pic/strhoz/small/11516.jpg|/img/pic/strhoz/big/11516.jpg
1|Сумка поясная для инструментов|224|11537|1395|1360|1330|||, 49 х 24 см, TRUPER POCA-13 <span class=art>арт. 11537</span>|<UL><LI>13 отделений для хранения ручного инструмента.<LI>Изготовлена из кожи Буффало толщиной 1.7 мм.<LI>Пр-во Индия.</UL>||/img/pic/strhoz/small/11537.jpg|/img/pic/strhoz/big/11537.jpg
1|Сумки для инструмента|224|17104|1390|1330|1290|norow|| TRUPER|<UL><LI>высокопрочный материал<LI>жесткий каркас<LI>ремень для переноски</UL>||/img/pic/strhoz/small/17104-male-20.jpg|/img/pic/strhoz/big/17104-male-20.jpg
0|Сумка для инструмента TRUPER MALE-18, длина 46 см|224|17103|1420|1390|1370
0|Сумка для инструмента TRUPER MALE-20, длина 51 см|224|17104|1490|1430|1390
1|Ящик пластиковый 420 х 220 х 180 мм (17&Prime;)|224|90704|388|388|388|sale1|Ящики для инструмента пластиковые| STELS|<UL><LI>Изготовлены из полипропилена.<LI>Два встроенных органайзера с крышкой.<LI>Предназначены для хранения и транспортировки инструментов, расходных материалов и крепежных изделий.</UL>||/img/pic/strhoz/small/box STELS.jpg|/img/pic/strhoz/big/box STELS.jpg
0|Ящик пластиковый 500 х 260 х 260 мм (20&Prime;)|224|90705|499|499|499
0|Ящик пластиковый 590 х 300 х 300 мм (24&Prime;)|224|90706|670|670|670
#1|Сумка для инструмента|224|90251|||299|sale1|| MATRIX<br>14 карманов, 315 х 215 х 225 мм <span class=art>арт. 90251</span>|||/img/pic/strhoz/small/SUMKA DLYA INSTR.jpg|/img/pic/strhoz/big/SUMKA DLYA INSTR.jpg
#1|Сумка для инструмента|224|90252|||544|sale1|| MATRIX<br>18 карманов, 510 х 210 х 360 мм <span class=art>арт. 90252</span>|||/img/pic/strhoz/small/90252.jpg|/img/pic/strhoz/big/SUMKA DLYA INSTR.jpg
#1|Сумка для инструмента|224|90256|||655|sale1|| MATRIX<br>32 кармана, 460 х 280 х 305 мм, ремень <span class=art>арт. 90256</span>|||/img/pic/strhoz/small/SUMKA BIG.jpg|/img/pic/strhoz/big/SUMKA BIG.jpg
#1|Ящик металлический 284 х 160 х  78 мм|224||390||Ящики для инструмента| металлические|Предназначены для хранения и транспортировки инструментов, расходных материалов и крепежных изделий.||/img/pic/strhoz/small/JAschik METALL.jpg|/img/pic/strhoz/big/JAschik METALL.jpg
#0|Ящик металлический 410 х 154 х  95 мм|224||490
#0|Ящик металлический 484 х 154 х 165 мм|224||680

################################
1|Ящик пластиковый 420 х 220 х 180 мм (17&Prime;)|346|90704|388||Ящики для инструмента пластиковые| STELS|<UL><LI>Изготовлены из полипропилена.<LI>Два встроенных органайзера с крышкой.<LI>Предназначены для хранения и транспортировки инструментов, расходных материалов и крепежных изделий.</UL>||/img/pic/strhoz/small/box STELS.jpg|/img/pic/strhoz/big/box STELS.jpg
0|Ящик пластиковый 500 х 260 х 260 мм (20&Prime;)|346|90705|499
0|Ящик пластиковый 590 х 300 х 300 мм (24&Prime;)|346|90706|670
#1|Сумка для инструмента|346||299||| MATRIX<br>14 карманов, 315 х 215 х 225 мм <span class=art>арт. 90251</span>|||/img/pic/strhoz/small/SUMKA DLYA INSTR.jpg|/img/pic/strhoz/big/SUMKA DLYA INSTR.jpg
#1|Сумка для инструмента|346||544||| MATRIX<br>18 карманов, 510 х 210 х 360 мм <span class=art>арт. 90252</span>|||/img/pic/strhoz/small/90252.jpg|/img/pic/strhoz/big/SUMKA DLYA INSTR.jpg
#1|Сумка для инструмента|346||655||| MATRIX<br>32 кармана, 460 х 280 х 305 мм, ремень <span class=art>арт. 90256</span>|||/img/pic/strhoz/small/SUMKA BIG.jpg|/img/pic/strhoz/big/SUMKA BIG.jpg

# 208->397|Мешок для мусора
 1|Мешок для мусора                                       |208|BG5595| 8,60| 8.00| 7,60|397||| 55&nbsp;x&nbsp;95&nbsp;см, 50&nbsp;кг, полипропиленовый зеленый <span class=art>арт. BG5595</span>|Цена за 1 шт.||/img/pic/strhoz/small/garbage.jpg|/img/pic/strhoz/big/garbage.jpg
 1|Мешок для мусора, 120 литров, 70 x 110 см, 30 мкм, 40 г|208|TB1   | 5,95| 5,70| 5,50|397||Мешки для мусора| из полиэтилена высокого давления (ПВД), черные, толщина пленки 30&nbsp;-&nbsp;50&nbsp;мкм|<br>Цена за 1 шт.||/img/pic/strhoz/small/garbage-pvd3.jpg|/img/pic/strhoz/big/jpg
 0|Мешок для мусора, 120 литров, 70 x 110 см, 50 мкм, 72 г|208|TB2   | 8,90| 8,60| 8,25|397|
 0|Мешок для мусора, 180 литров, 90 x 110 см, 45 мкм, 84 г|208|TB3   | 9,90| 9,50| 9,20|397
#0|Мешок для мусора, 120 литров, 70 x 110 см, 40 мкм, 56 г|208|V-01  | 6,80| 6,50| 6,20|397|
#0|Мешок для мусора, 180 литров, 90 x 110 см, 40 мкм, 75 г|208|V-02  | 7,90| 7,50| 7,20|397
 1|Пакет для мусора ELFE серый 30 л (упак. 30 шт.)        |208|92703 |16,00|15,00|14,50|397||Пакеты для мусора| ELFE|<br>Цена за упаковку.||/img/pic/strhoz/small/garbage-elfe.jpg|/img/pic/strhoz/big/jpg
 0|Пакет для мусора ELFE серый 30 л (упак. 50 шт.)        |208|92707 |29,00|26,00|25,00|397
 0|Пакет для мусора ELFE серый 60 л (упак. 50 шт.)        |208|92712 |65,00|62,00|59,00|397

1|Лента оградительная 50&nbsp;мм&nbsp;x&nbsp;200&nbsp;м|114|LO-50-200|115|105| 95||Лента сигнальная| красно-белая|||/img/pic/strhoz/small/Signalnaja lenta.jpg|/img/pic/strhoz/big/Signalnaja lenta.jpg
0|Лента оградительная 75&nbsp;мм&nbsp;x&nbsp;250&nbsp;м|114|LO-250-01|135|125|115
1|Нить капрновая (шнур), цвет белый, &nbsp; &nbsp; 50 м|114|NC-W050|21|19|18||Шнурка строительная||||/img/pic/strhoz/small/shnurka stroitelnaja.jpg|/img/pic/strhoz/big/shnurka stroitelnaja.jpg
0|Нить капрновая (шнур), цвет белый,      &nbsp;  100 м|114|NC-W100|29|26|25|
0|Нить капрновая (шнур), цвет черный,       &nbsp; 50 м|114|NC-B050|21|19|18|
0|Нить капрновая (шнур), цвет черный,             100 м|114|NC-B100|29|26|25|
0|Шнур строительный KS, цвет белый,                50 м|114|KS-50B |21|19|18
#1|Лента барьерная|114||75.00|69.00||| 75&nbsp;мм&nbsp;x&nbsp;100&nbsp;м "CYCLONE"|||/img/pic/strhoz/small/Bariernaja lenta CYCLONE.jpg|/img/pic/strhoz/big/Bariernaja lenta CYCLONE.jpg
#1|Лента сигнальная|114||109.00|95.00||| красно-белая 50&nbsp;мм&nbsp;x&nbsp;200&nbsp;м|||/img/pic/strhoz/small/Signalnaja lenta.jpg|/img/pic/strhoz/big/Signalnaja lenta.jpg

#1|Скотч прозрачный 48&nbsp;мм&nbsp;x&nbsp; 66&nbsp;м;&nbsp;43&nbsp;мкм|115|TR6636/TR6672|36|32|30||Скотч|, ширина 48&nbsp;мм, толщина 43&nbsp;мкм|Цена за один ролик.||/img/pic/strhoz/small/Scotch prozrach.jpg|/img/pic/strhoz/big/Scotch prozrach.jpg
 1|Скотч прозрачный 48&nbsp;мм&nbsp;x&nbsp; 66&nbsp;м;&nbsp;43&nbsp;мкм|115|TR6636/TR6672| 36| 32| 30|norow|Скотч строительный||<br>Цена за один ролик.||/img/pic/strhoz/small/Scotch prozrach.jpg|/img/pic/strhoz/big/Scotch prozrach.jpg
~0|Скотч прозрачный 43&nbsp;мкм; 48&nbsp;мм&nbsp;x&nbsp;66&nbsp;м (36) |115|TR6636       | 39| 36| 34
~0|Скотч прозрачный 43&nbsp;мкм; 48&nbsp;мм&nbsp;x&nbsp;66&nbsp;м (72) |115|TR6672       | 36| 32| 30
 0|Скотч BROWN      43&nbsp;мкм; 48&nbsp;мм&nbsp;x&nbsp;66&nbsp;м (36) |115|TB06636      | 36| 32| 30
~0|Скотч алюминиевый 50&nbsp;мм&nbsp;x&nbsp;50&nbsp;м                  |115|88815        |265|245|225
#0|Скотч коричневый 43&nbsp;мкм; 48&nbsp;мм&nbsp;x&nbsp;66&nbsp;м;|115|TTB66/TB06636|36|32|30
#0|Скотч коричневый 48&nbsp;мм&nbsp;x&nbsp;120&nbsp;м;&nbsp;43&nbsp;мкм|115|TB12024|69.00|-
#0|Скотч коричневый 48&nbsp;мм&nbsp;x&nbsp; 66&nbsp;м;&nbsp;43&nbsp;мкм TORNADO|115|TTB66|35.00|-
#1|Скотч 50&nbsp;мм&nbsp;x&nbsp;50&nbsp;м|115|88815|225|205|195||| алюминиевый <span class=art>арт. 88815</span>|Лента клейкая алюминиевая - алюминиевый скотч - представляет из себя фольгу с нанесенным на нее клеевым слоем. Применяется для соединения металлизированных поверхностей, ремонта воздухопроводов, в строительстве бань и саун, монтажных вентиляционных работах и т.п.<span class="addt">Цена за один ролик.||/img/pic/strhoz/small/88815.jpg|/img/pic/strhoz/big/jpg
#0|Скотч|115|T|35|35|35|norow
#1|Скотч армированный 50&nbsp;мм&nbsp;x&nbsp; 10&nbsp;м|115|02-0-9-502|75.00|69||Скотч армированный серый| CYCLONE|Армированная лента &mdash; это односторонняя клейкая лента на полипропиленовой основе, армированная продольно и поперечно полиэстровым тканевым волокном, покрытым специальным слоем высококачественного клея hot melt.<DL><DT>Толщина пленки: <DD>80 мкм<DT>Плотность клеевого слоя: <DD>45 г / кв. м<DT>Клейкость к стали: <DD>17,4 Н / 25 мм<DT>Удлинение при разрыве: <DD>170 &plusmn; 5%<DT>Термоустойчивость: <DD>60 &deg; С</DL><p><span class="addt">Цена за один ролик.||/img/pic/strhoz/small/Scotch ARMIROVANY.jpg|/img/pic/strhoz/big/Scotch ARMIROVANY.jpg
#0|Скотч армированный 50&nbsp;мм&nbsp;x&nbsp; 25&nbsp;м|115|02-0-9-504|105.00| 98
#0|Скотч армированный 50&nbsp;мм&nbsp;x&nbsp; 50&nbsp;м|115|02-0-9-503|195.00|185
#0|Скотч армированный (серебро) 48&nbsp;мм&nbsp;x&nbsp;50&nbsp;м|115|88889|315|305|295
#1|Скотч армированный 48&nbsp;мм&nbsp;x&nbsp;50&nbsp;м|115|88889|315|305|295||| (серебро) <span class=art>арт. 88889</span>|Лента клейкая армированная алюминием обеспечивает надежное соединение стыков и швов при термоизоляции. Термостойкая и морозоустойчивая. Может использоваться в банях, саунах, системах кондиционирования.<span class="addt">Цена за один ролик.||/img/pic/strhoz/small/88889.jpg|/img/pic/strhoz/big/jpg
#0|Скотч|115|T|35|35|35|norow
~1|Скотч лента малярная 48&nbsp;мм&nbsp;x&nbsp;24&nbsp;м               |115|TM2436       | 49| 47| 44||Скотч малярный||<br>Цена за один ролик.||/img/pic/strhoz/small/SCOTCH Maljarny.jpg|/img/pic/strhoz/big/SCOTCH Maljarny.jpg
~0|Скотч лента малярная 48&nbsp;мм&nbsp;x&nbsp;47&nbsp;м               |115|TM4736/4724  | 99| 94| 89
~1|Лента армированная клейкая KIM TEC 48&nbsp;мм&nbsp;x&nbsp;45&nbsp;м |115|08-06-64     |225|210|205||Лента армированная клейкая черная| KIM TEC 48&nbsp;мм&nbsp;x&nbsp;45&nbsp;м <span class=art>арт. 08-06-64</span>|Полиэтиленовая лента на текстильной основе, покрыта специальным слоем высококачественного клея hot melt.<UL><LI>Лента армированная KIM TEC отличается стойкостью к воде и трению, хорошо прилипает к любой поверхности.<LI>Лента легко и ровно разрывается руками, нет необходимости в использовании ножа или ножниц.</UL>||/img/pic/strhoz/small/08-06-64.jpg|/img/pic/strhoz/big/08-06-64.jpg
~1|Лента ZIGGER двусторонняя 50 мм х 25 м на тканевой основе           |115|07-04-23     |215|205|198||Лента двусторонняя на тканевой основе| ZIGGER 50&nbsp;мм&nbsp;x&nbsp;25&nbsp;м <span class=art>арт. 07-04-23</span>|Лента ZIGGER двусторонняя применяется для склеивания твердых поверхностей, для фиксации деталей и элементов интерьера, для монтажа и временной фиксации легких конструкций.||/img/pic/strhoz/small/07-04-23.jpg|/img/pic/strhoz/big/07-04-23.jpg
 1|Пленка-стрейч, ролик весом 1.0&nbsp;кг                              |115|STR01        |249|239|229||Стрейч &mdash; паллетная пленка|, ширина 500&nbsp;мм, толщина 17&nbsp;мкм|<br>Цена за один ролик.||/img/pic/strhoz/small/STRECH_PLENKA.jpg|/img/pic/strhoz/big/STRECH_PLENKA.jpg
 0|Пленка-стрейч, ролик весом 1.8&nbsp;кг                              |115|STR18        |410|395|385
 1|Сетка (лента) самоклеящаяся &nbsp; 50 мм x&nbsp; 45 м, MATRIX        |115|89002        | 94| 90| 85| norow|Стеклотканевая самоклеящаяся лента из стекловолокна| (СЕРПЯНКА)|Стеклотканевая самоклеящаяся лента (серпянка) из стекловолокна служит как армирующий элемент при отделочных работах.<DL><DT>Размер ячеек, мм: <DD>2,5 х 2,5<DT>Масса, г / кв. м: <DD>50 &plusmn; 5</DL><p><span class="addt">Цена за один рулон.||/img/pic/strhoz/small/Steklosetka-lenta.jpg|/img/pic/strhoz/big/Steklosetka-lenta.jpg
 0|Сетка (лента) самоклеящаяся &nbsp; 50 мм x&nbsp; 90 м, REMOCOLOR     |115|49-4-390     |210|200|190
 0|Сетка (лента) самоклеящаяся &nbsp; 50 мм x&nbsp; 90 м, MATRIX        |115|89004        |210|200|190
 0|Сетка (лента) самоклеящаяся       100 мм x&nbsp; 90 м, MATRIX        |115|89012        |395|380|370
 0|Сетка (лента) самоклеящаяся       150 мм x&nbsp; 90 м, MATRIX        |115|89016        |485|465|450
 0|Сетка (лента) самоклеящаяся       230 мм x&nbsp; 20 м, STURM         |115|06-04-32     |390|380|370

# 177|Изолента
~1|Изолента ПВХ             |177|IS-   | 9,90| 9,50| 9,20||norow|| 15&nbsp;мм синяя, черная, красная, белая, зеленая, желтая <span class=art>арт. IS-</span>|||/img/pic/strhoz/small/IZOLENTA PVH NEW.jpg|/img/pic/strhoz/big/IZOLENTA PVH NEW.jpg
#0|Изолента ПВХ             |177|IS-   | 8,50| 8.20| 7.90||
 1|Изолента ПВХ 15 мм x 20 м|177|IS-YG |46.00|42.00|39.80|||Изолента ПВХ| желто-зеленая|||/img/pic/strhoz/small/IS.jpg|/img/pic/strhoz/big/IS.jpg
 0|Изолента ПВХ 19 мм x 20 м|177|YG19  |54.00|50.00|48.00|
#1|Изолента ПВХ             |177|IS-YG |46.00|42.00|39.80|||| 15&nbsp;мм x 20&nbsp;м желто-зеленая <span class=art>арт. IS-YG</span>|||/img/pic/strhoz/small/IS.jpg|/img/pic/strhoz/big/IS.jpg
#1|Изолента  ХБ             |177|ISHB90|19,00|17,00|17,00|||| 90&nbsp;гр <span class=art>арт. ISHB90</span>|||/img/pic/strhoz/small/Izolenta HB.jpg|/img/pic/strhoz/big/Izolenta HB.jpg
~1|Изолента  ХБ             |177|HBB300|94,00|88,00|84,00|||| двухсторонняя 300&nbsp;гр ГОСТ 2162-78 <span class=art>арт. HBB300</span>|Напряжение пробоя не менее 1000 В, если нет контакта с агрессивными средами (воздействие влаги, солей, растворителей). Диапазон рабочих температур от -30° С до +100° С||/img/pic/strhoz/small/lenta_hb.jpg|/img/pic/strhoz/big/jpg

# 412|Уплотнитель
 1|Бытовой б|за 1 бобину                |412|04-14-03|  998|  980|  960|413|norow|Уплотнитель бытовой самоклеящийся|                      KIM TEC, D-профиль, 15&nbsp;мм&nbsp;x&nbsp;8&nbsp;мм, в&nbsp;бобинах&nbsp;100&nbsp;м. Цвет: белый&nbsp;<span class=art>арт. 04-14-03</span>, коричневый&nbsp;<span class=art>арт. 04-14-04</span>, черный&nbsp;<span class=art>арт. 04-14-41</span>|<UL><LI>Для уплотнения всех типов дверей и окон.<LI>Обладает высокой адгезией к поверхности из дерева, металла, пластика.<LI>Имеется <a href=/img/pic/strhoz/big/u04-14-03.pdf target=_blank title="Документ PDF">Техническое описание</a>.</UL>||/img/pic/strhoz/small/u04-14-03.jpg|/img/pic/strhoz/big/u04-14-03.jpg
 0|Бытовой б|за 1 бобину                |412|04-14-03|  998|  980|  960|413|
~0|Бытовой б|(справочно) за 1 метр      |412|04-14-03| 9.98| 9.80| 9.60|413|
 1|Огнесто ч|за 1 бобину                |412|04-14-61| 3950| 3890| 3840|413|norow|Уплотнитель самоклеящийся| <strong>огнестойкий</strong> KIM TEC, D-профиль,  9&nbsp;мм&nbsp;x&nbsp;8&nbsp;мм, в&nbsp;бобинах&nbsp;50&nbsp;м. Цвет: черный&nbsp;<span class=art>арт. 04-14-61</span>|<UL><LI>Для уплотнения окон, дверей, гаражных ворот и конструкций, в том числе в местах с повышенными требованиями к пожарной безопасности.<LI>Не горит и не плавится (по стандарту DIN 5510, S4 ST2 SR2). Эксплуатация уплотнителя возможна от&nbsp;-40°C до&nbsp;+900°С.<LI>Имеются <a href=/img/pic/strhoz/big/u04-14-61.pdf target=_blank title="Документ PDF">Техническое описание</a> и <a href=/img/pic/strhoz/big/u04-14-61s.pdf target=_blank title="Документ PDF">Сертификат соответствия</a>.</UL>||/img/pic/strhoz/small/u04-14-61.jpg|/img/pic/strhoz/big/u04-14-61.jpg
 0|Огнесто ч|за 1 бобину                |412|04-14-61| 3950| 3890| 3840|413|
~0|Огнесто ч|(справочно) за 1 метр      |412|04-14-61|79.00|77.80|76.8 |413|
 1|Промышл б|за 1 бобину                |412|04-14-52| 1290| 1240| 1220|413|norow|Уплотнитель промышленный самоклеящийся|                 KIM TEC, D-профиль, 14&nbsp;мм&nbsp;x&nbsp;12&nbsp;мм, в&nbsp;бобинах&nbsp;40&nbsp;м. Цвет: белый&nbsp;<span class=art>арт. 04-14-52</span>, черный&nbsp;<span class=art>арт. 04-14-55</span>|<UL><LI>Для уплотнения гаражных дверей и промышленных конструкций, подходит для заделки особо больших щелей.<LI>Мелкопористая резина уплотнителя устойчива к колебаниям температуры окружающей среды от&nbsp;-40°C до&nbsp;+60°C, влаго- и ветронепроницаема, не впитывает воду, долговечна.<LI>Имеется <a href=/img/pic/strhoz/big/u04-14-52.pdf target=_blank title="Документ PDF">Техническое описание</a>.</UL>||/img/pic/strhoz/small/u04-14-52.jpg|/img/pic/strhoz/big/u04-14-52.jpg
 0|Промышл б|за 1 бобину                |412|04-14-52| 1290| 1240| 1220|413|
~0|Промышл б|(справочно) за 1 метр      |412|04-14-52|32.25|31.00|30.50|413|
 1|Промышл ч|за 1 бобину                |412|04-14-54| 6690| 6620| 6580|413|norow|Уплотнитель промышленный самоклеящийся|                 KIM TEC, D-профиль, 21&nbsp;мм&nbsp;x&nbsp;15&nbsp;мм, в&nbsp;бобинах&nbsp;50&nbsp;м. Цвет: черный&nbsp;<span class=art>арт. 04-14-54</span>|<UL><LI>Для уплотнения гаражных дверей и промышленных конструкций, подходит для заделки особо больших щелей.<LI>Мелкопористая резина уплотнителя устойчива к колебаниям температуры окружающей среды от&nbsp;-40°C до&nbsp;+60°C, влаго- и ветронепроницаема, не впитывает воду, долговечна.<LI>Имеется <a href=/img/pic/strhoz/big/u04-14-54.pdf target=_blank title="Документ PDF">Техническое описание</a>.</UL>||/img/pic/strhoz/small/u04-14-54.jpg|/img/pic/strhoz/big/u04-14-54.jpg
 0|Промышл ч|за 1 бобину                |412|04-14-54| 6690| 6620| 6580|413|
~0|Промышл ч|(справочно) за 1 метр      |412|04-14-54|133.8|132.4|131.6|413|

#1|Бытовой белый     |белый     |412|04-14-03| 998| 980| 960||norow|Уплотнитель бытовой самоклеящийся|                      KIM TEC, D-профиль, 15мм x  8мм, в бобинах 100м|<UL><LI>Для уплотнения всех типов дверей и окон.<LI>Обладает высокой адгезией к поверхности из дерева, металла, пластика.<LI>Имеется <a href=/img/pic/strhoz/big/u04-14-03.pdf target=_blank title="Документ PDF">Техническое описание</a>.</UL>||/img/pic/strhoz/small/u04-14-03.jpg|/img/pic/strhoz/big/u04-14-03.jpg
#0|Бытовой белый     |белый     |412|04-14-03| 998| 980| 960||
#0|Бытовой коричневый|коричневый|412|04-14-04| 998| 980| 960||
#0|Бытовой черный    |черный    |412|04-14-41| 998| 980| 960||
#1|Огнесто черный    |черный    |412|04-14-61|3950|3890|3840||norow|Уплотнитель самоклеящийся| <strong>огнестойкий</strong> KIM TEC, D-профиль,  9мм x  8мм, в бобинах  50м|<UL><LI>Для уплотнения окон, дверей, гаражных ворот и конструкций, в том числе в местах с повышенными требованиями к пожарной безопасности.<LI>Не горит и не плавится (по стандарту DIN 5510, S4 ST2 SR2). Эксплуатация уплотнителя возможна от -40°С до +900°С.<LI>Имеются <a href=/img/pic/strhoz/big/u04-14-61.pdf target=_blank title="Документ PDF">Техническое описание</a> и <a href=/img/pic/strhoz/big/u04-14-61s.pdf target=_blank title="Документ PDF">Сертификат соответствия</a>.</UL>||/img/pic/strhoz/small/u04-14-61.jpg|/img/pic/strhoz/big/u04-14-61.jpg
#0|Огнесто черный    |черный    |412|04-14-61|3950|3890|3840||
#1|Промышл белый     |белый     |412|04-14-52|1290|1240|1220||norow|Уплотнитель промышленный самоклеящийся|                 KIM TEC, D-профиль, 14мм x 12мм, в бобинах  40м|<UL><LI>Для уплотнения гаражных дверей и промышленных конструкций, подходит для заделки особо больших щелей.<LI>Мелкопористая резина уплотнителя устойчива к колебаниям температуры окружающей среды от -40°C до +60°C, влаго- и ветронепроницаема, не впитывает воду, долговечна.<LI>Имеется <a href=/img/pic/strhoz/big/u04-14-52.pdf target=_blank title="Документ PDF">Техническое описание</a>.</UL>||/img/pic/strhoz/small/u04-14-52.jpg|/img/pic/strhoz/big/u04-14-52.jpg
#0|Промышл белый     |белый     |412|04-14-52|1290|1240|1220||
#0|Промышл черный    |черный    |412|04-14-55|1290|1240|1220||
#1|Промышл черный    |черный    |412|04-14-54|6690|6620|6580||norow|Уплотнитель промышленный самоклеящийся|                 KIM TEC, D-профиль, 21мм x 15мм, в бобинах  50м|<UL><LI>Для уплотнения гаражных дверей и промышленных конструкций, подходит для заделки особо больших щелей.<LI>Мелкопористая резина уплотнителя устойчива к колебаниям температуры окружающей среды от -40°C до +60°C, влаго- и ветронепроницаема, не впитывает воду, долговечна.<LI>Имеется <a href=/img/pic/strhoz/big/u04-14-54.pdf target=_blank title="Документ PDF">Техническое описание</a>.</UL>||/img/pic/strhoz/small/u04-14-54.jpg|/img/pic/strhoz/big/u04-14-54.jpg
#0|Промышл черный    |черный    |412|04-14-54|6690|6620|6580||

#1|Веревка ПА д. 10 мм|186|PAB2410-50|37.00|35||Веревка полиамидная плетеная 24-прядная| в катушках 50 м.|Высокая прочность, стойкость ко многим химическим реагентам<br>Цена с НДС за погонный метр||/img/pic/strhoz/small/verevka poliam 24 pr.jpg|/img/pic/strhoz/big/verevka poliam 24 pr.jpg
#1|Веревка ПА д. 10 мм|186|PAB2410-50|33.00|||Веревка полиамидная| 24-прядная|В отдельных бухтах. Высокая прочность, стойкость ко многим химическим реагентам<br>Цена с НДС за погонный метр||/img/pic/strhoz/small/verevka poliam 24 pr.jpg|/img/pic/strhoz/big/verevka poliam 24 pr.jpg
1|Веревка полиамидная &empty;10 мм, 24-прядная, бухта 100 м|186|RG06200||||norow|Веревка полиамидная| в бухтах|Высокая прочность, стойкость ко многим химическим реагентам.<br><br>Цена за бухту.||/img/pic/strhoz/small/verevka poliam 24 pr.jpg|/img/pic/strhoz/big/verevka poliam 24 pr.jpg
0|Веревка полиамидная &empty; &nbsp; 6 мм, 16-прядная, бухта 200 м|186|RG06200|2100|2020|1970|
0|Веревка полиамидная &empty; &nbsp; 8 мм, 24-прядная, бухта 200 м|186|RG08200|2690|2600|2550|
0|Веревка полиамидная &empty;       10 мм, 24-прядная, бухта 300 м|186|RG10300|5990|5890|5800|
0|Веревка полиамидная &empty;       12 мм, 24-прядная, бухта 200 м|186|RG12200|5590|5490|5400|
0|Веревка полиамидная &empty;       14 мм, 48-прядная, бухта 150 м|186|RG14150|5590|5490|5400|
0|Веревка полиамидная &empty;       16 мм, 48-прядная, бухта 125 м|186|RG16125|5590|5490|5400|
0|Веревка полиамидная &empty;       18 мм, 48-прядная, бухта 100 м|186|RG18100|5990|5890|5790|
0|Веревка полиамидная &empty;       20 мм, 48-прядная, бухта 100 м|186|RG20100|7390|7190|7090|
#1|Веревка ХБ д.10 мм|-186|266.00||Веревка хлопчатобумажная| крученая|В отрезках по 11 погонных метров.<br>Цена с НДС за отрезок 11 метров||/img/pic/strhoz/small/verevka hb.jpg|/img/pic/strhoz/big/verevka hb.jpg
#0|Веревка ХБ д.12 мм|-186|280.00
#0|Веревка ХБ д.16 мм|-186|370.00

1|Сетка фасадная|207|FASAD1|4600|4200|3950||| зеленая, в рулонах 4&nbsp;x&nbsp;100&nbsp;м|Сетка для укрытия фасадов, строительных объектов и т.п.<br>Цена за 1 рулон (400 кв.м)||/img/pic/strhoz/small/SETKA FASADNAJA.jpg|/img/pic/strhoz/big/SETKA FASADNAJA.jpg

1|Ветошь                       |228|VZ404010| 695| 665| 625||Ветошь| в лоскутах 40 х 40 см <span class=art>арт. VZ404010</span>|Цена за 1 брикет 10 кг.||/img/pic/strhoz/small/VETOSH.jpg|/img/pic/strhoz/big/VETOSH.jpg
1|Мешковина в рулонах          |228|ME110100|3650|3590|3390||Мешковина| в рулонах 1.10&nbsp;х&nbsp;100&nbsp;м <span class=art>арт. ME110100</span>|Цена за 1 рулон.||/img/pic/strhoz/small/meshkov.jpg|/img/pic/strhoz/big/jpg
1|Холстопрошивное полотно (ХПП)|228|HPP08050|1350|1290|1250||Холстопрошивное полотно (ХПП)| в рулонах 0.80&nbsp;х&nbsp;50&nbsp;м <span class=art>арт. HPP08050</span>|Цена за 1 рулон.||/img/pic/strhoz/small/HPP.jpg|/img/pic/strhoz/big/jpg
1|Полотно вафельное в рулонах  |228|PF045070|1550|1510|1490|norow|Полотно вафельное| в рулонах|Цена за 1 рулон.||/img/pic/strhoz/small/pol_vaf.jpg|/img/pic/strhoz/big/jpg
0|Полотно вафельное 0.45 х 60 м|228|PF045060|1550|1510|1490
0|Полотно вафельное 0.45 х 70 м|228|PF045070|1740|1690|1650

1|Крестики для укладки плитки 1.0 мм     |106|880645|49|45|42||Крестики| для укладки плитки|Цена с НДС за упаковку 250 шт.||/img/pic/shmal/small/Krestiki for plitki.jpg|/img/pic/shmal/big/Krestiki for plitki.jpg
0|Крестики для укладки плитки 1.5 мм     |106|880665|49|45|42
0|Крестики для укладки плитки 2.0 мм     |106|880685|52|48|46
0|Крестики для укладки плитки 2.5 мм     |106|880695|58|55|52
0|Крестики для укладки плитки 3.0 мм     |106|880725|62|58|56
0|Крестики для укладки плитки 4.0 мм     |106|880765|64|61|59
0|Крестики для укладки плитки 5.0 мм     |106|880805|68|66|63
1|Клинья для укладки плитки 30 х 6 х 5 мм|106|880225|84|79|75||Клинья| для укладки плитки|Цена с НДС за упаковку 200 шт.||/img/pic/shmal/small/Kliny for plitki.jpg|/img/pic/shmal/big/jpg
0|0 мм|106|880805|42.00|39.00||norow
