# 86|Перчатки ХБ с ПВХ и латексным покрытием
#1|Перчатки Х/Б с нанесением ПВХ                      |86|3       |10,90| 9,90| 9,50|  ||| Эконом (3 нитки) <span class=art>арт. 3</span>|Перчатки общего производственного назначения.||/img/pic/defence/small/Perchatki HB s PVH.jpg|/img/pic/defence/big/Perchatki HB s PVH.jpg
~1|Перчатки Х/Б с ПВХ покрытием                       |86|        |12,90|12,20|11,60|  |norow|| |Перчатки общего производственного назначения.||/img/pic/defence/small/Perchatki HB s PVH.jpg|/img/pic/defence/big/Perchatki HB s PVH.jpg
~0|Перчатки Х/Б с ПВХ покрытием СТАНДАРТ              |86|S       | 9,48| 9,28| 8,98|  |||
~0|Перчатки Х/Б с ПВХ покрытием Профи  (5 ниток)      |86|5       |11,98|11,25|10,28|  |||
~0|Перчатки Х/Б с ПВХ покрытием Люкс   (6 ниток)      |86|6       |12,98|11,98|11,48|  |||
 1|Перчатки Х/Б с одинарным латексным покрытием       |86|1L      |16,95|16,65|16,25|  |norow|| <span class=art>арт. 1L</span>|Перчатки общего производственного назначения.||/img/pic/defence/small/Perchatki HB ODINARNY LATEX.jpg|/img/pic/defence/big/Perchatki HB ODINARNY LATEX.jpg
 0|Перчатки Х/Б с одинарным латексным покрытием       |86|1L      |16,95|16,65|16,25|  |||
 1|Перчатки Х/Б с двойным   латексным покрытием       |86|2L      |23,80|21,95|19,98|  |norow|| <span class=art>арт. 2L</span>|Перчатки общего производственного назначения.||/img/pic/defence/small/Perchatki DVOJNOY LATEX.jpg|/img/pic/defence/big/Perchatki DVOJNOY LATEX.jpg
 0|Перчатки Х/Б с двойным   латексным покрытием       |86|2L      |23,80|21,95|19,98|  |||
~1|Перчатки полушерстяные с нанесением ПВХ            |86|WA      |42,00|40,00|39,00|90|norow|||||/img/pic/defence/small/PERCHATKI POLUSHERST S PVH.jpg|/img/pic/defence/big/PERCHATKI POLUSHERST S PVH.jpg
~0|Перчатки полушерстяные с ПВХ СТАНДАРТ              |86|WS      |26,00|24,00|23,00|90|||
~0|Перчатки полушерстяные с ПВХ, двойная вязка        |86|WA      |45,00|43,00|41,00|90|||
#1|Перчатки полушерстяные с нанесением ПВХ,           |86|WA      |42,00|40,00|39,00|90|norow|| двойная вязка <span class=art>арт. WA</span>|||/img/pic/defence/small/PERCHATKI POLUSHERST S PVH.jpg|/img/pic/defence/big/PERCHATKI POLUSHERST S PVH.jpg
#1|Перчатки полушерстяные с нанесением ПВХ            |86|W1      |24,00|22,00|21,00|90|||         <span class=art>арт. W1</span>|||/img/pic/defence/small/PERCHATKI POLUSHERST S PVH.jpg|/img/pic/defence/big/PERCHATKI POLUSHERST S PVH.jpg
#1|Перчатки полушерстяные с нанесением ПВХ            |86|W2      |47,00|45,00|43,00|90||| двойные <span class=art>арт. W2</span>|||/img/pic/defence/small/PERCHATKI POLUSHERST S PVH.jpg|/img/pic/defence/big/PERCHATKI POLUSHERST S PVH.jpg
#1|Перчатки трикотажные зимние черные с нанесением ПВХ|86|W3      |32,80|30,50|28,50|90||| двойные <span class=art>арт. W3</span>|||/img/pic/defence/small/PERCHATKI POLUSHERST S PVH.jpg|/img/pic/defence/big/PERCHATKI POLUSHERST S PVH.jpg

# 89|Краги сварщика спилковые
 1|Краги спилковые ЛЮКС                      |89|C.KRL   |156|152|147||norow|Краги сварщика спилковые| ЛЮКС <span class=art>арт. C.KRL</span>|</span></p><UL><LI>Кожевенный спилок 0,9-1,2 мм, эффективен для предотвращения ожоговых повреждений, порезов и истирания кожи во время работы.<LI>Длинный манжет.</UL><p><span class="addt">||/img/pic/defence/small/C_KRL.gif|/img/pic/defence/big/C_KRL.gif
 0|Краги спилковые ЛЮКС                      |89|C.KRL   |156|152|147||
 1|Краги спилковые РУССКИЕ ЛЬВЫ усиленные    |89|KRL     |248|242|234||norow|Краги сварщика спилковые| РУССКИЕ ЛЬВЫ усиленные <span class=art>арт. KRL</span>|</span></p><UL><LI>Спилок буйвола 1.5 мм обладает высокой устойчивостью к истиранию, порезам и высоким температурам.<LI>Рабочая поверхность перчаток имеет специальную накладку для дополнительной прочности.<LI>Прошито особо прочной негорючей кевларовой ниткой.<LI>Специальный утепляющий слой позволяет долго работать на холоде, а также с грубыми абразивными поверхностями.<LI>Внутренняя подкладка выполнена из приятного на ощупь материала.</UL><p><span class="addt">||/img/pic/defence/small/crlions.gif|/img/pic/defence/big/crlions.gif
 0|Краги спилковые РУССКИЕ ЛЬВЫ усиленные    |89|KRL     |248|242|234||
 1|Краги «Трек» на подкладке, красные        |89|RED-TREK|218|208|198||norow|Краги сварщика спилковые| ТРЕК, на подкладке, красные <span class=art>арт. RED-TREK</span>|</span></p><UL><LI>Кожевенный спилок, прочный и способный выносить высокие температуры.<LI>Специальный термоизолирующий слой дополнительно снижает риск возникновения термических ожогов.<LI>Длинный защитный рукав.<LI>Краги «Трек» имеют высокую степень устойчивости к механическим повреждениям и порезам, что обеспечивает длительный срок их эксплуатации.</UL><p><span class="addt">||/img/pic/defence/small/track_lux.jpg|/img/pic/defence/big/track_lux.jpg
 0|Краги «Трек» на подкладке, красные        |89|RED-TREK|218|208|198||
 1|Краги спилк. РУССКИЕ ЛЬВЫ утепленные      |89|KRL.W   |325|315|298|90|norow|Краги сварщика спилковые| РУССКИЕ ЛЬВЫ усиленные <strong>утепленные</strong> <span class=art>арт. KRL.W</span>|</span></p><UL><LI>Спилок буйвола 1.5 мм обладает высокой устойчивостью к истиранию, порезам и высоким температурам.<LI>Рабочая поверхность перчаток имеет специальную накладку для дополнительной прочности.<LI>Прошито особо прочной негорючей кевларовой ниткой.<LI>Специальный утепляющий слой позволяет долго работать на холоде, а также с грубыми абразивными поверхностями.<LI>Внутренняя подкладка выполнена из приятного на ощупь материала.<LI>Краги имеют утеплитель из искусственного меха.</UL><p><span class="addt">||/img/pic/defence/small/crlions-w.jpg|/img/pic/defence/big/crlions-w.jpg
 0|Краги спилк. РУССКИЕ ЛЬВЫ усил. утепленные|89|KRL.W   |325|315|298|90|
 1|Краги «Трек» на подкладке, утепленные     |89|RT.W    |325|310|298|90|norow|Краги сварщика спилковые| ТРЕК, на подкладке, <strong>утепленные</strong> <span class=art>арт. RT.W</span>|</span></p><UL><LI>Изготовлены из натурального телячьего спилка, обладают повышенной износостойкостью и прочностью.<LI>Пригодны для проведении сварки и других видов операций на опасных производствах, включая работы на открытых площадках в экстремально холодных условиях.<LI>Прочный материал с термоизолирующим слоем защищает от механических, термических и химических повреждений.<LI>Подкладка из искусственного меха служит защитой от низких температур.<LI>Укреплённые лавсановой нитью швы и вставки повышают срок эксплуатации.</UL><p><span class="addt">||/img/pic/defence/small/trackw.gif|/img/pic/defence/big/trackw.gif
 0|Краги «Трек» на подкладке  утепленные     |89|RT.W    |325|310|298|90|
 1|Краги спилковые «Blue Welder» на подкладке|89|        |375|  -|  -|90|norow|Краги сварщика спилковые| «Blue Welder» на подкладке|</span></p><UL><LI>Краги спилковые на подкладке, длина 350-360мм, <abbr title="Кевлар &mdash; высокопрочное синтетическое волокно, специально разработанное для армирования. Придает тканям стойкость по отношению к абразивным и режущим воздействиям. Выдерживает температуру 430&deg;C и выше.">кевларовая</abbr> нить.<LI>Спилок КРС однородный, 1,2&PlusMinus;0,1 мм, швы усилены.<LI>Краги обеспечивают высокую механическую защиту, защиту от повышенных температур — открытого пламени, искр и брызг расплавленного металла.<LI>Наличие подкладки позволяет использовать краги в зимнее время. Краги в утепленном варианте утеплены дополнительно.</UL><p><span class="addt">||/img/pic/defence/small/BlueWelder.jpg|/img/pic/defence/big/BlueWelder.jpg
 0|Краги спилковые «Blue Welder» на подкладке|89|BW.1    |375|355|345|90
 0|Краги спилковые «Blue Welder» утепленные  |89|BW.2    |465|449|438|90
#1|Краги спилковые «Трек» UNIV, красные      |89|RED-U   |288|278|269||norow|Краги сварщика спилковые| «Трек» UNIV, на подкладке, красные <span class=art>арт. RED-U</span>|</span></p><UL><LI>Кожевенный спилок, прочный и способный выносить высокие температуры.<LI>Специальный термоизолирующий слой дополнительно снижает риск возникновения термических ожогов.<LI>Длинный защитный рукав.<LI>Краги «Трек» имеют высокую степень устойчивости к механическим повреждениям и порезам, что обеспечивает длительный срок их эксплуатации.</UL><p><span class="addt">||/img/pic/defence/small/KRAGI TREK.jpg|/img/pic/defence/big/KRAGI TREK.jpg
#0|Краги спилковые «Трек» UNIV, красные      |89|RED-U   |288|278|269||
#1|Краги сварщика спилковые|89|205350     |315|300|290||||, 35 см, на подкладке (хлопок) <span class=art>арт. 205350</span>|</span></p><UL><LI>Защита от искр, брызг раскаленного металла, высоких температур<LI>Механически стойкие</UL><p><span class="addt">||/img/pic/defence/small/NITRAS 20535.jpg|/img/pic/defence/big/NITRAS 20535.jpg
#1|Краги спилковые СТАНДАРТ серые       |89|KRS        |198|192|188|||Краги сварщика спилковые| СТАНДАРТ серые <span class=art>арт. KRS</span>|Краги сварщика из говяжьего спилка. Выдерживают тепловые нагрузки и защищают руки от искр.||/img/pic/defence/small/sol204350.jpg|/img/pic/defence/big/sol204350.jpg
#1|Краги сварщика спилковые|89|KR-STANDART|265|255|250|||| СТАНДАРТ серые <span class=art>арт. 204350</span> <small> или </small> <span class=art>арт. KR-STANDART</span>|Краги сварщика из говяжьего спилка. Выдерживают тепловые нагрузки и защищают руки от искр.||/img/pic/defence/small/sol204350.jpg|/img/pic/defence/big/sol204350.jpg
#1|Краги сварщика спилковые|89|20435W     |290|280|270|90||| теплые пятипалые, 35 см <span class=art>арт. 20435W</span>|</span></p><UL><LI>Утепленные мехом в качестве подкладки.<LI>Эффективно защищают работника от искр и окалины.<LI>Защитные свойства согласно стандартам Евросоюза и ГОСТ: EN&nbsp;388&nbsp;-&nbsp;4243, EN&nbsp;12477&nbsp;-&nbsp;313X4X, EN&nbsp;511&nbsp;-&nbsp;11X.</UL><p><span class="addt">||/img/pic/defence/small/sol20435W.jpg|/img/pic/defence/big/sol20435W.jpg
#1|Краги сварщика спилковые|89|204350|198|188|182|||| СТАНДАРТ серые <span class=art>арт. 204350</span> <small> или </small> <span class=art>арт. KR-STANDART</span>|Краги сварщика из говяжьего спилка. Выдерживают тепловые нагрузки и защищают руки от искр.||/img/pic/defence/small/sol204350.jpg|/img/pic/defence/big/sol204350.jpg
#1|Краги сварщика|89|RED/BLUE-TREK|168|164|162||| ТРЕК, на подкладке:<br>красные <span class=art>арт. RED-TREK</span><br>голубые <span class=art>арт. BLUE-TREK</span>|||/img/pic/defence/small/KRAGI TREK.jpg|/img/pic/defence/big/KRAGI TREK.jpg
#1|Краги сварщика|89|BLACK-TREK|155|148|145||| ТРЕК ЛЮКС, на подкладке <span class=art>арт. BLACK-TREK</span>|На рабочей поверхности имеется плотная вставка для обеспечения более эффективной защиты рук в местах повышенной нагрузки.||/img/pic/defence/small/KRAGI_TREK_LUX.jpg|/img/pic/defence/big/jpg
#1|Краги сварщика спилковые с подкладкой|89||179,00|169|169||| высшей категории PLASMA фирмы Elementa <span class=art>арт. KR-PLASMA-</span>|||/img/pic/defence/small/Kragi Plasma.jpg|/img/pic/defence/big/Kragi Plasma.jpg
#1|Краги сварщика спилковые|89|205350|135|129|118||| с подкладкой серые SOL <span class=art>арт. 205350</span>|||/img/pic/defence/small/jpg|/img/pic/defence/big/jpg
#1|Краги сварщика спилковые|89|KR-STANDART|145|138|133||| СТАНДАРТ серые <span class=art>арт. KR-STANDART</span>|||/img/pic/defence/small/kr-sp-std.jpg|/img/pic/defence/big/jpg

# 383|Перчатки спилковые
 1|Перчатки спилковые комбинированные                   |383|ANGARA-001 | 99| 97| 95|  |norow|| "АНГАРА" СТАНДАРТ <span class=art>арт. ANGARA-001</span>|||/img/pic/defence/small/PERCHATKI Spilkovy STANDART.jpg|/img/pic/defence/big/PERCHATKI Spilkovy STANDART.jpg
 0|Перчатки спилковые комбинированные "АНГАРА" СТАНДАРТ |383|ANGARA-001 | 99| 97| 95|  |
 1|Перчатки спилковые комбинированные                   |383|ANGARA-W01 |245|235|225|90|norow|| "АНГАРА" СТАНДАРТ <strong>утепленные</strong> <span class=art>арт. ANGARA-W01</span>|||/img/pic/defence/small/PERCHATKI Spilkovy STANDART.jpg|/img/pic/defence/big/PERCHATKI Spilkovy STANDART.jpg
 0|Перчатки спилковые комб. "АНГАРА" СТАНДАРТ утепленные|383|ANGARA-W01 |245|235|225|90|
 1|Перчатки спилковые комбинированные усиленные         |383|DK1        |148|144|139|  |norow|| "Докер" <span class=art>арт. DK1</span>|</span></p><UL><LI>Рабочие перчатки из кожевенного спилка 1,2-1,4мм, с подкладкой из 100% хлопка, на краге.<LI>Вся ладонь, указательный и большой палец перчаток усилены дополнительной спилковой накладкой. Помимо этого рабочая часть ладони усиленна плотным, грубым материалом.<LI>Манжета перчатки выполнена в виде краги из плотной ткани.<LI>Износостойкие и прочные, по своим эксплуатационным качествам они превосходят брезентовые аналоги в три раза.<LI>Перчатки «Докер» незаменимы там, где нужно качественное и быстрое сцепление с поверхностью предмета.</UL><p><span class="addt">||/img/pic/defence/small/dk1.jpg|/img/pic/defence/big/jpg
 0|Перчатки спилковые комбинированные усиленные "Докер" |383|DK1        |148|144|139|  |
#1|Перчатки спилковые комбинированные СТАНДАРТ (SOL)    |383|13010/13020|135|128|125|  ||Перчатки спилковые комбинированные| СТАНДАРТ (SOL) <span class=art>арт. 13010/13020</span>|Рабочие перчатки из говяжьего спилка на краге.||/img/pic/defence/small/sol13010.jpg|/img/pic/defence/big/sol13010.jpg
#1|Перчатки спилковые комбинированные                   |383|1301W      |235|220|210|90||| NITRAS&nbsp;1301&nbsp;W <span class=art>арт. 1301W</span>|</span></p><UL><LI>Утепленные искусственным мехом</UL><p><span class="addt">||/img/pic/defence/small/NITRAS 1301 W - PERCHATKI SPILK - ZIMA.jpg|/img/pic/defence/big/NITRAS 1301 W - PERCHATKI SPILK - ZIMA.jpg
#1|Перчатки спилковые комбинированные                   |383|1302WI     |235|220|210|90||| NITRAS&nbsp;1302&nbsp;WI <span class=art>арт. 1302WI</span>|</span></p><UL><LI>Утепленные искусственным мехом<LI>Защита от механических повреждений</UL><p><span class="addt">||/img/pic/defence/small/NITRAS 1302 WI - PERCHATKI - ZIMA.jpg|/img/pic/defence/big/NITRAS 1302 WI - PERCHATKI - ZIMA.jpg
#0|Спилковые комбинир. перчатки "Optima" фирмы Elementa, жесткая крага|383|EO-001-120|66|62

# 87|Перчатки с нитриловым покрытием
 1|Перчатки нитриловый облив             |87|N.3420.10|118,00|115,00|109,00||norow|| 3420 NITRAS, манжет, размер 10 <span class=art>арт. N.3420.10</span>|</span><span class="for">Перчатки трикотажные, полностью облитые нитрилом, синего цвета. Трикотажный манжет</span></p><UL><LI>Основа: хлопчатобумажный трикотаж типа «джерси» с антибактериальной пропиткой <b>Sanitized</b>.<LI>Материал покрытия: трехслойный нитрилбутилдиеновый каучук.<LI>Защита: от механических повреждений, контактов с нефтью и нефтепродуктами. Антистатичны.</UL><p><span class="addt">||/img/pic/defence/small/Nitras03420.jpg|/img/pic/defence/big/Nitras03420.jpg
 0|Перчатки нитриловый облив 3420 NITRAS |87|N.3420.10|118,00|115,00|109,00
 1|Перчатки с нитриловым покрытием            |87|NS-K| 83,00| 81,00| 77,00||norow|| полный облив, на краге      <span class=art>арт. NS-K</span>          |Механически и маслобензостойкие.||/img/pic/defence/small/NITRAS 3440.jpg|/img/pic/defence/big/NITRAS 3440.jpg
 0|Перчатки с нитриловым покрытием, на краге  |87|NS-K| 83,00| 81,00| 77,00
 1|Перчатки с нитриловым покрытием            |87|NS-R| 83,00| 81,00| 77,00||norow|| полный облив, на манжете    <span class=art>арт. NS-R</span>          |Механически и маслобензостойкие.||/img/pic/defence/small/NITRAS 3420.jpg|/img/pic/defence/big/NITRAS 3420.jpg
 0|Перчатки с нитриловым покрытием, на манжете|87|NS-R| 83,00| 81,00| 77,00
#1|Перчатки с нитриловым покрытием|86|1L      |94,00|88,00|85,00|  ||| <span class=art>арт. 1L</span>|Перчатки общего производственного назначения.||/img/pic/defence/small/Perchatki HB ODINARNY LATEX.jpg|/img/pic/defence/big/Perchatki HB ODINARNY LATEX.jpg
#1|Перчатки с нитриловым покрытием|86|2L      |94,00|88,00|84,00|  ||| <span class=art>арт. 2L</span>|Перчатки общего производственного назначения.||/img/pic/defence/small/Perchatki DVOJNOY LATEX.jpg|/img/pic/defence/big/Perchatki DVOJNOY LATEX.jpg

# 88|Общехозяйственные перчатки !Латексные перчатки !Перчатки хозяйственные # и специального назначения
 1|Перчатки виниловые (одноразовые)            |88|             |298,00|292,00|284,00||norow|| HARDY|<br><b>Цена за упаковку 100 пар.</b>||/img/pic/defence/small/1514-890100.jpg|/img/pic/defence/big/1514-890100.jpg
 0|Перчатки виниловые HARDY, размер  L, 100 пар|88|1514-89.01.00|298,00|292,00|284,00
 0|Перчатки виниловые HARDY, размер XL, 100 пар|88|1514-89.01.01|298,00|292,00|284,00
 1|Перчатки латексные                          |88|             | 31,98| 30,98| 29,25||norow|| HOBBI|</span><span class="for">Для защиты рук от вредного воздействия агрессивных веществ при проведении хозяйственных, садово-огородных и прочих работ</span></p><UL><LI>Изготовлены из натурального латекса.<LI>Имеют внутреннее хлопчатобумажное напыление.</UL><p><span class="addt">||/img/pic/defence/small/24-0-004.jpg|/img/pic/defence/big/24-0-004.jpg
 0|Перчатки латексные HOBBI, размер XL, 1 пара |88|24-0-004     | 31,98| 30,98| 29,25
 0|Перчатки латексные HOBBI, размер  L, 50 пар |88|24-0-023     |498,00|484,00|477,00
 0|Перчатки латексные HOBBI, размер XL, 50 пар |88|24-0-024     |498,00|484,00|477,00
#1|Перчатки хозяйственные резиновые            |88|GLH-         | 39,00| 36,00| 35,00||norow sale1|||</span></p><UL><LI>Натуральный латекс.<LI>Подкладка из натурального хлопка.<LI>Рифленая поверхность ладони.</UL><p><span class="addt">||/img/pic/defence/small/PERCHATKI HOZ.jpg|/img/pic/defence/big/PERCHATKI HOZ.jpg
#0|Перчатки хозяйственные резиновые, размер L  |88|GLH-L        | 25,00| 25,00| 25,00
#0|Перчатки хозяйственные резиновые, размер M  |88|GLH-M        | 25,00| 25,00| 25,00
#0|Перчатки хозяйственные резиновые, размер S  |88|GLH-S        | 25,00| 25,00| 25,00
#1|Перчатки хозяйственные          |88|GLH-M   | 39| 36| 35|||| резиновые, размеры:<br>S <span class=art>арт. GLH-S</span><br>M <span class=art>арт. GLH-M</span><br>L <span class=art>арт. GLH-L</span><br>XL <span class=art>арт. GLH-X</span>|Натуральный латекс, подкладка из натурального хлопка, рифленая поверхность ладони.||/img/pic/defence/small/PERCHATKI HOZ.jpg|/img/pic/defence/big/PERCHATKI HOZ.jpg
#1|Перчатки КЩС, тип 1             |88|KS.CS.1 | 89| 85| 82|||| (кислотощелочестойкие) <span class=art>арт. KS.CS.1 </span>|</span></p><UL><LI>Предназначены для защиты рук от растворов кислот и щелочей концентрации до 20%, солей, масел, сыпучих красящих веществ.<LI>Применяются для выполнения точных работ.</UL><p><span class="addt">||/img/pic/defence/small/KSS2.jpg|/img/pic/defence/big/KSS2.jpg
#1|Перчатки КЩС, тип 2             |88|KSS2    | 37| 35| 33|||| (кислотощелочестойкие, тонкие) <span class=art>арт. KSS2</span>|</span></p><UL><LI>Предназначены для защиты рук от растворов кислот и щелочей концентрации до 20%, солей, масел, сыпучих красящих веществ.<LI>Применяются для выполнения точных работ.</UL><p><span class="addt">||/img/pic/defence/small/KSS2.jpg|/img/pic/defence/big/KSS2.jpg
#1|Перчатки химически-стойкие      |88|3470-S09|139|129|125|||| Dual Barrier NITRAS&nbsp;3470, р.&nbsp;9 <span class=art>арт. 3470-S09</span>|</span></p><UL><LI>Повышенная стойкость к кислотам и щелочам концентрацией до 80%, спиртам, жирам, кетонам.<LI>Маслобензостойкость, повышенная механическая прочность.<LI>Рабочая поверхность - неопрен с каучуком (латексом) обеспечивает дополнительное химическое сопротивление.<LI>Внутренняя поверхность - хлопковое напыление.</UL><p><span class="addt">||/img/pic/defence/small/PERCHATKI SPEZ NITRAS - 3470 Dual Barrier.jpg|/img/pic/defence/big/PERCHATKI SPEZ NITRAS - 3470 Dual Barrier.jpg
#1|Перчатки диэлектрические, латекс|88|DE-STAN |215|205|198||||, штанцовые <span class=art>арт. DE-STAN</span>|||/img/pic/defence/small/Perchatki DIELECTRICH .jpg|/img/pic/defence/big/Perchatki DIELECTRICH .jpg
#1|Перчатки диэлектрические, латекс|88|DE-SLESS|295|285|275||||, бесшовные <span class=art>арт. DE-SLESS</span>|||/img/pic/defence/small/Perchatki DIELECTRICH bezshovnye.jpg|/img/pic/defence/big/Perchatki DIELECTRICH bezshovnye.jpg
#1|Перчатки маслобензостойкие      |88|67798/-9|125|118|112|||| латексные <span class=art>арт. 67798/67799</span>|</span></p><UL><LI>Прочный материал, рельефная структура, хлопковое напыление на внутренней части.<LI>Защита от растворов кислот и щелочей (до 40 %) и др. агрессивных сред.<LI>Для работы с нефтепродуктами, садовыми химикатами, при выполнении хозяйственно-бытовых работ.</UL><p><span class="addt">||/img/pic/defence/small/PERCHATKI_ MBS_K.jpg|/img/pic/defence/big/PERCHATKI_ MBS_K.jpg

# 91|Брезентовые Рукавицы
1|Рукавицы Х/Б с брезентовым наладонником        |91|WHB   |31,00|30,00|28,98|||| <span class=art>арт. WHB</span>|||/img/pic/defence/small/RUKOVICY HB S BREZENTOV NALAD.jpg|/img/pic/defence/big/RUKOVICY HB S BREZENTOV NALAD.jpg
1|Рукавицы брезентовые                           |91|WB    |44,00|39,00|38,00|||| <span class=art>арт. WB</span> |||/img/pic/defence/small/RUKOVICY BR S BREZENT NALADONNIKOM.jpg|/img/pic/defence/big/RUKOVICY BR S BREZENT NALADONNIKOM.jpg
1|Рукавицы брезентовые с брезентовым наладонником|91|WBB   |49,00|46,00|44,00|||| <span class=art>арт. WBB</span>|||/img/pic/defence/small/RUKOVICY BR S BREZENT NALADONNIKOM.jpg|/img/pic/defence/big/RUKOVICY BR S BREZENT NALADONNIKOM.jpg
1|Рукавицы утепленные с брезентовым наладонником |91|WU    |62,00|58,00|54,00|90||| <span class=art>арт. WU</span>|||/img/pic/defence/small/RUKAVIZY UTEPLENY S BREZENT NALADONNIKOM.jpg|/img/pic/defence/big/RUKAVIZY UTEPLENY S BREZENT NALADONNIKOM.jpg
1|Рукавицы утепленные с наладонником             |91|DIA   |56,00|52,00|49,00|90||| "Диагональ" <span class=art>арт. DIA</span>|||/img/pic/defence/small/RUKAVIZY UTEPLEN DIAGONAL.jpg|/img/pic/defence/big/RUKAVIZY UTEPLEN DIAGONAL.jpg
1|Рукавицы - краги сварщика                      |91|WELDER|89,00|85,00|82,00|||| брезентовые <strong>огнеупорные</strong> <span class=art>арт. WELDER</span>|||/img/pic/defence/small/KRAGI SVARSHIKA BREZENT - v brezente.jpg|/img/pic/defence/big/KRAGI SVARSHIKA BREZENT - v brezente.jpg
#1|Рукавицы|91||55,00|51|51||| суконные <span class=art>арт. WS</span>|||/img/pic/defence/small/jpg|/img/pic/defence/big/jpg
#1|Вачеги|91||55,00|51|51||| цельнокроеные <span class=art>арт. WCH</span>|||/img/pic/defence/small/jpg|/img/pic/defence/big/jpg

# 382|Рабочие перчатки разного назначения
1|Перчатки комбинированные с фурнитурной кожей|382|1410W|195|188|182|||| NITRAS&nbsp;1410&nbsp;W <span class=art>арт. 1410W</span>|Перчатки комбинированные, утепленные искусственным мехом||/img/pic/defence/small/NITRAS 1410 W - KOZANY UTEPL.jpg|/img/pic/defence/big/NITRAS 1410 W - KOZANY UTEPL.jpg
1|Перчатки зимние трикотажные                 |382|1603W|220|200|195||rp|| NITRAS&nbsp;1603&nbsp;W <span class=art>арт. 1603W</span>|</span></p><UL><LI>Перчатки зимние высококачественные трикотажные<LI>С ворсистым утеплителем, облитые рельефным латексом<LI>Эластичная резинка.</UL><p><span class="addt">||/img/pic/defence/small/NITRAS 1603 W.jpg|/img/pic/defence/big/NITRAS 1603 W.jpg
1|Высококачественные вязаные рабочие перчатки |382|1650 |285|265|250|||| NITRAS&nbsp;1650 <span class=art>арт. 1650</span>|</span></p><UL><LI>без шва<LI><b>с бамбуковым волокном</b><LI>с толстым латексным покрытием на ладони и кончиках пальцев<LI>покрытие &mdash; черный латекс</UL><p><span class="addt">||/img/pic/defence/small/NITRAS 1650.jpg|/img/pic/defence/big/NITRAS 1650.jpg

# 421 -># 90|Перчатки и рукавицы ТЕПЛЫЕ
1|Перчатки комбинированные с фурнитурной кожей       |421|1410W      |195|188|182|90||| NITRAS&nbsp;1410&nbsp;W <span class=art>арт. 1410W</span>|Перчатки комбинированные, утепленные искусственным мехом||/img/pic/defence/small/NITRAS 1410 W - KOZANY UTEPL.jpg|/img/pic/defence/big/NITRAS 1410 W - KOZANY UTEPL.jpg
1|Перчатки зимние трикотажные                        |421|1603W      |220|200|195|90|rp|| NITRAS&nbsp;1603&nbsp;W <span class=art>арт. 1603W</span>|</span></p><UL><LI>Перчатки зимние высококачественные трикотажные<LI>С ворсистым утеплителем, облитые рельефным латексом<LI>Эластичная резинка.</UL><p><span class="addt">||/img/pic/defence/small/NITRAS 1603 W.jpg|/img/pic/defence/big/NITRAS 1603 W.jpg

#####################################
#1|Перчатки полушерстяные с нанесением ПВХ            |90|W2         |47,00|45,00|43,00||| двойные <span class=art>арт. W2</span>|||/img/pic/defence/small/PERCHATKI POLUSHERST S PVH.jpg|/img/pic/defence/big/PERCHATKI POLUSHERST S PVH.jpg
#1|Перчатки спилковые комбинированные                 |90|ANGARA-W01 |235|220|210||| "АНГАРА" СТАНДАРТ утепленные <span class=art>арт. ANGARA-W01</span>|||/img/pic/defence/small/PERCHATKI Spilkovy STANDART.jpg|/img/pic/defence/big/PERCHATKI Spilkovy STANDART.jpg
#1|Перчатки спилковые комбинированные                 |90|1301W      |235|220|210||| NITRAS&nbsp;1301&nbsp;W <span class=art>арт. 1301W</span>|</span></p><UL><LI>Утепленные искусственным мехом</UL><p><span class="addt">||/img/pic/defence/small/NITRAS 1301 W - PERCHATKI SPILK - ZIMA.jpg|/img/pic/defence/big/NITRAS 1301 W - PERCHATKI SPILK - ZIMA.jpg
#1|Перчатки спилковые комбинированные                 |90|1302WI     |235|220|210||| NITRAS&nbsp;1302&nbsp;WI <span class=art>арт. 1302WI</span>|</span></p><UL><LI>Утепленные искусственным мехом<LI>Защита от механических повреждений</UL><p><span class="addt">||/img/pic/defence/small/NITRAS 1302 WI - PERCHATKI - ZIMA.jpg|/img/pic/defence/big/NITRAS 1302 WI - PERCHATKI - ZIMA.jpg
#1|Краги сварщика спилковые                           |90|20435W     |290|280|270||| теплые пятипалые, 35 см <span class=art>арт. 20435W</span>|</span></p><UL><LI>Утепленные мехом в качестве подкладки.<LI>Эффективно защищают работника от искр и окалины.<LI>Защитные свойства согласно стандартам Евросоюза и ГОСТ: EN&nbsp;388&nbsp;-&nbsp;4243, EN&nbsp;12477&nbsp;-&nbsp;313X4X, EN&nbsp;511&nbsp;-&nbsp;11X.</UL><p><span class="addt">||/img/pic/defence/small/sol20435W.jpg|/img/pic/defence/big/sol20435W.jpg
#1|Перчатки комбинированные с фурнитурной кожей       |90|1410W      |195|188|182||| NITRAS&nbsp;1410&nbsp;W <span class=art>арт. 1410W</span>|Перчатки комбинированные, утепленные искусственным мехом||/img/pic/defence/small/NITRAS 1410 W - KOZANY UTEPL.jpg|/img/pic/defence/big/NITRAS 1410 W - KOZANY UTEPL.jpg
#1|Перчатки зимние трикотажные                        |90|1603W      |220|200|195|rp|| NITRAS&nbsp;1603&nbsp;W <span class=art>арт. 1603W</span>|</span></p><UL><LI>Перчатки зимние высококачественные трикотажные<LI>С ворсистым утеплителем, облитые рельефным латексом<LI>Эластичная резинка.</UL><p><span class="addt">||/img/pic/defence/small/NITRAS 1603 W.jpg|/img/pic/defence/big/NITRAS 1603 W.jpg
#1|Перчатки полушерстяные с нанесением ПВХ            |90|W1|24,00|22,00|21,00|||         <span class=art>арт. W1</span>|||/img/pic/defence/small/PERCHATKI POLUSHERST S PVH.jpg|/img/pic/defence/big/PERCHATKI POLUSHERST S PVH.jpg
#1|Перчатки трикотажные зимние черные с нанесением ПВХ|90|W3|32,80|30,50|28,50||| двойные <span class=art>арт. W3</span>|||/img/pic/defence/small/PERCHATKI POLUSHERST S PVH.jpg|/img/pic/defence/big/PERCHATKI POLUSHERST S PVH.jpg
#1|Рукавицы утепленные с брезентовым наладонником|90||49,00|45|42||| <span class=art>арт. WU</span>|||/img/pic/defence/small/RUKAVIZY UTEPLENY S BREZENT NALADONNIKOM.jpg|/img/pic/defence/big/RUKAVIZY UTEPLENY S BREZENT NALADONNIKOM.jpg
#1|Рукавицы утепленные|90|DIA|48|46|44|rp|| "Диагональ" <span class=art>арт. DIA</span>|||/img/pic/defence/small/RUKAVIZY UTEPLEN DIAGONAL.jpg|/img/pic/defence/big/RUKAVIZY UTEPLEN DIAGONAL.jpg
#1|Перчатки комбинированные спилком Стандарт утепленные|90||109|-||Перчатки комбинированные спилком| утепленные|||/img/pic/defence/small/PERCHATKI Spilkovy STANDART.jpg|/img/pic/defence/big/PERCHATKI Spilkovy STANDART.jpg

#####################################
1|Высококачественные трикотажные перчатки облитые латексом|332||45||| NITRAS&nbsp;1603 (Германия), р.&nbsp;9 <span class=art>арт. 1603-S09</span>|</span></p><UL><LI>технология бесшовной вязки<LI>толстый рельефный слой латекса<LI>манжет - эластичная резинка<LI>повышенная тактильность</UL><p><span class="addt">||/img/pic/defence/small/Nitras 1603.jpg|/img/pic/defence/big/Nitras 1603.jpg
#1|Краги сварщика спилковые|332||130|||, 35 см NITRAS&nbsp;20435 <span class=art>арт. 20435</span>|</span></p><UL><LI>Защита от искр, брызг раскаленного металла, высоких температур<LI>Механически стойкие</UL><p><span class="addt">||/img/pic/defence/small/NITRAS 20435.jpg|/img/pic/defence/big/NITRAS 20435.jpg
1|Перчатки с нитриловым каучуковым покрытием|332||44||| NITRAS&nbsp;3420: полный облив, на манжете, р.&nbsp;10 <span class=art>арт. 3420-10</span>          |</span></p><UL><LI>Механически и маслобензостойкие нитриловые перчатки.<LI>Рабочая поверхность: нитриловый каучук, гладкое покрытие.<LI>Внутренняя поверхность: ворсовая ткань из 100% хлопка.<LI>Манжет: трикотажная резинка.</UL><p><span class="addt">||/img/pic/defence/small/NITRAS 3420.jpg|/img/pic/defence/big/NITRAS 3420.jpg
1|Перчатки с нитриловым каучуковым покрытием|332||44||| NITRAS&nbsp;3400: полуоблив, облегченные, на манжете, р.&nbsp;10 <span class=art>арт. 3400-S10</span>          |</span></p><UL><LI>Механически и маслобензостойкие нитриловые перчатки, покрытые облегченным слоем нитрила для выполнения точных и тонких операций.<LI>Рабочая поверхность: нитриловый каучук, гладкое покрытие.<LI>Внутренняя поверхность: ворсовая ткань из 100% хлопка.<LI>Манжет: вязанный, 100%хлопок.</UL><p><span class="addt">||/img/pic/defence/small/NITRAS 3400.jpg|/img/pic/defence/big/NITRAS 3400.jpg
1|Перчатки нитриловые химически-стойкие,|332||44||| NITRAS&nbsp;3450, р.&nbsp;9 <span class=art>арт. 3450-S09</span>|</span></p><UL><LI>Защищают руки при работе с нефтепродуктами (в т.ч. бензином, керосином), минеральными маслами, пищевыми жирами, этиловым спиртом, алифатическими растворителями, с растворами кислот и щелочей.<LI>Рифленная рабочая поверхность дает высокую механическую прочность.<LI>Внутренняя поверхность - хлопковое напыление.</UL><p><span class="addt">||/img/pic/defence/small/PERCHATKI SPEZ NITRAS - 3450.jpg|/img/pic/defence/big/PERCHATKI SPEZ NITRAS - 3450.jpg
#1|Краги сварщика спилковые|332||188|bp|| NITRAS&nbsp;20435&nbsp;W, 35 см <span class=art>арт. 20435W</span>|</span></p><UL><LI>Утепленные искусственным мехом</UL><p><span class="addt">||/img/pic/defence/small/NITRAS 20435 W.jpg|/img/pic/defence/big/NITRAS 20435 W.jpg
1|Перчатки FLAMINGO  |332||182|bp rp|| NITRAS&nbsp;16023&nbsp;W, 35 см <span class=art>арт. 16023W</span>|</span></p><UL><LI>маслобензостойкие<LI>нефтеморозостойкие</UL><p><span class="addt">||/img/pic/defence/small/FLAMINGO NITRAS 160230W - 35 mm.jpg|/img/pic/defence/big/FLAMINGO NITRAS 160230W - 35 mm.jpg
1|Перчатки FLAMINGO-K|332||182|bp rp|| NITRAS&nbsp;1602&nbsp;STW <span class=art>арт. 1602STW</span>|</span></p><UL><LI>маслобензостойкие<LI>нефтеморозостойкие<LI>жесткая крага</UL><p><span class="addt">||/img/pic/defence/small/FLAMINGO - K NITRAS 1602STW - KRAGA.jpg|/img/pic/defence/big/FLAMINGO - K NITRAS 1602STW - KRAGA.jpg

#1|Перчатки трикотажные с покрытием из полиуретана|332||41||| NITRAS&nbsp;6200 <span class=art>арт. 6200-</span>|</span></p><UL><LI>покрытие - белый гладкий полиуретан<LI>манжет - эластичная резинка<LI>основа - высококачественный трикотаж 100% нейлон</UL><span class="addt">Для общестроительных и точных производственных работ.||/img/pic/defence/small/NITRAS 6200.jpg|/img/pic/defence/big/NITRAS 6200.jpg
#1|Краги сварщика спилковые|332||155|||, 35 см, на подкладке (хлопок) NITRAS&nbsp;20535 <span class=art>арт. 20535</span>|</span></p><UL><LI>Защита от искр, брызг раскаленного металла, высоких температур<LI>Механически стойкие</UL><p><span class="addt">||/img/pic/defence/small/NITRAS 20535.jpg|/img/pic/defence/big/NITRAS 20535.jpg
#1|Перчатки комбинированные спилком,|332||79||| класс А NITRAS&nbsp;1302 <span class=art>арт. 1302</span>|||/img/pic/defence/small/PERCHATKI KOMBINIROV NITRAS 1302.jpg|/img/pic/defence/big/PERCHATKI KOMBINIROV NITRAS 1302.jpg
#1|Перчатки комбинированные спилком |332|1301C|75||| NITRAS&nbsp;1301&nbsp;C <span class=art>арт. 1301C</span>|</span></p><UL><LI>Улучшенного качества<LI>Жесткая крага: защита от механических повреждений<LI>На запястье резинка</UL><p><span class="addt">||/img/pic/defence/small/PERCHATKI KOMBINIROV NITRAS - 1301C.jpg|/img/pic/defence/big/PERCHATKI KOMBINIROV NITRAS - 1301C.jpg
#1|Перчатки с нитриловым каучуковым покрытием|332||55||| NITRAS&nbsp;3440: полный облив, на краге      <span class=art>арт. 3440</span>          |</span></p><UL><LI>Механически и маслобензостойкие нитриловые перчатки.<LI>Рабочая поверхность: нитриловый каучук, гладкое покрытие.<LI>Внутренняя поверхность: ворсовая ткань из 100% хлопка.<LI>Манжет: жесткая крага.</UL><p><span class="addt">||/img/pic/defence/small/NITRAS 3440.jpg|/img/pic/defence/big/NITRAS 3440.jpg
#1|Краги сварщика спилковые|89||110|104|98|||, 35 см, 3-палые NITRAS&nbsp;20935 S <span class=art>арт. WG-N-018</span>|||/img/pic/defence/small/KRAGi 3 palye 20935S NITRAS.jpg|/img/pic/defence/big/KRAGi 3 palye 20935S NITRAS.jpg
#1|Перчатки ПРЕМИУМ с нитриловым каучуковым покрытием|87||99,00|96|96||| NITRAS&nbsp;3420: полный облив, на манжете    <span class=art>арт. 3420-P</span>          |Высококачественные перчатки с улучшенным нитриловым покрытием для защиты от тяжелых механических воздействий, стойкие к порезам, истиранию, проколам.||/img/pic/defence/small/n3420p.jpg|/img/pic/defence/big/-n3420p.jpg
#1|Перчатки с нитриловым каучуковым покрытием|87||61,00|||| NITRAS&nbsp;3430: полуоблив, на краге         <span class=art>арт. 3430</span>          |Механически и маслобензостойкие.||/img/pic/defence/small/n3430.jpg|/img/pic/defence/big/-n3430.jpg
#1|Перчатки с нитриловым каучуковым покрытием|87||66,00|61|61||| NITRAS&nbsp;3410: полуоблив, на манжете       <span class=art>арт. 3410</span>          |Механически и маслобензостойкие.||/img/pic/defence/small/n3410.jpg|/img/pic/defence/big/-n3410.jpg
#1|Перчатки с нитриловым каучуковым покрытием|87||59,00|-||| NITRAS&nbsp;3400&nbsp;V: полный облив, облегченные, на манжете <span class=art>арт. </span>|Механически и маслобензостойкие, возможность точных операций.||/img/pic/defence/small/n3400v.jpg|/img/pic/defence/big/-n3400v.jpg
#1|Перчатки латексные общего назначения|88||45,00|41|41||| NITRAS&nbsp;3220 <span class=art>арт. 3220</span>|||/img/pic/defence/small/NITRAS 3220 - spez.jpg|/img/pic/defence/big/NITRAS 3220 - spez.jpg
#1|Перчатки FLAMINGO-M|90||182|bp rp|| NITRAS&nbsp;1602&nbsp;SSW <span class=art>арт. 1602SSW</span>|</span></p><UL><LI>маслобензостойкие<LI>нефтеморозостойкие<LI>манжет</UL><p><span class="addt">||/img/pic/defence/small/FLAMINGO - M NITRAS 1602SSW - manjet.jpg|/img/pic/defence/big/FLAMINGO - M NITRAS 1602SSW - manjet.jpg

# 264|Маска сварщика
 1|Маска сварщика                                         |264|EUR-0120| 129,00| 125,00| 122,00||norow|| "Евростандарт" пластиковая СВОНА, стекло 110х90 мм <span class=art>арт. EUR-0120</span>|</span></p><UL><LI>Корпус маски изготовлен из полипропилена марки <b>22-01-5С</b>, который является безопасным при воздействии высоких температур и самозатухающим.<LI>Светофильтр, установленный в маску, легко заменяется в случае повреждения, в том числе на самозатемняющийся.<LI>Стекло размером <b>110х90 мм</b> крепится с помощью уплотнительной резинки и демонтируется без применения специальных инструментов.<LI>Маска удобно фиксируется на голове с помощью <b>регулируемого реечного крепления</b> и не соскальзывает.<LI>Большой щиток специальной формы исключает попадание на лицо искр и предусматривает достаточный приток воздуха, обеспечивая <b>длительную комфортную работу</b>.</UL><p><span class="addt">||/img/pic/defence/small/mask_svona.jpg|/img/pic/defence/big/mask_svona.jpg
 0|Маска сварщика "Евростандарт" пластиковая СВОНА        |264|EUR-0120| 129,00| 125,00| 122,00|
#1|Маска электросварщика                                  |264|89122   | 235,00| 220,00| 210,00||norow|| пластиковая с откидным блоком светофильтра, SiB <span class=art>арт. 89122</span>|</span></p><UL><LI>Размер смотрового стекла 110 x 90 мм.<LI>Степень затемнения светофильтра DIN 10.</UL>||/img/pic/defence/small/89122.jpg|/img/pic/defence/big/89122.jpg
#0|Маска электросварщика с откидным блоком светофильтра   |264|89122   | 235,00| 220,00| 210,00|
 1|Маска сварщика                                         |264|FOX-0311|1098,00|1075,00|1055,00||norow|| КОРУНД "Прима" АСФ 3/11 (Foxweld) <span class=art>арт. FOX-0311</span>|</span></p><UL><LI>Автоматически затемняемый светофильтр (АСФ) со степенью затемнения от 3 до 11 DIN.<LI>2 независимых фотодатчика, время срабатывания: 0.0002 - 0.0005с. Регулировка чувствительности: режимы "сварка" и "резка".<LI>Питание от солнечных батарей; имеется встроенный аккумулятор.<LI>Установочные размеры светофильтра 110&nbsp;&#215;&nbsp90&nbsp;&#215;&nbsp9&nbsp;мм. Размер смотрового окна 98&nbsp;&#215;&nbsp35&nbsp;мм. Вес 490&nbsp;г.</UL><p><span class="addt">||/img/pic/defence/small/maska_korund_prima_asf_3_11.jpg|/img/pic/defence/big/maska_korund_prima_asf_3_11.jpg
 0|Маска сварщика КОРУНД "Прима" АСФ 3/11 (Foxweld)       |264|FOX-0311|1098,00|1075,00|1055,00|
#1|Маска сварщика                                         |264|89131   |2650,00|2560,00|2490,00||norow|| MATRIX "Optimal" с автозатемнением <span class=art>арт. 89131</span>|||/img/pic/defence/small/89131.jpg|/img/pic/defence/big/89131.jpg
#0|Маска сварщика с автозатемнением MATRIX "Optimal"      |264|89131   |2950,00|2910,00|2860,00|
 1|Очки газосварщика                                      |264|GAZ.2   |  72,98|  69,98|  63,98||norow|| 3H1-Г2 <span class=art>арт. GAZ.2</span>|</span><span class="for">Для защиты от ярких вспышек, искр, пыли и других опасных мелких частиц</span></p><UL><LI>Стекла в этой модели заменяются буквально за несколько секунд, это можно сделать без отрыва от работы. Сварщик может самостоятельно выбрать тип светофильтра — Г1, Г2, Г3.<LI>В очках защитных 3Н1Г2 устанавливаются минеральные стекла первого класса оптики, что обеспечивает надежную защиту даже от самого яркого света, при этом глаза не напрягаются, не устают, зрение не ухудшается.<LI>Корпус выполнен из винилискожи, он приятный на ощупь и полностью закрывает зону глаз со всех сторон, плотно прилегая к лицу. Он термоустойчив, ему не страшны искры и повреждения, а несколько рядов отверстий на нем обеспечивают хорошую вентиляцию.<LI>Плотная эластичная резинка, которой закрепляются защитные очки 3Н1Г2, позволяет надежно зафиксировать их в одном положении. Резинка не порвется и не создаст непредвиденных ситуаций.</UL><p><span class="addt">||/img/pic/defence/small/zn1-2.jpg|/img/pic/defence/big/zn1-2.jpg
 0|Очки газосварщика 3H1-Г2                               |264|GAZ.2   |  72,98|  69,98|  63,98|
#1|Очки газосварщика с откидными стеклами                 |264|22-3-010|  89,00|  85,00|  78,00||norow|| (Россия) <span class=art>арт. 22-3-010</span>|||/img/pic/defence/small/OCHKI GAZOSVARSHIKA OTKIDNY STEKLA.jpg|/img/pic/defence/big/OCHKI GAZOSVARSHIKA OTKIDNY STEKLA.jpg
#0|Очки газосварщика с откидными стеклами                 |264|22-3-010|  89,00|  85,00|  78,00|
 1|Очки газосварщика закрытого типа                       |264|89149   | 128,00| 122,00| 118,00||norow||, с непрямой вентиляцией <span class=art>арт. 89149</span>|Материал линзы – ударопрочный поликарбонат – гарантирует максимальную защиту органов зрения при проведении работ.||/img/pic/defence/small/89149.jpg|/img/pic/defence/big/89149.jpg
 0|Очки газосварщика закрытого типа с непрямой вентиляцией|264|89149   | 128,00| 122,00| 118,00|
#1|Очки газосварщика с откидными стеклами                 |264|89148   | 118,00| 112,00| 108,00||norow|| MATRIX <span class=art>арт. 89148</span>|||/img/pic/defence/small/OCHKI GAZOSVARSHIKA OTKIDNY STEKLA.jpg|/img/pic/defence/big/OCHKI GAZOSVARSHIKA OTKIDNY STEKLA.jpg
#0|Очки газосварщика с откидными стеклами MATRIX          |264|89148   | 118,00| 112,00| 108,00||
 1|Стекла для маски сварщика                              |264|J69121  |  29,00|  27,00|  24,00||norow|||||/img/pic/defence/small/glass.jpg|/img/pic/defence/big/jpg
 0|Стекло для маски сварщика 110 &#215; 90 DIN &numsp;8   |264|DIN.08.2|  29,00|  27,00|  24,00|
 0|Стекло для маски сварщика 110 &#215; 90 DIN &numsp;9   |264|DIN.09.2|  29,00|  27,00|  24,00|
 0|Стекло для маски сварщика 110 &#215; 90 DIN       10   |264|DIN.10.2|  29,00|  27,00|  24,00|
 0|Стекло для маски сварщика 110 &#215; 90 DIN       11   |264|DIN.11.2|  29,00|  27,00|  24,00|
 0|Стекло для маски сварщика 110 &#215; 90 прозрачное     |264|GL-T    |  12,90|  11,90|  11,20|
 0|Стекло для маски сварщика 121 &#215; 69 № 3            |264|DIN.08  |  29,00|  27,00|  24,00||blkt2
 0|Стекло для маски сварщика 121 &#215; 69 № 4            |264|DIN.09  |  29,00|  27,00|  24,00|
 0|Стекло для маски сварщика 121 &#215; 69 № 5            |264|DIN.10  |  29,00|  27,00|  24,00|

# 263|Очки защитные
 1|Очки защитные открытого типа прозрачные            |263|LU.CS        | 39,00| 38,00| 37,00||norow|| "Люцерна" <span class=art>арт. LU.CS</span>|</span></p><UL><LI>Защитные очки предназначены для предотвращения механического поражения глаз от брызг строительных растворов и летящих твердых частиц.<LI>Изготовлены из ударопрочного поликарбоната.<LI>Имеют верхнюю и боковую защиту.<LI>Широкий панорамный обзор. Без ограничения по сроку ношения.</UL><p><span class="addt">||/img/pic/defence/small/lucern_n.jpg|/img/pic/defence/big/lucern_n.jpg
 0|Очки защитные открытого типа "Люцерна"   прозрачные|263|LU.CS        | 39,00| 38,00| 37,00|
 1|Очки защитные открытого типа бесцветные            |263|1501-48.00.00| 94,00| 91,00| 87,00||norow|| HARDY (Польша) <span class=art>арт. 1501-48.00.00</span>|</span><span class="for">Для предотвращения механического поражения глаз от брызг строительных растворов и летящих твердых частиц</span></p><UL><LI>Класс защиты <b>F</b>.<LI>Устойчивость к ударам до <b>45 м/с</b>.</UL><p><span class="addt">||/img/pic/defence/small/1501-480000.jpg|/img/pic/defence/big/1501-480000.jpg
 0|Очки защитные открытого типа бесцветные HARDY      |263|1501-48.00.00| 94,00| 91,00| 87,00|
 1|Очки защитные закрытого типа с непрямой вентиляцией|263|89160        | 52,00| 50,00| 48,00||norow|||</span></p><UL><LI>Стекло - 2-миллиметровый ударопрочный поликарбонат.<LI>Специальные клапаны особой конструкции предохраняют от запотевания.</UL><p><span class="addt">||/img/pic/defence/small/89160.jpg|/img/pic/defence/big/89160.jpg
 0|Очки защитные закр. с непрямой вентиляцией MATRIX  |263|89160        | 52,00| 50,00| 48,00||
 1|Очки защитные закрытого типа с прямой вентиляцией  |263|CSG.I        | 39,00| 38,00| 37,00||norow|| "Исток" <span class=art>арт. CSG.I</span>|||/img/pic/defence/small/CSG.jpg|/img/pic/defence/big/CSG.jpg
 0|Очки защитные закр. типа с прямой вентил. "Исток"  |263|CSG.I        | 39,00| 38,00| 37,00|
#1|Очки защитные закрытого типа с прямой вентиляцией  |263|89161        | 49,00| 47,00| 45,00||norow|| SiB <span class=art>арт. 89161</span>|</span></p><UL><LI>Очки с прямой вентиляцией обеспечивают защиту глаз от воздействия стружки и других твердых частиц, а также от прямого попадания пыли в подочечное пространство.<LI>Анатомическая форма обтюратора обеспечивает идеальное прилегание изделия к лицу.<LI>Материал линзы – ударопрочный поликарбонат - гарантирует максимальную защиту глаз при проведении работ.</UL><p><span class="addt">||/img/pic/defence/small/89161.jpg|/img/pic/defence/big/89161.jpg
#0|Очки защитные закрытого типа с прямой вентиляцией  |263|89161        | 49,00| 47,00| 45,00||||
 1|Щиток защитный                                     |263|PSH1         |135,00|131,00|127,00||norow|| НБТ-1 "Исток" <span class=art>арт. PSH1</span>|</span></p><UL><LI>Предназначен для защиты глаз и лица от воздействия твердых частиц и брызг неагрессивных жидкостей.<LI>Изготовлен из органического стекла (полистирол толщиной 2 мм).<LI>Легкозаменяемое стекло сочетается с любыми очками и респираторами. Длина защитного экрана 20см.</UL><p><span class="addt">||/img/pic/defence/small/SCHITOK SVARSZIKA.jpg|/img/pic/defence/big/SCHITOK SVARSZIKA.jpg
 0|Щиток защитный НБТ-1 "Исток"                       |263|PSH1         |135,00|131,00|127,00|
 1|Щиток защитный                                     |263|89124        |239,00|239,00|239,00||norow sale1|| НБТ 400 х 240 (высота) мм, поликарбонат, СИБРТЕХ <span class=art>арт. 89124</span>|</span></p><UL><LI>Щиток из прозрачного поликарбоната для защиты лица и глаз от механических повреждений во время работы.<LI>Эффективно защищает от искр при работе болгаркой, от разлетающихся камней при работе перфоратором или отбойником и в прочих работах.</UL><p><span class="addt">||/img/pic/defence/small/sib89124.jpg|/img/pic/defence/big/sib89124.jpg
 0|Щиток защитный НБТ 400 х 240, СИБРТЕХ              |263|89124        |239,00|239,00|239,00|
 1|Щиток защитный                                     |263|89125        |169,00|169,00|169,00||norow sale1|| 300 х 200(высота) мм, полистирол, СИБРТЕХ <span class=art>арт. 89125</span>|</span></p><UL><LI>Защитный лицевой щиток из оптически прозрачного полистирола толщиной 2 мм, устойчивый к воздействию искр и брызг расплавленного металла, высоким температурам, царапанию и истиранию.<LI>Эффективно защищает глаза и лицо от искр при работе болгаркой, от разлетающихся камней при работе перфоратором или отбойником и в прочих работах.</UL><p><span class="addt">||/img/pic/defence/small/sib89125.jpg|/img/pic/defence/big/sib89125.jpg
 0|Щиток защитный 300 х 200, СИБРТЕХ                  |263|89125        |169,00|169,00|169,00|
#1|Очки защитные закрытого типа с непрямой вентиляцией|263|ISG.1        | 39,00| 38,00| 37,00||norow|| ИСТОК  <span class=art>арт. ISG.1</span>|||/img/pic/defence/small/isg1.jpg|/img/pic/defence/big/isg1.jpg
#0|Очки защитные закр. с непрямой вентиляцией ИСТОК   |263|ISG.1        | 39,00| 38,00| 37,00|
#1|Очки защитные закрытого типа с непрямой вентиляцией|263|ETG.1        |109,00|102,00| 95,00||norow|| ЭТАЛОН <span class=art>арт. ETG.1</span>|</span></p><UL><LI>Очки с увеличенным защитным стеклом (возможно ношение с очками), мягким корпусом с четырьмя вентиляционными устройствами, обеспечивающими эффективную вентиляцию, и эластичной регулируемой наголовной лентой.<LI>Защитное стекло из оптически прозрачного ударостойкого и термостойкого поликарбоната, с твердым слоем от истирания и царапания, обеспечивает защиту от высокоскоростных частиц и УФ-излучения.<LI>Очки изготовлены без металлических деталей, из материалов, обладающих идеальными изолирующими свойствами и не проводящими электрический ток.</UL><p><span class="addt">||/img/pic/defence/small/ETG1.jpg|/img/pic/defence/big/ETG1.jpg
#0|Очки защитные закр. с непрямой вентиляцией ЭТАЛОН  |263|ETG.1        |109,00|102,00| 95,00|
#1|Очки защитные открытого типа                       |263|89155        | 49,00| 47,00| 45,00||norow|| "Универсал", SiB|</span></p><UL><LI>Защитные очки предназначены для предотвращения механического поражения глаз от брызг строительных растворов и летящих твердых частиц.<LI>Изготовлены из ударопрочного поликарбоната.<LI>Имеют верхнюю и боковую защиту.<LI>Без ограничения по сроку ношения.</UL><p><span class="addt">||/img/pic/defence/small/OCHKI UNIVERSAL.jpg|/img/pic/defence/big/OCHKI UNIVERSAL.jpg
#0|Очки защитные открытого типа "Универсал" прозрачные|263|89155        | 49,00| 47,00| 45,00|
#0|Очки защитные открытого типа "Универсал" жёлтые    |263|89157        | 53,00| 49,00| 46,00|
#0|Очки защитные закрытого типа с непрямой вентиляцией|263|22-3-018     | 59   | 55   | 53||
#1|Очки защитные "Стиль", прозрачные                  |263|GP-          | 50   | 47   | 45||norow|| "СТИЛЬ" <span class=art>арт. GP-1/2/3</span>|</span></p><UL><LI>Изготовлены из ударопрочного поликарбоната, имеют УФ стабилизирующую добавку.<LI>Широко применяются на производстве и в быту.<LI>ТРИ цвета: прозрачные, желтые, дымчатые.</UL><p><span class="addt">||/img/pic/defence/small/Ochki STIL.jpg|/img/pic/defence/big/Ochki STIL.jpg
#0|Очки защитные "Стиль", прозрачные                  |263|GP-1         | 50   | 47   | 45||||
#0|Очки защитные "Стиль", желтые                      |263|GP-2         | 50   | 47   | 45||||
#0|Очки защитные "Стиль", дымчатые                    |263|GP-3         | 50   | 47   | 45||||
#1|Очки защитные "Труд",  прозрачные                  |263|GPT          | 50   | 47   | 45||norow|| "ТРУД", прозрачные <span class=art>арт. GPT</span>|</span></p><UL><LI>Изготовлены из ударопрочного поликарбоната, имеют УФ стабилизирующую добавку.<LI>Широко применяются на производстве и в быту.</UL><p><span class="addt">||/img/pic/defence/small/Ochki TRUD.jpg|/img/pic/defence/big/Ochki TRUD.jpg
#0|Очки защитные "Труд",  прозрачные                  |263|GPT          | 50   | 47   | 45||||
#1|Очки защитные "Универсал", прозрачные              |263|GPU-         | 75   | 71   | 67||norow|| "УНИВЕРСАЛ" <span class=art>арт. GPU-1/2/3</span>|</span></p><UL><LI>Изготовлены из ударопрочного поликарбоната c УФ-добавкой (99% защиты от ультрафиолета).<LI>Имеют регулируемую длину заушин и современный дизайн.<LI>ТРИ цвета: прозрачные, желтые, дымчатые.</UL><p><span class="addt">||/img/pic/defence/small/OCHKI UNIVERSAL.jpg|/img/pic/defence/big/OCHKI UNIVERSAL.jpg
#0|Очки защитные "Универсал", прозрачные              |263|GPU-1        | 75   | 71   | 67||||
#0|Очки защитные "Универсал", желтые                  |263|GPU-2        | 75   | 71   | 67||||
#0|Очки защитные "Универсал", дымчатые                |263|GPU-3        | 75   | 71   | 67||||
#1|Очки защитные закрытого типа с непрямой вентиляцией|263|89160        | 59   | 55   | 53|||| MATRIX <span class=art>арт. 89160</span>|</span></p><UL><LI>Стекло - 2-миллиметровый ударопрочный поликарбонат.<LI>Специальные клапаны особой конструкции предохраняют от запотевания.</UL><p><span class="addt">||/img/pic/defence/small/89160.jpg|/img/pic/defence/big/jpg
#1|Очки защитные                                      |263|89169        |59   |55|52||| закрытого типа <span class=art>арт. 89169</span>|</span></p><UL><LI>Специальные клапаны от запотевания<LI>Линзы изготовлены из 2-мм ударопрочного поликарбоната</UL><p><span class="addt">||/img/pic/defence/small/OCHKI ZAKRYTOGO TIPA.jpg|/img/pic/defence/big/OCHKI ZAKRYTOGO TIPA.jpg
#1|Очки защитные|263|0550|39|36|35||| с непрямой вентиляцией <span class=art>арт. 0550</span>|||/img/pic/defence/small/jpg|/img/pic/defence/big/jpg
#1|Очки защитные|263||39,00|37||| "ТРУД" <span class=art>арт. GP-001/002/003</span>|</span></p><UL><LI>Изготовлены из ударопрочного поликарбоната, имеют УФ стабилизирующую добавку.<LI>Широко применяются на производстве и в быту.<LI>ТРИ цвета: прозрачные, желтые, дымчатые.</UL><p><span class="addt">||/img/pic/defence/small/Ochki TRUD.jpg|/img/pic/defence/big/Ochki TRUD.jpg
#1|Очки защитные|263||33|32|31||| "СТИЛЬ" <span class=art>арт. GP-005/006</span>|</span></p><UL><LI>Изготовлены из ударопрочного поликарбоната, имеют УФ стабилизирующую добавку.<LI>Широко применяются на производстве и в быту.<LI>Два цвета: желтые и дымчатые.</UL><p><span class="addt">||/img/pic/defence/small/Ochki STIL.jpg|/img/pic/defence/big/Ochki STIL.jpg
#1|Щиток защитный|263||288,00|277||| MATRIX 425&nbsp;&#215;&nbsp220&nbsp;мм, цельный корпус <span class=art>арт. 89126</span>|</span></p><UL><LI>ударопрочный пластик<LI>наголовник состоит из мягких наголовных лент</UL><p><span class="addt">||/img/pic/defence/small/SHITIK MATRIX.jpg|/img/pic/defence/big/SHITIK MATRIX.jpg
#1|Щиток защитный|-93||155,00|-||| 390&nbsp;&#215;&nbsp175&nbsp;мм|Защита от механических повреждений при попадании твердых частиц. Поверхность желтая.||/img/pic/defence/small/Shitok shield yell.jpg|/img/pic/defence/big/Shitok shield yell.jpg
#1|Маска сварщика                                     |264|89133   |2490,|50|30||| с автозатемнением MATRIX <span class=art>арт. 89133</span>|</span></p><UL><LI>Время автоматического реагирования 1/25000 сек.<LI>Степень затемнения 9-13 DIN. Задержка затемнения 0,2-1 сек. Регулировка чувствительности датчиков плавная.<LI>Установочные размеры светофильтра 110&nbsp;&#215;&nbsp90&nbsp;&#215;&nbsp9&nbsp;мм. Размер смотрового окна 98&nbsp;&#215;&nbsp43&nbsp;мм. Вес 520&nbsp;г.</UL><p><span class="addt">||/img/pic/defence/small/89133.jpg|/img/pic/defence/big/jpg
#1|Очки&nbsp;газосварщика винтовые|264||295,00|278|272||| ЗН-56 <span class=art>арт. GLASS-3Н-56</span>|||/img/pic/defence/small/vint56.jpg|/img/pic/defence/big/vint56.jpg

# 92|Респираторы
 1|Респиратор                                |92|IS.1F  | 19,95| 19,45| 18,95|586|norow|| "Исток-1Ф" <span class=art>арт. ISK</span>|</span><span class="for">Многослойная фильтрующая полумаска, формованная, для защиты органов дыхания от аэрозолей</span><span class="addt">Класс защиты FFP1 (до 4 ПДК).||/img/pic/defence/small/istok_1F.jpg|/img/pic/defence/big/istok_1F.jpg
 0|Респиратор "Исток-1Ф"                     |92|IS.1F  | 19,95| 19,45| 18,95|586|
 1|Респиратор                                |92|U2K-001| 23,98| 22,98| 21,98|586|norow|| У-2К (зеленый) <span class=art>арт. U2K-001</span>|Защита органов дыхания при выполнении работ средней тяжести.<br>Защищает от пыли и аэрозолей, присутствующих в воздухе||/img/pic/defence/small/U2K respirator.jpg|/img/pic/defence/big/U2K respirator.jpg
 0|Респиратор У-2К (зеленый)                 |92|U2K-001| 23,98| 22,98| 21,98|586|
 1|Респиратор противоаэрозольный             |92|3М8101 | 37,85| 36,95| 34,98|586|norow|| 8101 3М <span class=art>арт. 3М8101</span>|</span><span class="for">Респиратор формованый 3М 8101 без клапана выдоха для защиты органов дыхания от пылей и туманов</span></p><UL><LI>Класс защиты FFP1 (до 4 ПДК).<LI>Может использоваться в условиях повышенных и пониженных температур и при повышенной влажности воздуха.<LI>Мягкая прокладка под носовым зажимом, внутренний слой из гиппоалергенного материала, крепление резинок в 4х точках.</UL><p><span class="addt">||/img/pic/defence/small/Respirator 3M 8101.jpg|/img/pic/defence/big/Respirator 3M 8101.jpg
 0|Респиратор противоаэрозольный 8101 3М     |92|3М8101 | 37,85| 36,95| 34,98|586|
 1|Респиратор противоаэрозольный             |92|3М8102 | 49,45| 47,95| 45,95|586|norow|| 8102 3М <span class=art>арт. 3М8102</span>|</span><span class="for">Респиратор формованый 3М 8102 без клапана выдоха для защиты органов дыхания от пылей и туманов</span></p><UL><LI>Класс защиты FFP2 (до 12 ПДК).<LI>Может использоваться в условиях повышенных и пониженных температур и при повышенной влажности воздуха.<LI>Мягкая прокладка под носовым зажимом, внутренний слой из гиппоалергенного материала, крепление резинок в 4х точках.</UL><p><span class="addt">||/img/pic/defence/small/8102.jpg|/img/pic/defence/big/8102.jpg
 0|Респиратор противоаэрозольный 8102 3М     |92|3М8102 | 49,45| 47,95| 45,95|586|
 1|Респиратор противоаэрозольный             |92|3М8112 | 72,95| 70,95| 68,98|586|norow|| 8112 3М <span class=art>арт. 3М8112</span>|</span><span class="for">Респиратор формованый 3М 8112 эконом серии с клапаном выдоха для защиты органов дыхания от пылей и туманов</span></p><UL><LI>Класс защиты FFP1 (до 4 ПДК).<LI>Может использоваться в условиях повышенных и пониженных температур и при повышенной влажности воздуха.<LI>Удобная чашеобразная форма, внутренний слой из гиппоалергенного материала, крепление резинок в 4х точках.<LI>Запатентованный 3М фильтр Медиа обеспечивает эффективную фильтрацию и легкость дыхания.<LI>Параболический клапан выдоха 3M Cool Flow эффективно отводит тепло и влагу и также обеспечивает легкость дыхания.</UL><p><span class="addt">||/img/pic/defence/small/8112.jpg|/img/pic/defence/big/8112.jpg
 0|Респиратор противоаэрозольный 8112 3М     |92|3М8112 | 72,95| 70,95| 68,98|586|
 1|Респиратор противогазовый                 |92|RPG-A/B|184,00|179,00|175,00|586|norow|| РПГ-67|Применяется в промышленности и в быту:</span></span></p><UL><LI>при проведении лакокрасочных и ремонтных работ;<LI>при работе с удобрениями и ядохимикатами.</UL><p><span class="addt">Обеспечивает защиту до 10-15 ПДК.<br>Комплектуется сменными патронами.||/img/pic/defence/small/RPG67.jpg|/img/pic/defence/big/RPG67.jpg
#0|Респиратор противогазовый класс защиты "A"|92|RPG-A  |184,00|179,00|175,00|586|
 0|Респиратор противогазовый класс защиты "B"|92|RPG-B  |198,00|192,00|188,00|586|
 1|Патрон к респиратору                      |92|P-RPG-B| 52,00| 50,00| 48,00|586|norow|| РПГ-67 <span class=art>арт. P-RPG-B</span>|</span></p><UL><LI>Класс "В" - защита от сернистых газов, хлор- и фосфорсодержащих химикатов</UL><p><span class="addt">||/img/pic/defence/small/rpg67_p.jpg|/img/pic/defence/big/jpg
 0|Патрон к респиратору РПГ-67               |92|P-RPG-B| 52,00| 50,00| 48,00|586|
#1|Респиратор                                |92|ISK    | 22,98| 21,98| 20,98|586|norow ltd|| "Исток-100" (аналог "Кама-200", "Бриз 1101") <span class=art>арт. ISK</span>|Легкая многослойная бесклапанная фильтрующая полумаска с обтюратором, оголовьем и носовым зажимом, имеет пластичный прижимной контур из пенополиуретана и пластмассовый объемный каркас. Защищает от различных видов пыли и аэрозолей, находящихся в воздухе во взвешенном состоянии. Применяется при концентрации пыли до 200 мг/куб.м.||/img/pic/defence/small/istok100.jpg|/img/pic/defence/big/jpg
#0|Респиратор "Исток-100"                    |92|ISK    | 22,98| 21,98| 20,98|586|
#1|Респиратор                                |92|UN.R01 |198,00|194,00|189,00|586|norow|| "Лепесток" UN-IN  <span class=art>арт. UN.R01</span>|Защищает от пыли и аэрозолей, вирусов и бактерий. Используется при работах средней и легкой степени тяжести при температурах не выше +50°С, относительной влажности воздуха до 98% с концентрацией аэрозолей не более 50 мг/куб.м и объемном содержании кислорода не менее 18%.<br><b>Цена за упаковку 50 штук.</b>||/img/pic/defence/small/892205.jpg|/img/pic/defence/big/jpg
#0|Респиратор "Лепесток" UN-IN               |92|UN.R01 |198,00|194,00|189,00|586|
#1|Респиратор                                |92|L50    |188,00|179,00|175,00|||| "Лепесток" с металлическим направляющими <span class=art>арт. L50</span>|Защищает от пыли и аэрозолей, присутствующих в воздухе.<br><b>Цена за упаковку 50 штук.</b>||/img/pic/defence/small/respirator - lepestok.jpg|/img/pic/defence/big/respirator - lepestok.jpg
#1|Респиратор                                |92|L200C  |  9,50|  9,20|  8,90|||| Л-200 ("Лепесток") <span class=art>арт. L200C</span>|Защищает от пыли и аэрозолей, присутствующих в воздухе.||/img/pic/defence/small/jpg|/img/pic/defence/big/jpg
#1|Респиратор                                |92|892215 | 33,00| 31,00| 29,00||norow|| "Лепесток" SPARTA <span class=art>арт. 892205</span>|Защищает от пыли и аэрозолей, вирусов и бактерий. Используется при работах средней и легкой степени тяжести при температурах не выше +50°С, относительной влажности воздуха до 98% с концентрацией аэрозолей не более 50 мг/куб.м и объемном содержании кислорода не менее 18%.<br><b>Цена за упаковку 5 штук.</b>||/img/pic/defence/small/892205.jpg|/img/pic/defence/big/jpg
#0|Респиратор "Лепесток" SPARTA              |92|892215 | 33,00| 31,00| 29,00||
#1|Респиратор противогазовый                 |92|RPG-A/B|195,00|188,00|184,00||norow|| РПГ-67<table cellpadding=0 cellspacing=0 border=0><tr><td>класс защиты "А"<td class=art>арт. RPG-A<tr><td>класс защиты "B"<td class=art>арт. RPG-B</table>|Применяется в промышленности и в быту:</span></span></p><UL><LI>при проведении лакокрасочных и ремонтных работ;<LI>при работе с удобрениями и ядохимикатами.</UL><p><span class="addt">Обеспечивает защиту до 10-15 ПДК.<br>Комплектуется сменными патронами.||/img/pic/defence/small/RPG67.jpg|/img/pic/defence/big/RPG67.jpg
#1|Респиратор|92|RIST-200|11.00|10,00|9.00||| "Исток-200" <span class=art>арт. RIST-200</span>|Легкая многослойная бесклапанная фильтрующая полумаска с обтюратором, оголовьем и носовым зажимом. Защищает от различных видов пыли и аэрозолей, находящихся в воздухе во взвешенном состоянии. Степень защиты: FFP1 (до 4 ПДК).||/img/pic/defence/small/respirator - lepestok.jpg|/img/pic/defence/big/respirator - lepestok.jpg
#1|Патрон к респиратору|92||59|-||| РПГ-67|</span></p><UL><LI>Класс "А" - защита от паров органических веществ, хлор- и фосфорсодержащих химикатов<LI>Класс "В" - защита от сернистых газов, хлор- и фосфорсодержащих химикатов</UL><p><span class="addt">||/img/pic/defence/small/rpg67_p.jpg|/img/pic/defence/big/jpg

# 370|Наушники Беруши
#1|Беруши|370|7800|9,80|9,50|8,90||norow|| Spark Plugs (пара) <span class=art>арт. 7800</span>|</span></p><UL><LI>Сделаны из легкого спресованного полипропилена.<LI>Контурная форма улучшает прилегание к ушному каналу.<LI>SNR (ослабление шума) до 35 дБ (т.е. в 3000 раз).</UL><p><span class="addt">||/img/pic/defence/small/SPARK_Plugs.jpg|/img/pic/defence/big/jpg
#0|Беруши|370|7800|9,80|9,50|8,90
 1|Беруши|370|3M1100|17|16|16||norow|| 3M 1100 (пара) <span class=art>арт. 3M1100</span>|</span></p><UL><LI>Изготовлены из мягкого гипоаллергенного вспененного полиуретана.<LI>Быстро принимают форму наружного слухового канала.<LI>Подходят для продолжительного использования в условиях повышенных температур и влажности.<LI>SNR (ослабление шума) до 37 дБ (т.е. в 5000 раз).</UL><p><span class="addt">||/img/pic/defence/small/3M1100.jpg|/img/pic/defence/big/3M1100.jpg
 0|Беруши|370|3M1100|17|16|16
 1|Наушники противошумные складные       |370|NIS110    |168|162|158||norow|| ИСТОК, 110 дБ <span class=art>арт. NIS110</span>|</span><span class="for">Наушники диэлектрические для защиты органов слуха от шума, не превышаюшего <b>110 Дб</b></span></p><UL><LI>SNR (ослабление шума) <b>25 дБ (т.е. в 320 раз)</b>.<LI>Удобная регулировка оголовья.<LI>Складная диэлектрическая конструкция.</UL><p><span class="addt">||/img/pic/defence/small/NIS110_2.png|/img/pic/defence/big/jpg
 0|Наушники противошумные складные ИСТОК |370|NIS110    |168|162|158
 1|Наушники противошумные складные       |370|N.PUMA.101|219|209|202||norow|| СОЗМ-3 PUMA, 111 дБ <span class=art>арт. N.PUMA.101</span>|</span><span class="for">Наушники диэлектрические для защиты органов слуха от шума, не превышаюшего <b>111 Дб</b></span></p><UL><LI>SNR (ослабление шума) <b>26 дБ (т.е. в 400 раз)</b>.<LI>Инновационная конструкция: тщательно подобранный пористый материал с высокими упругими свойствами обеспечивает постоянство формы амортизаторов в течение срока службы наушников; наушники всегда плотно прилегают к голове.<LI>Выбор высококачественных материалов чашек и звукопоглощающих вкладышей обеспечивает хорошее поглощение шума.<LI>Регулируемая высота ношения обеспечивает оптимальное усилие прижатия наушников к голове.<LI>Регулируемая лента для фиксации на голове обеспечивает комфорт при длительном ношении.</UL><p><span class="addt">||/img/pic/defence/small/n-puma-101.jpg|/img/pic/defence/big/n-puma-101.jpg
 0|Наушники противошумные складные PUMA  |370|N.PUMA.101|219|209|202
#1|Наушники защитные, металлические дужки|370|893575    |265|255|245||norow|| SPARTA <span class=art>арт. 893575</span>|</span></p><UL><LI>Наушники предназначены для защиты органов слуха от производственного шума.<LI>Пластмассовый корпус с мягкими окантовками, не вызывающими дискомфорта.<LI>Металлические, проволочные, закрытые чехлом, регулируемые дужки.<LI>Имеется <a href="/img/pic/defence/big/893575.pdf" target=_blank title="Документ PDF">руководство по эксплуатации</a>.</LI></UL><p><span class="addt">||/img/pic/defence/small/ear893575.png|/img/pic/defence/big/jpg
#0|Наушники защитные, металлические дужки|370|893575    |265|255|245

# 94|Пояс монтажный
#1|Пояс монтажный         |94|US2AG|795|780|765|||| УС 2 АЖ (ПП-2 АЖ) <span class=art>арт. US2AG</span>|Универсальная страховочно-удерживающая привязь с наплечными и набедренными лямками, со стропом. Имеет три точки крепления стропа: две для работы в режиме опоры и одна для страховки. Создает мягкое распределение нагрузок и полную защиту при работе на высоте.</span></p><UL><LI>Регулировка ремня от 740 до 1440 мм (размер пояса от S до L).<LI>Длина стропа: 1,45 м.<LI>Статическая разрывная нагрузка: не менее 1 500 кг.<LI>Вес со стропом: не превышает 1,6 кг.</UL><p><span class="addt">||/img/pic/defence/small/US2G.jpg|/img/pic/defence/big/US2G.jpg
1|Пояс монтажный с лентой|94|PP1A |565|545|533|||| ПП-1А  <span class=art>арт. PP1A</span>|||/img/pic/defence/small/pp1a.jpg|/img/pic/defence/big/pp1a.jpg
1|Пояс монтажный с цепью |94|PP1G |585|565|555|||| ПП-1Г  <span class=art>арт. PP1G</span>|||/img/pic/defence/small/pp1g.jpg|/img/pic/defence/big/pp1g.jpg
#1|Пояс монтажный         |94|US2G|795|770|750|||| УС 2 Ж <span class=art>арт. US2G</span>|Универсальная страховочно-удерживающая привязь с наплечными и набедренными лямками, без стропа. Имеет три точки крепления стропа: две для работы в режиме опоры и одна для страховки. Создает мягкое распределение нагрузок и полную защиту при работе на высоте.</span></p><UL><LI>Регулировка ремня от 740 до 1440 мм (размер пояса от S до L).<LI>Статическая разрывная нагрузка: не менее 1 500 кг.<LI>Вес: не превышает 1,5 кг.</UL><p><span class="addt">||/img/pic/defence/small/US2G.jpg|/img/pic/defence/big/US2G.jpg

# 223|Жилеты сигнальные
 1|Сигнальный жилет 1А|223||149|145|142||norow later1803|| ГОСТ, цвет: <span style="color: #e60">оранжевый</span>|</span><span class="for">Изделие повышенной видимости. Обеспечивает хорошую видимость работающего за счет световозвращающих полос и флуоресцентного цвета ткани жилета.</span></p><UL><LI>Ткань: 100% полиэфир «Оксфорд».<LI>2 светоотражающие полосы шириной 50 мм.<LI>Центральная застежка на липкую ленту <b>Velcro</b> (велькро). Износостойкий кант.<LI>Жилет <b>сертифицирован</b> по европейскому стандарту EN471 и <abbr title='Система стандартов безопасности труда (ССБТ).&#xa;Межгосударственный стандарт ГОСТ 12.4.281-2014&#xa;"Одежда специальная повышенной видимости. Технические требования".'><b>ГОСТ 12.4.281-2014</b></abbr> и относится ко второму классу защиты.</UL><p><span class="addt">||/img/pic/defence/small/jilet-1a-.jpg|/img/pic/defence/big/jilet-1a-.jpg
 0|Сигнальный жилет 1А, размер 52-54, рост 3-4|223|KSM.1A.523|189|183|178||nocart
 0|Сигнальный жилет 1А, размер 56-58, рост 3-4|223|KSM.1A.563|189|183|178||nocart
#1|Сигнальный жилет СТАНДАРТ,       размер XXL |223|J2.2X  |149|145|142||norow|Жилеты сигнальные СТАНДАРТ|, цвет: <span style="color: #e60">оранжевый</span>|</span></p><UL><LI>Ткань: 100% полиэтилен, трикотажное переплетение.<LI>Центральная застежка на липучках.<LI>2 полосы со светоотражающей поверхностью шириной 50 мм.</UL><p><span class="addt">||/img/pic/defence/small/JILET_324s.jpg|/img/pic/defence/big/JILET_324s.jpg
#0|Сигнальный жилет СТАНДАРТ,       размер XL  |223|J2.1X  |149|145|142|
#0|Сигнальный жилет СТАНДАРТ,       размер XXL |223|J2.2X  |149|145|142|
#0|Сигнальный жилет СТАНДАРТ,       размер XXXL|223|J2.3X  |149|145|142|
#1|Сигнальный жилет СТАНДАРТ СЕТКА, размер XXL |223|J.2X   |139|135|132||norow|Жилеты сигнальные СТАНДАРТ СЕТКА|, цвет: <span style="color: #e60">оранжевый</span>|</span></p><UL><LI>Ткань: сетка плотностью 60 г/кв.м.<LI>Центральная застежка на липучках.<LI>2 полосы со светоотражающей поверхностью шириной 50 мм.</UL><p><span class="addt">||/img/pic/defence/small/JILET_325s.jpg|/img/pic/defence/big/JILET_325s.jpg
#0|Сигнальный жилет СТАНДАРТ СЕТКА, размер XL  |223|J.1X   |139|135|132|
#0|Сигнальный жилет СТАНДАРТ СЕТКА, размер XXL |223|J.2X   |139|135|132|
#0|Сигнальный жилет СТАНДАРТ СЕТКА, размер XXXL|223|J.3X   |139|135|132|
#0|Сигнальный жилет тип Т сетка, размер  XL |223|JST-XL |129|122|118|
#0|Сигнальный жилет тип Т сетка, размер  XXL|223|JST-XXL|129|122|118|
#0|Сигнальный жилет тип Т сетка, размер XXXL|223|JST    |129|122|118|
#1|Сигнальный жилет MATRIX, размер  XL|223|89510|169|149||Жилеты сигнальные| MATRIX|Цвета: оражевый, лимонный, неон.||/img/pic/defence/small/JILET SIGNAL.jpg|/img/pic/defence/big/JILET SIGNAL.jpg
#0|Сигнальный жилет MATRIX, размер XXL|223|89512|169|159

# 157|Каска строительная
 1|Каски строительные защитные               |157|RA.W      |338|328|318||norow|| «СОМЗ-55 Favorit Trek RAPID» с храповиком|</span><span class="for">Для защиты головы от механических повреждений (устойчива к боковой деформации), воздействия влаги, брызг металла и переменного/постоянного тока напряжением до <b>1000/1500 В</b></span></p><UL><LI>Ударопрочный корпус из материала <i><b>TermotreK</b></i>, массой <b>240 г</b>.<LI>Каска оснащена козырьком, вентиляционными щелями, водосточным желобком, пазами для крепления противошумных наушников, амортизатором из тканевых лент с креплением к корпусу в 6 точках и подбородочным ремнем.<LI>Оголовок <i><b>«Эталон»</b></i> из тканых материалов оборудован парой обтюраторов – сменным лобно-височным и мягким затылочным.<LI>Внутренняя оснастка <i><b>RAPID</b></i> позволяет плавно подгонять и точно регулировать размер оголовья (<b>51–65 см</b>).<LI>Конструкция предполагает применение дополнительных средств защиты: наушников, лицевых щитков, щитков сварщика, подшлемника.<LI>Температурный режим: <b>от –50 до +50 °С</b>.</UL><p><span class="addt">||/img/pic/defence/small/FavTrRap.jpg|/img/pic/defence/big/FavTrRap.jpg
 0|Каска COM3-55 Favorit Trek RAPID белая    |157|RA.W      |278|272|264||
 0|Каска COM3-55 Favorit Trek RAPID оранжевая|157|RA.O      |278|272|264||
 1|Каска строительная защитная|               157|PH-001-   | 99| 92| 88||norow||, ударопрочный пластик <span class=art>арт. PH-001-WI/OR/RED/BL</span>|Цвета: белый, оранжевый, красный, синий.||/img/pic/defence/small/KASKA STROITELNAJA.jpg|/img/pic/defence/big/KASKA STROITELNAJA.jpg
 0|Каска строительная ударопрочная белая     |157|PH-001-WI | 99| 92| 88||
 0|Каска строительная ударопрочная оранжевая |157|PH-001-OR | 99| 92| 88||
 0|Каска строительная ударопрочная красная   |157|PH-001-RED| 99| 92| 88||
 0|Каска строительная ударопрочная синяя     |157|PH-001-BL | 99| 92| 88||
 1|Подшлемник зимний  под строительную каску |157|C.500     |122|118|114||norow|| <span class=art>арт. C.500</span>|</span><span class="for">Подшлемник с пелериной, регулировка объема при помощи шнура</span></p><UL><LI>Утеплитель: ватин (2 слоя)<LI>Подклад: бязь 100% ХБ<LI>Размер: универсальный</UL><p><span class="addt">||/img/pic/defence/small/podsw.jpg|/img/pic/defence/big/podsw.jpg
 0|Подшлемник зимний  под строительную каску |157|C.500     |122|118|114||
 1|Подшлемник ватный  под строительную каску |157|UNDV      |129|122|116||norow|| <span class=art>арт. UNDV</span>|||/img/pic/defence/small/jpg|/img/pic/defence/big/jpg
 0|Подшлемник ватный  под строительную каску |157|UNDV      |129|122|116||
#1|Каска строительная                        |157|KE-1/2    |385|360|335|||| "ЕВРОПА" с храповым механизмом|Цвета: белый <span class=art>арт. KE-1</span>, оранжевый <span class=art>арт. KE-2</span>.||/img/pic/defence/small/Kaska s hrap.jpg|/img/pic/defence/big/Kaska s hrap.jpg
#1|Подшлемник полушерстяной                  |157|UNDS      |145|138|133|||| под строительную каску <span class=art>арт. UNDS</span>|||/img/pic/defence/small/jpg|/img/pic/defence/big/jpg

# 158|Плащ
 1|Плащ БМ нейлоновый,             |158|MS-    |520|490|470||norow|| прошитые швы|Цвета: синий, желтый, зеленый<br>Размеры: XL, XXL, XXXL||/img/pic/defence/small/PLASH JELTY.jpg|/img/pic/defence/big/PLASH JELTY.jpg
#0|Плащ БМ нейлоновый XL желтый    |158|MSY-1X |575|555|540
 0|Плащ БМ нейлоновый XL зеленый   |158|MSG-1XL|498|488|475
#0|Плащ БМ нейлоновый XL синий     |158|MSB-1XL|575|555|540
#0|Плащ БМ нейлоновый XXL желтый   |158|MSY-2XL|575|555|540
 0|Плащ БМ нейлоновый XXL зеленый  |158|MSG-2XL|498|488|475
#0|Плащ БМ нейлоновый XXL синий    |158|MSB-2XL|575|555|540
 0|Плащ БМ нейлоновый XXXL зеленый |158|MSG-3XL|498|488|475
#0|Плащ БМ нейлоновый XXXL синий   |158|MSB-3XL|575|555|540
 1|Плащ-дождевик                   |158|RG50   | 74| 72| 69||norow|| полиэтиленовый СТАНДАРТ зеленый <span class="art">арт. RG50</span>|</span></p><UL><LI><b>Размер: универсальный (40-60).</b> Легко одевается на верхнюю одежду и не стесняет движений.<LI>Изготовлен из полиэтилена высокого давления толщиной 50 микрон. <b>Вес 120 г.</b><LI>Все швы надежно прошиты. Предназначен для многократного использования.<LI>Застёжка: липучка <b>Velcro</b> 25 мм.</UL><p><span class="addt">||/img/pic/defence/small/plashh-RG50.jpg-|/img/pic/defence/big/plashh-RG50.jpg-
 0|Плащ-дождевик                   |158|RG50   | 74| 72| 69
#1|Плащ, полиэфир с ПВХ покрытием|158|MAC-2XL|480|460|440|||, прошитые швы <span class=art>арт. MAC-2XL / MAC-3XL</span>| Цвет: зеленый.||/img/pic/defence/small/PLASH TRITON.jpg|/img/pic/defence/big/PLASH TRITON.jpg
#1|Плащ БМ|158|MSG-2XL|360|340|330|||, прошитые швы <span class=art>арт. MSG-2XL / MSY-2XL</span>| Цвета: зеленый, желтый.||/img/pic/defence/small/PLASH JELTY.jpg|/img/pic/defence/big/PLASH JELTY.jpg
#1|Плащ нейлоновый с капюшоном|158||440|440|440||| ТРИТОН.|Цвета: зеленый, синий|||/img/pic/defence/big/plas.jpg

# 97|Костюм
1|Костюм сварщика брезентовый|97||890|850|830||norow|| ОП
0|Костюм сварщика, размер 48-50, рост 170-176 см|97|W85706|985|965|945
0|Костюм сварщика, размер 48-50, рост 182-188 см|97|W85828|985|965|945
0|Костюм сварщика, размер 52-54, рост 170-176 см|97|W24706|985|965|945
0|Костюм сварщика, размер 52-54, рост 182-188 см|97|W24828|985|965|945
#1|Костюм сварщика|97|524-828|890|850|830||| брезентовый, 480 г/кв.м <span class=art>арт. 524-828</span>
#1|Костюм для общепроизводственных работ:|97||880||||| куртка и полукомбинезон|Накладные карманы с клапаном, манжеты на пуговице. Ткань смесовая. 50% хлопок, 50% п/э, 210 г/м.кв. Цвет: синий, желтая полоса||/img/pic/defence/big/kos.jpg

# 276|Комбинезон защитный
 1|Комбинезон защитный                  |276|24-9-000|138|133|131|581|norow|Комбинезон защитный из нетканого материала ("спанбонд") с капюшоном| REMOCOLOR, размер&nbsp;XL, белый <span class=art>арт. 24-9-000</span>|</span><span class="for">Для строительных и малярных работ</span></p><UL><LI>Изготовлен из химически стойкого трехслойного 100-мкм полиэтилена.<LI>Все швы герметично запаяны для защиты от брызг жидких химикатов.<LI>Застежка-молния длиной 82 см.<LI>Не стесняет движений и удобен при носке.</UL><p><span class="addt">||/img/pic/defence/small/24-9-000.jpg|/img/pic/defence/big/24-9-000.jpg
 0|Комбинезон защитный REMOCOLOR        |276|24-9-000|138|133|131|581
 1|Комбинезон защитный многоразовый     |276|89532   |215|205|196|581|norow|| ЛЮКС синий, рост&nbsp;172-180&nbsp;см, размер&nbsp;XL&nbsp;(50-52) СИБРТЕХ <span class=art>арт. 89532</span>|</span><span class="for">Для защиты от внешних загрязнений при проведении малярных, лакокрасочных и других строительно-отделочных работ</span></p><UL><LI>Комбинезон защищает от частиц нетоксичной пыли и производственных загрязнений при работах с применением краски, битумов, мастик и пр. Соответствует требованиям <b>ГОСТ 12.4.100-80</b>.<LI>Комбинезон выполнен из нетканого материала <b>«спанбонд»</b>: очень легкий, но прочный, не удерживает излишнее тепло и позволяет коже дышать, поэтому работа в такой спецодежде не вызывает дискомфорта.<LI>Имеются <b>застежка-молния</b> и защитный <b>капюшон</b> с возможностью одновременного использования респиратора и защитных очков для полной экипировки рабочего средствами защиты.<LI>Комбинезон  не образует ворса, изготовлен из «дышащего» материала, выдерживает высокую влажность и перепады температур.<LI>Имеется <a href="/img/pic/defence/big/89532.pdf" target=_blank title="Документ PDF">Руководство по эксплуатации</a>.</UL><p><span class="addt">||/img/pic/defence/small/89532.jpg|/img/pic/defence/big/89532.jpg
 0|Комбинезон защитный многоразовый ЛЮКС|276|89532   |215|205|196|581
#1|Комбинезон защитный от пыли и грязи  |276|4500-   |149|142|138|581|norow|| из нетканого материала <span class=art>арт. 4500-</span>|Цвета: белый, синий.<br>Размеры: XL, XXL||/img/pic/defence/small/combinezon.jpg|/img/pic/defence/big/jpg
#0|Комбинезон защитный от пыли и грязи  |276|4500-   |149|142|138|581

# 290|Наколенники
#1|Наколенники универсальные ЭВА|290|NEVA|145|135|130||Наколенники универсальные| ЭВА <span class=art>арт. NEVA</span>|</span></p><UL><LI>Наколенники из материала ЭВА представляют собой защитный элемент, состоящий из собственно наколенника и стропы, при помощи которой наколенник закрепляется на ноге.<LI>Вес одной пары наколенников ЭВА - не более 300 граммов.</UL><p><span class="addt">||/img/pic/defence/small/n_eva.jpg|/img/pic/defence/big/n_eva.jpg
#1|Наколенники защитные MATRIX       |290|89410   |345|330|310||norow|Наколенники защитные| MATRIX <span class=art>арт. 89410</span>|Наколенники из натуральной ткани с эластичными волокнами, усиленные наколенными накладками из ударопрочной пластмассы. Изнутри смягчены поролоновыми прокладками. ||/img/pic/defence/small/n_89410.jpg|/img/pic/defence/big/89410.jpg
#0|Наколенники защитные MATRIX       |290|89410   |345|330|310
#1|Наколенники защитные              |290|89411   |196|192|185||norow|| пенополиэтиленовые СИБРТЕХ <span class=art>арт. 89411</span>|</span><span class="for">Предназначены для снятия нагрузки с коленного сустава при выполнении различных работ.</span></p><UL><LI>Наколенники изготовлены из износостойкого и амортизирующего пенополиэтилена. Надежно фиксируются на ногах с помощью широких эластичных лент-липучек. Рельефная форма обеспечивает устойчивость на рабочей поверхности.<LI>Могут быть использованы как вставки в защитную одежду.<LI>Негигроскопичны. Легко моются. Удерживают тепло.</UL><p><span class="addt">||/img/pic/defence/small/89411.jpg|/img/pic/defence/big/89411.jpg
#0|Наколенники защитные СИБРТЕХ      |290|89411   |196|192|185
 1|Наколенники защитные              |290|        |196|192|185||norow|| пенополиэтиленовые|</span><span class="for">Предназначены для снятия нагрузки с коленного сустава при выполнении различных работ.</span></p><UL><LI>Наколенники изготовлены из износостойкого и амортизирующего пенополиэтилена. Надежно фиксируются на ногах с помощью широких эластичных лент-липучек. Рельефная форма обеспечивает устойчивость на рабочей поверхности.<LI>Могут быть использованы как вставки в защитную одежду.<LI>Негигроскопичны. Легко моются. Удерживают тепло.</UL><p><span class="addt">||/img/pic/defence/small/89411.jpg|/img/pic/defence/big/89411.jpg
 0|Наколенники, вспененный п/э Россия|290|22-4-010|189|182|179

# 95|Сапоги Ботинки
 1|Сапоги рабочие ПВХ МБС КЩС, 38 см, черные, размер 42|95|203.42  | 318| 308| 298||norow|Сапоги рабочие <abbr title="материал: поливинилхлорид">ПВХ</abbr> <abbr title="маслобензостойкие">МБС</abbr>, <abbr title="стойкость к кислотной и щелочной среде">КЩС</abbr>||</span><span class="for">Сапоги рабочие мужские ПВХ предназначены для защиты ног от воды и водных загрязнений, кислот и щелочей, нефти, масел и продуктов нефтепереработки тяжелых фракций.</span></p><UL><LI>высота 38 см<LI>цвет черный</UL><p><span class="addt">||/img/pic/defence/small/S203.jpg|/img/pic/defence/big/S203.jpg
 0|Сапоги рабочие ПВХ МБС КЩС, 38 см, черные, размер 42|95|203.42  | 318| 308| 298
 0|Сапоги рабочие ПВХ МБС КЩС, 38 см, черные, размер 43|95|203.43  | 318| 308| 298
 0|Сапоги рабочие ПВХ МБС КЩС, 38 см, черные, размер 44|95|203.44  | 318| 308| 298
 0|Сапоги рабочие ПВХ МБС КЩС, 38 см, черные, размер 45|95|203.45  | 318| 308| 298
 1|Сапоги рабочие кожаные укороченные утепленные       |95|W.340.42|1298|1275|1235||norow|||</span><span class="for">Утепленные сапоги укороченного типа с металлическим подноском для эксплуатации в холодное время года</span></p><UL><LI>Обеспечивают защиту ног от механических повреждений, агрессивных жидкостей, в том числе нефтепродуктов, масел, щелочей.<LI>Голенище с регулировкой по полноте икры. <b>Материал верха – натуральная кожа.</b><LI>Задник формованный жесткий, обеспечивает правильное положение стопы в обуви.<LI>Подошва выполнена из полиуретана. Она практически не истирается даже в условиях интенсивной эксплуатации, имеет высокий протектор.<LI>Метод крепления подошвы к верху обуви – литьевой. Таким образом достигается полная герметизация швов.</UL><p><span class="addt">||/img/pic/defence/small/W340.jpg|/img/pic/defence/big/W340.jpg
 0|Сапоги рабочие кожаные укороченные утепленные, р. 42|95|W.340.42|1298|1275|1235
 0|Сапоги рабочие кожаные укороченные утепленные, р. 43|95|W.340.43|1298|1275|1235
 0|Сапоги рабочие кожаные укороченные утепленные, р. 44|95|W.340.44|1298|1275|1235
 1|Бахилы ПНД                                          |95|89551   | 145| 135| 132||norow|| 12 микрон, 2.5 г <span class=art>арт. 89551</span><br><br><b>Цена за упаковку 50 штук.</b>||/img/pic/defence/small/89551-1.jpg|/img/pic/defence/big/89551-2.jpg
 0|Бахилы ПНД, 12 микрон, 2.5 г, уп. 50 шт.            |95|89551   | 145| 135| 132
#1|Сапоги рабочие ПВХ, высота 40 см, цвет Олива, размер             |95|179.60.-|479|459|444||norow ltd|Сапоги рабочие <abbr title="материал: поливинилхлорид">ПВХ</abbr>|, высота 40 см, цвет Олива|</span></p><UL><LI>Высокое голенище из мягкого обувного поливинилхлорида с прочными стенками и усиленным задним швом имеет защитные элементы: защита голеностопного сустава, пяточной кости, защита от боковых порезов и проколов.<LI>Толщина стенок голенища уменьшается к верху сапога, начиная с 4 мм, для эластичности и легкости.<LI>Сапоги имеют толстую подошву (не менее 1,8 см) с антискользящим самоочищающимся протектором. Внешний слой подошвы – плотный износостойкий обувной ПВХ сорта «Винилан» (ПВХ с добавлением нитрильного каучука); внутренний слой &mdash; трикотажная подкладка, для комфортного ношения.<LI>Протектор подошвы с рельефным рисунком, для надежного сцепления с землей, исключает застревание мелких камней в подошве и налипание грязи.<LI>Шпора в пяточной части (рельефные полосы на заднике) позволяет легко снимать обувь без помощи рук.<LI>Температурный диапазон комфортного использования от -10°С до +30°С.</UL><p><span class="addt">||/img/pic/defence/small/SAPOGI PVX.jpg|/img/pic/defence/big/SAPOGI PVX.jpg
#0|Сапоги рабочие ПВХ, высота 40 см, цвет Олива, размер 41          |95|179.60.1|479|459|444||
#0|Сапоги рабочие ПВХ, высота 40 см, цвет Олива, размер 42          |95|179.60.2|479|459|444||
#0|Сапоги рабочие ПВХ, высота 40 см, цвет Олива, размер 43          |95|179.60.3|479|459|444||
#0|Сапоги рабочие ПВХ, высота 40 см, цвет Олива, размер 44          |95|179.60.4|479|459|444||
#0|Сапоги рабочие ПВХ, высота 40 см, цвет Олива, размер 45          |95|179.60.5|479|459|444||
#1|Сапоги рабочие ПВХ МБС КЩС "Специалист" м/п, цвет Олива,  размер 41|95|S241  |695|680|670||norow ltd|Сапоги рабочие <abbr title="материал: поливинилхлорид">ПВХ</abbr> <abbr title="маслобензостойкие">МБС</abbr>, <abbr title="стойкость к кислотной и щелочной среде">КЩС</abbr>| "Специалист" с металлическим подноском|Сапоги рабочие мужские ПВХ (резиновые) "Специалист" предназначены для защиты ног от воды, водных загрязнений, нефти, масел, кислот, щелочей и механических воздействий. Металлический подносок, расположенный в носовой части, обеспечивает защиту от удара энергией до 200 кДж. Выполнены по технологии трехкомпонентного литья. Подошва трехслойная, с  оригинальным нескользящим протектором, метод её крепления литьевой.||/img/pic/defence/small/S141.png|/img/pic/defence/big/S141.png
#0|Сапоги рабочие ПВХ МБС КЩС "Специалист" м/п, цвет Олива,  размер 42|95|S242  |695|680|670
#0|Сапоги рабочие ПВХ МБС КЩС "Специалист" м/п, цвет черный, размер 42|95|S242.B|695|680|670
#0|Сапоги рабочие ПВХ МБС КЩС "Специалист" м/п, цвет Олива,  размер 43|95|S243  |695|680|670
#0|Сапоги рабочие ПВХ МБС КЩС "Специалист" м/п, цвет Олива,  размер 44|95|S244  |695|680|670
#0|Сапоги рабочие ПВХ МБС КЩС "Специалист" м/п, цвет Олива,  размер 45|95|S245  |695|680|670
#0|Сапоги рабочие ПВХ МБС КЩС "Специалист" м/п, цвет черный, размер 45|95|S245.B|695|680|670
#1|Сапоги рабочие ПВХ МБС КЩС "Специалист",     цвет Олива,  размер 41|95|S141  |495|480|470||norow|Сапоги рабочие <abbr title="материал: поливинилхлорид">ПВХ</abbr> <abbr title="маслобензостойкие">МБС</abbr>, <abbr title="стойкость к кислотной и щелочной среде">КЩС</abbr>| "Специалист"|Сапоги рабочие мужские ПВХ (резиновые) "Специалист" предназначены для защиты ног от воды, водных загрязнений, нефти, масел, кислот и щелочей. Выполнены по технологии трехкомпонентного литья. Подошва трехслойная, с  оригинальным нескользящим протектором, метод её крепления литьевой.||/img/pic/defence/small/S141.png|/img/pic/defence/big/S141.png
#0|Сапоги рабочие ПВХ МБС КЩС "Специалист",     цвет Олива,  размер 41|95|S141  |495|480|470
#0|Сапоги рабочие ПВХ МБС КЩС "Специалист",     цвет Олива,  размер 42|95|S142  |495|480|470
#0|Сапоги рабочие ПВХ МБС КЩС "Специалист",     цвет черный, размер 42|95|S142.B|495|480|470
#0|Сапоги рабочие ПВХ МБС КЩС "Специалист",     цвет Олива,  размер 43|95|S143  |495|480|470
#0|Сапоги рабочие ПВХ МБС КЩС "Специалист",     цвет Олива,  размер 44|95|S144  |495|480|470
#0|Сапоги рабочие ПВХ МБС КЩС "Специалист",     цвет черный, размер 44|95|S144.B|495|480|470
#0|Сапоги рабочие ПВХ МБС КЩС "Специалист",     цвет Олива,  размер 45|95|S145  |495|480|470
#0|Сапоги рабочие ПВХ МБС КЩС "Специалист",     цвет черный, размер 45|95|S145.B|495|480|470
#1|Сапоги рабочие ПВХ с манжетой, цвет Олива                          |95|SBM-  |365|350|340||norow|Сапоги рабочие <abbr title="материал: поливинилхлорид">ПВХ</abbr> с манжетой|, высота 34 см, цвет Олива|</span></p><UL><LI>Сапоги с манжетой изготовлены методом литья из высококачественного сырья.<LI>Голенище имеет толстые стенки (не менее 1,8 мм), что повышает износоустойчивость обуви. Толщина стенок сапога уменьшается от подошвы к верху сапога для снижения массы.<LI>Подошва имеет толщину не менее 1,5 см, что позволяет не чувствовать при ходьбе камни, ветки деревьев и прочие предметы. Протектор разработан с учетом достижений шинной промышленности: препятствует скольжению, налипанию грязи, застреванию мелкого мусора в рифе.<LI>Манжета препятствует попаданию внутрь сапога воды, пыли и мелкого мусора.<LI>Температурный диапазон от -10°С до +30°С.</UL><p><span class="addt">||/img/pic/defence/small/SBM1.jpg|/img/pic/defence/big/SBM2.gif
#0|Сапоги рабочие ПВХ с манжетой, цвет Олива, размер 41               |95|SBM-41|365|350|340
#0|Сапоги рабочие ПВХ с манжетой, цвет Олива, размер 42               |95|SBM-42|365|350|340
#0|Сапоги рабочие ПВХ с манжетой, цвет Олива, размер 43               |95|SBM-43|365|350|340
#0|Сапоги рабочие ПВХ с манжетой, цвет Олива, размер 44               |95|SBM-44|365|350|340
#0|Сапоги рабочие ПВХ с манжетой, цвет Олива, размер 45               |95|SBM-45|365|350|340
#1|Сапоги ПВХ          |95|SBM-      |365|350|340|||Сапоги рабочие <abbr title="материал: поливинилхлорид">ПВХ</abbr> с манжетой|, высота 35 см, цвет Олива, размеры: 42-45 <span class=art>арт. SBM-</span>|</span></p><UL><LI>Сапоги с манжетой изготовлены методом литья из высококачественного сырья.<LI>Голенище имеет толстые стенки (не менее 1,8 мм), что повышает износоустойчивость обуви. Толщина стенок сапога уменьшается от подошвы к верху сапога для снижения массы.<LI>Подошва имеет толщину не менее 1,5 см, что позволяет не чувствовать при ходьбе камни, ветки деревьев и прочие предметы. Протектор разработан с учетом достижений шинной промышленности: препятствует скольжению, налипанию грязи, застреванию мелкого мусора в рифе.<LI>Манжета препятствует попаданию внутрь сапога воды, пыли и мелкого мусора.<LI>Температурный диапазон от -10°С до +30°С.</UL><p><span class="addt">||/img/pic/defence/small/SBM1.jpg|/img/pic/defence/big/SBM2.gif
#1|Сапоги ПВХ          |95|SPOL-41-45|425|405|390|||Сапоги <abbr title="материал: поливинилхлорид">ПВХ</abbr> рабочие| «ОМИКА», цвет Олива, размеры: 41-45 <span class=art>арт. SPOL-</span>|</span></p><UL><LI>Высокое голенище (40 см), защита от боковых порезов и проколов.<LI>Используется в строительстве, аграрном секторе, нефтяной промышленности.<LI>Внешний слой подошвы – плотный износостойкий обувной ПВХ сорта «Винилан» (ПВХ с добавлением нитрильного каучука).<LI>Протектор подошвы с рельефным рисунком, для надежного сцепления с землей, исключает застревание мелких камней в подошве и налипание грязи.</UL><p><span class="addt">||/img/pic/defence/small/SAPOGI PVX.jpg|/img/pic/defence/big/SAPOGI PVX.jpg
#1|Сапоги ПВХ          |95|41-45-SRM |790|750|720||ltd|Сапоги <abbr title="материал: поливинилхлорид">ПВХ</abbr> рабочие| с металлическим подноском, цвет оливковый, размеры: 41, 43, 44 <span class=art>арт. -SRM</span>|</span></p><UL><LI>Сапоги выполнены в соответствии с ТУ 2590-002-41598788-2009, сертифицированы и соответствуют санитарно-эпидемиологическим нормам.<LI>Модель изготовлена методом трехкомпонентного литья, основанном на получении дополнительного промежуточного слоя подошвы из вспененного ПВХ, придающего обуви высокие амортизирующие, теплозащитные и антистатические свойства.<LI>Ударопрочный металлический подносок защищает носочную часть стопы от механических воздействий до 200 Дж.<LI>Высокое голенище (38 см). Высокая, плотная, износостойкая подошва защищает ногу от неровностей грунта, от проколов, а также от воздействия масел, нефтепродуктов и других агрессивных сред. Рифление подошвы уменьшает опасность скольжения по мокрым, жирным и обледенелым поверхностям.</UL><p><span class="addt">||/img/pic/defence/small/sapogi_mp.jpg|/img/pic/defence/big/sapogi_mp.jpg
#1|Ботинки рабочие     |95|SHW42-45  |990|940|890||ltd|| ЗИМА, размеры: 42-45 <span class=art>арт. SHW-</span>|</span></p><UL><LI>кожа, мех<LI>маслобензостойкая подошва<LI>металлический подносок</UL><p><span class="addt">||/img/pic/defence/small/IMG_9538.jpg|/img/pic/defence/big/IMG_9538.jpg
#1|Сапоги ЭВА зимние |95|SM-4041-4647|980|950|950||||Сапоги <abbr title="Новый материал с низкой теплопроводностью">ЭВА</abbr> зимние| «Snowman», утепленные, с манжетами <span class=art>арт. SM-4041, -4243, -4445, -4647</span>|</span></p><UL><LI>Сапоги Snowman имеют многослойный утепляющий вкладыш, который можно легко вынимать из сапог для просушки или замены на сухой. Вкладыш состоит из нескольких слоев:<LI class=inner></span></p><UL><LI>регенерированный мех (натуральная шерсть на трикотажной основе) предназначен для удержания тепла от ног внутри сапога;<LI>слой иглопробивного полотна (НТП) с высоким содержанием натуральных волокон льна предназначен для вывода влаги из утепляющего вкладыша;<LI>слой иглопробивного полотна большей плотности и жесткости служит для придания устойчивой формы утеплителю, а также для повышения износостойкости утеплителя;<LI>металлизированная фольгообразная пленка создаёт эффект термоса, то есть сохраняет тепло внутри сапога. В фольгированной пленке присутствуют микроотверстия для вывода влаги и испарений наружу утепляющего сапожка;<LI>синтетическая сетка, которая предназначена для защиты металлизированной фальгированной пленки от повреждений и является наружным защитным слоем утепляющего сапожка, увеличивая износостойкость и долговечность утеплителя.</UL><LI>Температура эксплуатации зимних сапог из ЭВА Snowman до -50&deg;С<LI>Вес одной пары зимних сапог из ЭВА Snowman - менее 900 грамм.</UL><p><span class="addt">||/img/pic/defence/small/s_eva.jpg|/img/pic/defence/big/s_eva.jpg
#1|Сапоги ПВХ          |95|SPOL-41-45|520|480|450|||Сапоги <abbr title="материал: поливинилхлорид">ПВХ</abbr>, <abbr title="маслобензостойкие">МБС</abbr>, <abbr title="стойкость к кислотной и щелочной среде">КЩС</abbr> рабочие| «ОМИКА», цвет Олива, размеры: 41-45 <span class=art>арт. SPOL-</span>|</span></p><UL><LI>Высокое голенище (38 см), защита от боковых порезов и проколов.<LI>Используется в строительстве, аграрном секторе, нефтяной промышленности.<LI>Внешний слой подошвы МБС КЩС – плотный износостойкий обувной ПВХ сорта «Винилан» (ПВХ с добавлением нитрильного каучука), для стойкости к агрессивным средам (маслам, нефтепродуктам, кислотам, щелочам).<LI>Протектор подошвы с рельефным рисунком, для надежного сцепления с землей, исключает застревание мелких камней в подошве и налипание грязи.</UL><p><span class="addt">||/img/pic/defence/small/SAPOGI PVX.jpg|/img/pic/defence/big/SAPOGI PVX.jpg
