# 175|Пена
 1|Пена Profpur mega                         |175|01-02-15|275|269|262||norow|Пистолетная монтажная пена профессиональная| PROFPUR Mega, 850 мл <span class=art>арт. 01-02-15</span>|Однокомпонентная полиуретановая пена, предназначенная для применения с помощью монтажного пистолета.</span></p><UL><LI>Срок формирования пленки (отлипа) – не более 12 мин.<LI>Срок отверждения до возможности резки – 48 мин.<LI>Используется при температуре окружающей среды от +5&deg; С до +30&deg; С. Выход 65 л.</UL><p><span class="addt">||/img/pic/foam/small/profpur_01-02-15.jpg|/img/pic/foam/big/PROFPUR_MEGA_870_.jpg
~0|Пена Profpur mega                         |175|01-02-15|275|269|262
 1|Пена Profpur ultra                        |175|01-02-17|269|259|249||norow|Монтажная пена| PROFPUR ultra бытовая, всесезонная, 750 мл <span class=art>арт. 01-02-17</span>|</span></p><UL><LI>Обладает высокой адгезией к большинству строительных материалов.<LI>Обеспечивает хорошую термо- и звукоизоляцию.<LI>Быстро затвердевает.<LI>Используется при температуре окружающей среды от +5 &deg;С до +35 &deg;С. Выход 45 л.</UL><p><span class="addt">||/img/pic/foam/small/profpur_01-02-19.jpg|/img/pic/foam/big/profpur_01-02-19.jpg
 0|Пена Profpur ultra                        |175|01-02-17|269|259|249
 1|Пена V6 всесезонная 600 г                 |175|01-01-51|135|131|128||norow|Монтажная пена| V6 всесезонная 560 г (1000 мл) <span class=art>арт. 01-01-51</span>|Бытовая монтажная пена V6 всесезонная представляет собой однокомпонентную полиуретановую монтажную пену, затвердевающую под воздействием влажности воздуха до полуэластичного состояния. При затвердевании саморасширяющаяся пена увеличивается в объеме примерно в два раза.||/img/pic/foam/small/01-01-51.jpg|/img/pic/foam/big/01-01-51.jpg
~0|Пена V6 всесезонная 600 г                 |175|01-01-51|135|131|128
 1|Пена V6 профи всесезонная 600 г           |175|01-01-52|189|182|179||norow|Пистолетная монтажная пена| V6 профи всесезонная 600 г (1000 мл) <span class=art>арт. 01-01-52</span>|Пистолетная монтажная пена V6 всесезонная представляет собой однокомпонентную полиуретановую монтажную пену, затвердевающую под воздействием влажности воздуха до полуэластичного состояния. При затвердевании саморасширяющаяся пена увеличивается в объеме примерно в два раза.||/img/pic/foam/small/01-01-52.jpg|/img/pic/foam/big/01-01-52.jpg
~0|Пена V6 профи всесезонная 600 г           |175|01-01-52|189|182|179||||||
#1|Пена Profpur Ice ЗИМНЯЯ                   |175|01-02-20|269|262|255||norow|Пистолетная монтажная пена| PROFPUR Ice   <strong>ЗИМНЯЯ</strong> профессиональная, 750 мл <span class=art>арт. 01-02-20</span>|</span></p><UL><LI>Обладает высокой адгезией к большинству строительных материалов.<LI>Обеспечивает хорошую термо- и звукоизоляцию.<LI>Срок полного отверждения: 24 часа.<LI>Используется при температуре окр. среды от -18 &deg;С до +35 &deg;С. Выход 45 л.</UL><p><span class="addt">||/img/pic/foam/small/profpur_01-02-09.jpg|/img/pic/foam/big/profpur_01-02-09.jpg
#0|Пена Profpur Ice ЗИМНЯЯ                   |175|01-02-20|269|262|255
#1|Пена PROFPUR Extra ЗИМНЯЯ                 |175|01-02-13|223|225|215||norow|Пистолетная монтажная пена| PROFPUR Extra <strong>ЗИМНЯЯ</strong> профессиональная, 870 мл <span class=art>арт. 01-02-13</span>|Объемный выход до 65 л.||/img/pic/foam/small/profpur_01-02-13.jpg|/img/pic/foam/big/jpg
#0|Пена PROFPUR Extra ЗИМНЯЯ                 |175|01-02-13|223|225|215
#1|Пена PATRON Profi                         |175|01-02-34|298|289|275||norow|Пистолетная монтажная пена| <strong>ОГНЕСТОЙКАЯ</strong> PATRON, 750 мл <span class=art>арт. 01-02-34</span>|Профессиональная огнестойкая пистолетная монтажная пена "PATRON калибр 45" класса огнестойкости <b>Г1</b>: слабогорючая.<br>Имеется <a href=/img/pic/foam/big/Cert_Profpur.pdf target=_blank title="Документ PDF">сертификат пожарной безопасности</a>.</span></p></td><td align=center><a href=/img/pic/foam/big/Cert_Profpur_1.jpg target=_blank><img style="border:none;margin-right:0" src=/img/pic/foam/small/Cert_Profpur_1.jpg title="Картинка: Сертификат пожарной безопасности"></a></td><td align=center><a href=/img/pic/foam/big/Cert_Profpur_2.jpg target=_blank><img img style="border:none" src=/img/pic/foam/small/Cert_Profpur_2.jpg title="Картинка: Приложение к Сертификату пожарной безопасности"></a></td><td align=center><p><span>||/img/pic/foam/small/01-02-34.jpg|/img/pic/foam/big/01-02-34.jpg
#0|Пена PATRON Profi                         |175|01-02-34|298|289|275
 1|Пена Zigger Монтаж                        |175|01-03-57|398|392|385||norow|Монтажная пена| <strong>ОГНЕСТОЙКАЯ</strong> ZIGGER PF B1, 750 мл (производство Германия) <span class=art>арт. 01-03-57</span>|Огнестойкая монтажная пена ZIGGER PF класса огнестойкости <b>B1</b>: трудновоспламеняемая.||/img/pic/foam/small/01-03-57.jpg|/img/pic/foam/big/01-03-57.jpg
 0|Пена Zigger Монтаж                        |175|01-03-57|398|392|385
 1|Пена Zigger Profi                         |175|01-03-56|495|485|475||norow|Пистолетная монтажная пена| <strong>ОГНЕСТОЙКАЯ</strong> ZIGGER PF B1, 750 мл (производство Германия) <span class=art>арт. 01-03-56</span>|Профессиональная огнестойкая пистолетная монтажная пена ZIGGER PF класса огнестойкости <b>B1</b>: трудновоспламеняемая.||/img/pic/foam/small/01-03-56.jpg|/img/pic/foam/big/01-03-56.jpg
~0|Пена Zigger Profi                         |175|01-03-56|495|485|475
#1|Пена "Loctite" PF850w 65                  |175|HL65    |298|288|292||norow ltd one|Пистолетная монтажная пена| "Loctite" PF850w 65 профессиональная всесезонная, 850 мл <span class=art>арт. HL65</span>|Пена "ЛОКТАЙТ" (Henkel, Германия) для профессионального монтажа окон и дверей, заполнения щелей, термо-звукоизоляции, соединения строительных конструкций в условиях пониженной температуры окружающей среды.</span></p><UL><LI>Технология ShakeTec (улучшенное смешивание компонентов пены)<LI>Низкое давление при расширении. Низкое вторичное расширение. Не деформирует конструкции.<LI>Отличная адгезия к большинству строительных материалов. Поверхность высыхает за 6-10 минут.<LI>Температура применения от -10 до +25&deg;С.</UL><p><span class="addt">||/img/pic/foam/small/HL65.jpg|/img/pic/foam/big/HL65.jpg
#0|Пена "Loctite" PF850w 65 всесезонная 850мл|175|HL65    |298|288|292
#0|Пена Zigger Profi, срок годн. до янв. 2017|175|*A.01   |275|275|275|473|||||

#1|Пена "МОМЕНТ" 65 профи всесезонная        |175|MO.65   |338|305|289||norow|Пистолетная монтажная пена| "МОМЕНТ" 65 профессиональная всесезонная, 850 мл (Henkel, Германия) <span class=art>арт. MO.65</span>|</span></p><UL><LI>Профессиональная всесезоная однокомпонентная полиуретановая монтажная пена МОМЕНТ 65, затвердевающая под воздействием влажности воздуха, предназначена для заполнения швов при монтаже окон и дверей, а также в качестве теплоизолирующего материала в фасадных швах.<LI>Отлично прилипает ко всем строительным материалам, за исключением полиэтиленов и силиконов.<LI>Обладает специальной формулой увеличенного выхода пены до 65 литров, с низким вторичным расширением и равномерной структурой.<LI>Имеет отличные тепло- и звукоизоляционные свойства, не разрушается со временем.<LI>Специальный наконечник обеспечивает очень точную дозировку и, как следствие, минимальные отходы.<LI>В затвердевшем состоянии безвредна для здоровья.<LI>Устойчива к перепадам температур от -55 до +90&deg;С.</UL><p><span class="addt">||/img/pic/foam/small/moment.png|/img/pic/foam/big/moment.png
#0|Пена "МОМЕНТ" 65 профи всесезонная        |175|MO.65   |315|305|289
#1|Пена "МАКРОФЛЕКС" 850 мл                  |175|*1918965|268|262|258||norow|Монтажная пена| "MAKROFLEX 65" ПРОФИ 850 мл|</span></p><UL><LI>Профессиональная полиуретановая монтажная пена <b>Макрофлекс 65 PRO</b> с увеличенным выходом.<LI>Дает до 65 литров готовой пены в зависимости от температуры, влажности воздуха и т.д.<LI>В затвердевшем состоянии пена не токсична и не огнеопасна.<LI>Обладает превосходной адгезией к большинству строительных материалов, хорошими тепло- и звукоизоляционными свойствами, влагоустойчива. Не разрушается с течением времени.<LI>Очень хорошая заполняющая способность.<LI>Возможность точной дозировки обеспечивает экономичное использование.</UL><p><span class="addt">||/img/pic/foam/small/makro65.jpg|/img/pic/foam/big/makro65.jpg
#0|Пена "МАКРОФЛЕКС 65" ПРОФИ 850 мл         |175|*1918965|268|262|258
#1|Пена xP профи всесезонная 600 г     |175|01-01-38|245,00|225,00|210,00|||Пистолетная монтажная пена| xP профи всесезонная 600 г <span class=art>арт. 01-01-38</span>|</span></p><UL><LI>Однокомпонентная полиуретановая пена, готовая к применению. Под воздействием влаги воздуха продукт превращается в полутвердый эластичный полиуретановый пенопласт.<LI>Хорошая адгезия к многим строительным материалам без применения грунтов.<LI>Стойкость к старению, к воздействию кислот и щелочей.<LI>Увеличение объема пены в три раза.<LI>Возможность покраски и штукатурки.</UL><p><span class="addt">||/img/pic/foam/small/01-01-38.jpg|/img/pic/foam/big/01-01-38.jpg
#1|Пена KIM TEC PU Schaum              |175|01-03-01|370,00|350,00|340,00|||Пена монтажная| KIM TEC PU Schaum бытовая, летняя, 750 мл (производство Германия) <span class=art>арт. 01-03-01</span>|Бытовая пена KIM TEC PU Schaum летняя представляет собой однокомпонентную полиуретановую пену, готовую к применению. Под воздействием влаги воздуха или введенной влаги превращается в полутвердый эластичный пенопласт.</span></p><UL><LI>Хорошая адгезия к разным поверхностям без применения грунтов, стойкость к старению, к воздействию кислот и щелочей. Увеличение объема пены в три раза.<LI>Возможность покраски и штукатурки.<LI>Используется при температуре окружающей среды от +5&deg;С.<LI>Имеются  <a href=/img/pic/foam/big/Tech_Description_01-03-01.pdf target=_blank title="Документ PDF">Техническое описание</a> и <a href=/img/pic/foam/big/Cert_01-03-14.png target=_blank title="Сертификат Роспотребнадзора">Сертификат Роспотребнадзора</a>.</UL><p><span class="addt">||/img/pic/foam/small/01-03-01.jpg|/img/pic/foam/big/01-03-01.jpg
#1|Пена KIM TEC MegaSchaum             |175|01-03-14|475,00|450,00|440,00|||Пистолетная монтажная пена| KIM TEC MegaSchaum всесезонная, 850 мл (производство Германия) <span class=art>арт. 01-03-14</span>|Пистолетная монтажная пена KIM TEC MegaSchaum всесезонная представляет собой однокомпонентную полиуретановую пену, предназначенную для применения с помощью монтажного пистолета. Под воздействием влаги воздуха или введенной влаги превращается в полутвердый эластичный пенопласт.</span></p><UL><LI>Хорошая адгезия к разным поверхностям без применения грунтов, стойкость к старению, к воздействию кислот и щелочей. Оптимальные теплоизоляционные свойства.<LI>Возможность точной настройки пистолета при регулировке интенсивности пенной струи.<LI>Используется при температуре окружающей среды от - 10&deg;С. Выход 65 л.<LI>Имеются <a href=/img/pic/foam/big/Tech_Description_01-03-14.pdf target=_blank title="Документ PDF">Техническое описание</a> и <a href=/img/pic/foam/big/Cert_01-03-14.png target=_blank title="Сертификат Роспотребнадзора">Сертификат Роспотребнадзора</a>.</UL><p><span class="addt">||/img/pic/foam/small/01-03-14.jpg|/img/pic/foam/big/01-03-14.jpg
#1|Пена Zigger Монтаж                  |175|01-03-70|310,00|295,00|288,00|||Монтажная пена| <strong>ЗИМНЯЯ</strong> ZIGGER PF, 750 мл (производство Германия) <span class=art>арт. 01-03-70</span>|Зимняя монтажная пена ZIGGER PF предназначена для работы при температуре окружающей среды от -10 до +35 °С. После застывания зимняя монтажная пена отличается высокой термостойкостью при температуре от -60 до +100 °С.||/img/pic/foam/small/01-03-70.jpg|/img/pic/foam/big/01-03-70.jpg
#1|Пена KIM TEC WinterPistolschaum (HE)|175|01-03-15|535,00|515,00|495,00|||Пистолетная монтажная пена| <strong>ЗИМНЯЯ</strong> KIM TEC WinterPistolschaum профессиональная, 750 мл (производство Германия) <span class=art>арт. 01-03-15</span>|Монтажная пена KIM TEC WinterPistolschaum представляет собой однокомпонентную полиуретановую пену, разработанную для применения с монтажным пистолетом при низких температурах и обеспечивающую выход пены до 50 литров. Под воздействием влаги воздуха или при увлажнении водой превращается в полутвердую эластичную полиуретановую пену.</span></p><UL><LI>Хорошая адгезия к разным поверхностям без применения грунтов, стойкость к старению, к воздействию кислот и щелочей.<LI>Возможность покраски и штукатурки.<LI>Используется при температуре окружающей среды от -10&deg;С до +35&deg;С.<LI>Имеются  <a href=/img/pic/foam/big/Tech_Description_01-03-15.pdf target=_blank title="Документ PDF">Техническое описание</a> и <a href=/img/pic/foam/big/Cert_01-03-14.png target=_blank title="Сертификат Роспотребнадзора">Сертификат Роспотребнадзора</a>.</UL><p><span class="addt">||/img/pic/foam/small/01-03-15.jpg|/img/pic/foam/big/01-03-15.jpg
#1|Пена Zigger Universal               |175|01-03-64|350|340|330||Монтажная пена| ZIGGER Universal всесезонная, 650 мл (производство Германия) <span class=art>арт. 01-03-64</span>|Монтажная пена Zigger универсальная всесезонная представляет собой однокомпонентную полиуретановую пену, готовую к применению. Под воздействием влаги воздуха превращается в полутвердый эластичный пенопласт.</span></p><UL><LI>Хорошая адгезия к многим строительным материалам без применения грунтов, стойкость к старению, к воздействию кислот и щелочей.<LI>Выход 40 л.<LI>Имеются  <a href=/img/pic/foam/big/Tech_Description_01-03-64.pdf target=_blank title="Документ PDF">Техническое описание</a> и <a href=/img/pic/foam/big/Cert_01-03-64.png target=_blank title="Сертификат Роспотребнадзора">Сертификат Роспотребнадзора</a>.</UL><p><span class="addt">||/img/pic/foam/small/01-03-64.jpg|/img/pic/foam/big/01-03-64.jpg
#1|Пена Zigger Profi                   |175|01-03-63|360|345|335||Пистолетная пена| ZIGGER Profi всесезонная, 650 мл (производство Германия) <span class=art>арт. 01-03-63</span>|Пистолетная пена Zigger Profi всесезонная представляет собой однокомпонентную полиуретановую пену, cпециально разработанную для применения с помощью монтажного пистолета. Под воздействием влаги воздуха превращается в полутвердый эластичный пенопласт.</span></p><UL><LI>Хорошая адгезия к разным поверхностям без применения грунтов, стойкость к старению, к воздействию кислот и щелочей.<LI>Используется при температуре окружающей среды от - 5&deg; С. Выход 42 л.<LI>Имеются  <a href=/img/pic/foam/big/Tech_Description_01-03-63.pdf target=_blank title="Документ PDF">Техническое описание</a> и <a href=/img/pic/foam/big/Cert_01-03-63.png target=_blank title="Сертификат Роспотребнадзора">Сертификат Роспотребнадзора</a>.</UL><p><span class="addt">||/img/pic/foam/small/01-03-63.jpg|/img/pic/foam/big/01-03-63.jpg
#1|Пена "МАКРОФЛЕКС" 750 мл            |175|625428  |255|245|240||Монтажная пена| летняя|</span></p><UL><LI>Летняя монтажная пена <b>MAKROFLEX</b> используется при температуре окружающей среды не ниже + 5&deg; С. <LI>Выход до 50 л. <LI>Для бытового и профессионального (под пистолет) использования.</UL><p><span class="addt">||/img/pic/foam/small/PENA LETO MAKROFLEX.jpg|/img/pic/foam/big/PENA LETO MAKROFLEX.jpg
#0|Пена "МАКРОФЛЕКС" ПРОФИ 750 мл      |175|625427  |278|268|264
#1|Пена "МАКРОФЛЕКС" ЗИМА 750 мл       |175|625426  |270|260|250||Монтажная пена| зимняя|</span></p><UL><LI>Зимняя монтажная пена <b>MAKROFLEX</b> используется при температуре окружающей среды не ниже -10&deg; С. <LI>Выход до 50 л. <LI>Для бытового и профессионального (под пистолет) использования.</UL><p><span class="addt">||/img/pic/foam/small/PENA ZIMNJAA.jpg|/img/pic/foam/big/PENA ZIMNJAA.jpg
#0|Пена "МАКРОФЛЕКС" ПРОФИ ЗИМА 750 мл |175|625424  |285|278|272
#1|Профессиональная всесезонная монтажная пена|175|01-0-0-034|||189|sale1|Профессиональная <strong>всесезонная</strong> монтажная пена| Pplus MEGA 65L <span class=art>арт. 01-0-0-034</span>|</span></p><UL><LI>Профессиональная монтажная пена под пистолет.<LI>Температура применения от -10&deg; С до +30&deg; С.<LI>Увеличенный выход при свободном расширении до 65 л<LI>Быстрое отвердение<LI>Отличное соотношение цены/качества</UL><p><span class="addt">||/img/pic/foam/small/NOVAJA PENA 65L VSSEZONNAJA.jpg|/img/pic/foam/big/NOVAJA PENA 65L VSSEZONNAJA.jpg
#1|Пена пистолетная AUSTER Double Gun (ПРОФИ), 45 л, 840 г|175|01-0-1-006|188|188|188|sale1|Монтажная пена| AUSTER|</span></p><UL><LI>Содержит специальные добавки, улучшающие работу при отрицательных температурах.<LI>Температура применения от -10&deg; С до +30&deg; С.</UL><p><span class="addt">||/img/pic/foam/small/PENA - CYCLONE - vsesezonnaja.jpg|/img/pic/foam/big/PENA - CYCLONE - vsesezonnaja.jpg
#0|Пена AUSTER Standard Foam (бытовая) 40л, 800 г|175|01-0-1-002|169|169|169
#1|Пена CYCLONE 1000 мл всесезонная|175|01-3-0-041|185|175|-|neat|Монтажная <strong>всесезонная</strong> пена| CYCLONE|</span></p><UL><LI>Всесезонная полиуретановая пена с объемным выходом из баллона до 40 л.<LI>Содержит специальные добавки, улучшающие работу при отрицательных температурах.<LI>Температура применения от -10&deg; С до +30&deg; С.</UL><p><span class="addt">||/img/pic/foam/small/PENA - CYCLONE - vsesezonnaja.jpg|/img/pic/foam/big/PENA - CYCLONE - vsesezonnaja.jpg
#0|Пена CYCLONE ПРОФИ 1000 мл всесезонная|175|01-3-1-511|195|185|-
#1|Пена CYCLONE ПРОФИ 1000 мл всесезонная|175|01-3-1-511|||188|sale1|Монтажная <strong>всесезонная</strong> пена| CYCLONE ПРОФИ 1000 мл|</span></p><UL><LI>Всесезонная полиуретановая пена с объемным выходом из баллона до 40 л.<LI>Содержит специальные добавки, улучшающие работу при отрицательных температурах.<LI>Температура применения от -10&deg; С до +30&deg; С.</UL><p><span class="addt">||/img/pic/foam/small/PENA - CYCLONE - vsesezonnaja.jpg|/img/pic/foam/big/PENA - CYCLONE - vsesezonnaja.jpg
#1|Пена FOME PRO Premium (Mounting Foam)|175|389|375|-|neat|Монтажная пена <strong>огнестойкая</strong>| FOME PRO Premium FIRE BLOCK, 1000 мл|</span></p><UL><LI>Профессиональная трудновоспламеняющаяся противопожарная монтажная пена.<LI>Выход при свободном расширении до 45 л.<LI>Класс возгораемости: <b>В1</b> по DIN 4102; <b>В</b> по EN 13501-1.<LI>Имеется <a href=/img/pic/foam/big/Certificate.JPG target=_blank title="Картинка JPG">сертификат пожарной безопасности</a>.<LI>Технические характеристики: <a href=/img/pic/foam/big/FOME-PRO-2.pdf target=_blank title="Документ PDF">Mounting Foam</a>, <a href=/img/pic/foam/big/FOME-PRO-1.pdf target=_blank title="Документ PDF">Gun Foam</a></UL></span></p></td><td class=nop align=center width=1><a href=/img/pic/foam/big/Certificate.JPG target=_blank><img style=border:none; src=/img/pic/foam/small/Certificate.JPG title="Сертификат пожарной безопасности"></a><p><span>||/img/pic/foam/small/PENA - OGNESTIYKAJA.jpg|/img/pic/foam/big/PENA - OGNESTIYKAJA.jpg
#1|Пена FOME PRO Premium (Mounting Foam)|175|01-0-1-040|435|425|415|neat|Монтажная пена <strong>огнестойкая</strong>| FOME PRO Premium FIRE BLOCK, 1000 мл|</span></p><UL><LI>Профессиональная трудновоспламеняющаяся противопожарная монтажная пена.<LI>Выход при свободном расширении до 45 л.<LI>Класс возгораемости: <b>В1</b> по DIN 4102; <b>В</b> по EN 13501-1.<LI>Имеются сертификаты пожарной безопасности: <a href=/img/pic/foam/big/fome_pro_060sa.jpg target=_blank title="Сертификат EI60">EI 60</a>, <a href=/img/pic/foam/big/fome_pro_120sa.jpg target=_blank title="Сертификат EI120">EI 120</a>, <a href=/img/pic/foam/big/fome_pro_240sa.jpg target=_blank title="Сертификат EI240">EI 240</a>.<LI>Технические характеристики: <a href=/img/pic/foam/big/FOME-PRO-2.pdf target=_blank title="Документ PDF">Mounting Foam</a>, <a href=/img/pic/foam/big/FOME-PRO-1.pdf target=_blank title="Документ PDF">Gun Foam</a></UL><p><span class="addt">||/img/pic/foam/small/PENA - OGNESTIYKAJA.jpg|/img/pic/foam/big/PENA - OGNESTIYKAJA.jpg
#0|Пена бытовая FOME FLEX Fire Block Mounting FOAM|175|FIRE1|435|425|415
#0|Пена ПРОФИ FOME PRO Pistol Foam премиум класса|175|FIRE2|445|435|425
#1|Профессиональная монтажная пена зимняя|175|85379|288|275|265|neat|| TYTAN 65 О2 <span class=art>арт. 85379</span>|</span></p><UL><LI>Профессиональная полиуретановая монтажная пена под пистолет.<LI>Объемный выход из баллона 65 л, с низким вторичным расширением (не деформирует конструкции).<LI><b>Может использоваться при температуре воздуха до <span class=larger>-20&deg; С</span> и температуре баллона до <span class=larger>-5&deg; С.</span></b></UL><p><span class="addt">||/img/pic/foam/small/85379.jpg|/img/pic/foam/big/jpg
#1|Профессиональная монтажная пена|175|01-02-14|185|179||neat|| PROFPUR Standart зимняя <span class=art>арт. 01-02-14</span>|</span></p><UL><LI>Профессиональная пистолетная монтажная пена.<LI>Емкость баллона 1000 мл, Объем содержимого баллона 750 мл.<LI>Объемный выход из баллона 65 л.<LI>Температура применения - от -10&deg; С до +35&deg; С.</UL><p><span class="addt">||/img/pic/foam/small/PROFPUR.jpg|/img/pic/foam/big/jpg
#1|Профессиональная монтажная пена зимняя|175|01-0-1-033|265|255|-|neat|| FOME PRO MEGA POWER-PAC 65L <span class=art>арт. 01-0-1-033</span>|</span></p><UL><LI>Профессиональная монтажная пена под пистолет.<LI>Объемный выход из баллона 65 л.<LI><b>Может использоваться при особенно низких температурах, до <span class=larger>-21&deg; С.</span></b></UL><p><span class="addt">||/img/pic/foam/small/NOVAJA PENA na MINUS 21.jpg|/img/pic/foam/big/NOVAJA PENA na MINUS 21.jpg

# 176|Герметик Жидкая резина
 1|Герметик силиконовый ZIGGER PF 280 мл                     |176|02-02-26|129|124|122||neat norow|Силиконовый герметик| ZIGGER PF, 280 мл (производство Германия)|Универсальный силиконовый герметик многостороннего применения.</span></p><UL><LI>Не меняет своих свойств от -50&deg;C до +180&deg;C<LI>Температура использования от +5&deg;C до +25&deg;C.</UL><p><span class="addt">||/img/pic/foam/small/NEWE_ RU_ SILICONE ZIGGER_BELY I PROZRACHNY.jpg|/img/pic/foam/big/NEWE_ RU_ SILICONE ZIGGER_BELY I PROZRACHNY.jpg
 0|Герметик силиконовый ZIGGER PF белый,      280 мл         |176|02-02-26|129|124|122
 0|Герметик силиконовый ZIGGER PF прозрачный, 280 мл         |176|02-02-27|129|124|122
 1|Герметик акриловый ZIGGER Acryl 280 мл                    |176|02-04-81|129|122|118||neat norow|Акриловый герметик| ZIGGER Acryl, 280 мл <span class=art>арт. 02-04-81</span>|</span></p><UL><LI>Пластический, эластический, легко применяемый однокомпонентный герметик на основе акриловой дисперсии с добавкой компонента, снижающего температуру замерзания.<LI>Для склеивания, заполнения и герметизации швов и исправления дефектов в таких материалах, как бетон, гипсокартон, дерево, керамическая плитка, керамика, ПВХ и другие пластики.<LI><abbr title="Тиксотропность — способность субстанции уменьшать вязкость (разжижаться) от механического воздействия и увеличивать вязкость (сгущаться) в состоянии покоя">Тиксотропность</abbr> ZIGGER Acryl позволяет проводить заделочные работы на вертикальных и потолочных поверхностях.<LI>Легко наносим, безвреден для окружающей среды, не содержит растворителей, совместим со многими красками.</UL><p><span class="addt">||/img/pic/foam/small/02-04-81.jpg|/img/pic/foam/big/02-04-81.png
 0|Герметик акриловый ZIGGER Acryl 280 мл                    |176|02-04-81|129|122|118
 1|Герметик акриловый KIM TEC Silacryl 121 белый, 310 мл     |176|02-04-72|175|171|168||neat norow|Герметик акриловый| KIM TEC Silacryl 121, 310 мл (производство Германия)|Уплотнитель многостороннего применения, акрил на основе полиакрилата, который под воздействием влаги воздуха быстро превращается в прозрачный уплотнитель, обладающий высокой эластичностью и прочностью.</span></p><UL><LI>Неогнеопасный, морозостойкий, окрашиваемый, эластичный, в его составе отсутствуют органические растворители.<LI>Обладает адгезией к разным материалам без использования грунтовок; можно наносить на вертикальные и потолочные поверхности.<LI>Имеются  <a href=/img/pic/foam/big/Tech_Description_121.pdf target=_blank title="Документ PDF">Техническое описание</a> и <a href=/img/pic/foam/big/Cert_121.png target=_blank title="Сертификат Роспотребнадзора">Сертификат Роспотребнадзора</a>.</UL><p><span class="addt">||/img/pic/foam/small/KIM_TEC_121.jpg|/img/pic/foam/big/KIM_TEC_121.jpg
 0|Герметик акриловый KIM TEC Silacryl 121 белый, 310 мл     |176|02-04-72|175|171|168|
 0|Герметик акриловый KIM TEC Silacryl 121 бесцветный, 310 мл|176|02-04-73|175|171|168|
 1|Герметик акриловый KIM TEC Acryl 201 белый, 310 мл        |176|02-04-71|145|158|152||neat norow|Герметик акриловый| KIM TEC Acryl 201, 310 мл (производство Германия) <span class=art>арт. 02-04-71</span>|Пластический, эластичный, легко применяемый однокомпонентный герметик. KIM-TEC Acryl 201 разработан на основе высококачественной акриловой дисперсии с добавкой компонента, снижающего температуру замерзания.</span></p><UL><LI>Легко наносим, безвреден для окружающей среды, не содержит растворителей, совместим со многими красками.<LI>Применим для склеивания, заполнения и герметизации швов и исправлению дефектов различных поверхностей.<LI>Позволяет проводить заделочные работы на вертикальных и потолочных поверхностях.<LI>Имеется  <a href=/img/pic/foam/big/Tech_Description_201.jpg target=_blank>техническое описание</a>.</UL><p><span class="addt">||/img/pic/foam/small/KIM_TEC_201.jpg|/img/pic/foam/big/KIM_TEC_201.jpg
 0|Герметик акриловый KIM TEC Acryl 201 белый, 310 мл        |176|02-04-71|145|158|152|
 1|Герметик KIM TEC Silicon 101E белый, 310 мл               |176|02-01-31|185|182|179||neat norow|Герметик силиконовый| KIM TEC Silicon 101E, 310 мл (производство Германия)|Однокомпонентный cиликоновый каучук многостороннего применения, используемый в качестве герметика и клея.</span></p><UL><LI>УФ-стойкий, антигрибковый, атмосферостойкий, износостойкий, неогнеопасный, температуростойкий, неокрашиваемый, цветостойкий, эластичный.<LI>Устойчив к изменению температуры (от -50&deg;C до +180&deg;C) и ультрафиолетовому облучению.<LI>Обладает хорошей адгезией к стеклу, керамике, стеклоподобным поверхностям, анодированному аллюминию, окрашенным и другим поверхностям без применения грунтов; можно наносить на вертикальные и потолочные поверхности.<LI>Имеются  <a href=/img/pic/foam/big/Tech_Description_101E.pdf target=_blank title="Документ PDF">Техническое описание</a> и <a href=/img/pic/foam/big/Cert_101E.png target=_blank title="Сертификат Роспотребнадзора">Сертификат Роспотребнадзора</a>.</UL><p><span class="addt">||/img/pic/foam/small/KIM_TEC_101E.jpg|/img/pic/foam/big/KIM_TEC_101E.jpg
 0|Герметик KIM TEC Silicon 101E бесцветный, 310 мл          |176|02-01-32|185|182|179|
~0|Герметик KIM TEC Silicon 101E серый,      310 мл          |176|02-01-48|225|215|209|
 1|Герметик KIM TEC NeutralSilicon 301N бесцветный, 310 мл   |176|02-01-62|298|292|288||neat norow|Герметик силиконовый| KIM TEC NeutralSilicon 301N, 310 мл (производство Германия)|Готовый к применению однокомпонентный уплотнитель.</span></p><UL><LI>УФ-стойкий, антигрибковый, атмосферостойкий, износостойкий, агдезионный, неокрашиваемый, цветостойкий, эластичный.<LI>Обеспечивает высокую адгезию практически ко всем строительным материалам: бетону, штукатурке, кирпичной кладке, cтеклу, керамике, жесткому ПВХ, алюминию.<LI>Имеются  <a href=/img/pic/foam/big/Tech_Description_301N.pdf target=_blank title="Документ PDF">Техническое описание</a> и <a href=/img/pic/foam/big/Cert_301N.png target=_blank title="Сертификат Роспотребнадзора">Сертификат Роспотребнадзора</a>.</UL><p><span class="addt">||/img/pic/foam/small/KIM_TEC_301N.jpg|/img/pic/foam/big/KIM_TEC_301N.jpg
~0|Герметик KIM TEC NeutralSilicon 301N бесцветный, 310 мл   |176|02-01-62|298|292|288|
 1|Герметик KIM TEC Bitumen 808, 310 мл                      |176|02-01-88|185|181|178||neat norow|Битумный герметик| KIM TEC Bitumen 808, 310 мл, черный (производство Германия)|Пластичный герметик черного цвета на основе битума.</span></p><UL><LI>Отличная адгезия к бетону, штукатурке, каменной кладке, металлу, стеклу.<LI>Устойчив к старению, атмосферным осадкам, агрессивным химическим средам.<LI>Не растекается при высоких температурах.<LI>Термостойкость от -40&deg;С до +95&deg;С. Температура применения от -10&deg;С до +30&deg;С.<LI>Имеются  <a href=/img/pic/foam/big/Tech_Description_808.pdf target=_blank title="Документ PDF">Техническое описание</a> и <a href=/img/pic/foam/big/Cert_301N.png target=_blank title="Сертификат Роспотребнадзора">Сертификат Роспотребнадзора</a>.</UL><p><span class="addt">||/img/pic/foam/small/KIM_TEC_808.jpg|/img/pic/foam/big/KIM_TEC_808.jpg
~0|Герметик KIM TEC Bitumen 808, 310 мл                      |176|02-01-88|185|181|178|
 1|Профессиональный герметик для сэндвич-панелей             |176|02-02-12|189|183|178||neat norow|| ZIGGER PF, 310 мл <span class="art">арт. 02-02-12</span>|</span><span class="for">Однокомпонентный нейтральный низкомодульный герметик для внутренних и наружных работ с превосходной адгезией.</span></p><UL><LI>Долговечный, без усадки шов, получающийся в результате естественной вулканизации, устойчив к неблагоприятным атмосферным условиям (влажности, резким перепадам температур); к большинству агрессивных химических веществ; к озону, ультрафиолетовому излучению. Не вызывает коррозию металлов.<LI>Герметик для сэндвич-панелей Zigger PF обладает отличной адгезией к акриловым поверхностям и различным пластикам, включая ПВХ, не вызывая разрушения или окрашивания данных поверхностей; хорошей адгезией к большинству материалов без применения дополнительной грунтовки: металлам (алюминию, стали, цинку, меди); стеклу, плитке, керамике, эмали, глазурованным, окрашенным и непористым поверхностям; к лакированному, окрашенному или пропитанному дереву. Подходит для щелочных субстратов, таких как бетон, известковый раствор, волокнистый (с различными минеральными компонентами) цемент.<LI>Для некоторых поверхностей качество адгезии может быть улучшено при предварительной обработке (грунтовке) поверхности.<LI>Температурная устойчивость шва: от -40&deg;C до +180&deg;C.<LI>Температура использования от +5&deg;C до +40&deg;C.<LI>Имеются <a href=/img/pic/foam/big/02-02-12.pdf target=_blank title="Документ PDF">Техническое описание / Руководство по применению</a> и <a href=/img/pic/foam/big/02-02-12cert.jpg target=_blank title="Изображение JPEG">Сертификат Роспотребнадзора</a>.</UL><p><span class="addt">||/img/pic/foam/small/02-02-12n.jpg|/img/pic/foam/big/02-02-12n.jpg
 0|Герметик для сэндвич-панелей ZIGGER PF, 310 мл            |176|02-02-12|189|183|178
 1|Термостойкий герметик KIM TEC Termo 1200,                 |176|02-07-01|245|235|225||neat norow|Термостойкий герметик| KIM TEC Termo 1200 С, 310 мл, черный (производство Германия)|Пастообразный безасбестовый материал. При высыхании затвердевает, превращаясь в твердый, стойкий к действию высоких температур уплотнитель.</span></p><UL><LI>Хорошая адгезия с большинством основ, нерастрескивающиеся швы.<LI>Применяется для уплотнения швов и стыков в отопительных установках, каминах, печах; для склеивания огнеупорных кирпичей и камней; для расшивки швов кладки.<LI>Термостойкость до +1200&deg;С.<LI>Имеются  <a href=/img/pic/foam/big/Tech_Description_1200.pdf target=_blank title="Документ PDF">Техническое описание</a> и <a href=/img/pic/foam/big/Cert_301N.png target=_blank title="Сертификат Роспотребнадзора">Сертификат Роспотребнадзора</a>.</UL><p><span class="addt">||/img/pic/foam/small/KIM_TEC_1200.jpg|/img/pic/foam/big/KIM_TEC_1200.jpg
 0|Термостойкий герметик KIM TEC Termo 1200С, 310 мл         |176|02-07-01|245|235|225|
 1|Силикон санитарный " KIM TEC " 701S  прозрачный, 310 мл   |176|02-01-52|198|192|188||neat norow|Силикон <strong>санитарный</strong>| "KIM TEC" 701S, 310 мл, прозрачный <span class=art>арт. 02-01-52</span>|</span></p><UL><LI>УФ-стойкий, антигрибковый, атмосферостойкий, износостойкий, неогнеопасный, температуростойкий, неокрашиваемый, цветостойкий, эластичный <b>силиконовый герметик санитарный KIM-TEC Silicon 701S</b> предназначен для уплотнения и герметизации швов в помещениях с высокими требованиями к санитарной обработке, в том числе в местах с повышенной влажностью (кухня, ванная комната, туалет).<LI>Образует эластичный, прочный и устойчивый к вредным воздействиям и агрессивным средам шов.<LI>Содержит фунгицидные компоненты для предотвращения образования плесниевых грибков и бактерий.<LI>Обладает хорошей адгезией к большинству материалов: керамике, стеклу, пластику, металлам, эмали, дереву, кирпичу.<LI>Температура применения: от +5 до +40&deg;С. Термостойкость шва: от -50 до +180&deg;С.<LI>Имеются  <a href=/img/pic/foam/big/tech_description_02-01-52.pdf target=_blank title="Документ PDF">Техническое описание</a> и <a href=/img/pic/foam/big/Cert_02-01-52.pdf target=_blank title="Документ PDF">Сертификат Роспотребнадзора</a>.</UL><p><span class="addt">||/img/pic/foam/small/02-01-52.jpg|/img/pic/foam/big/02-01-52.jpg
~0|Силикон санитарный " KIM TEC " 701S  прозрачный, 310 мл   |176|02-01-52|198|192|188|
#1|Жидкая резина KIM TEC "КлейВсё", 310 мл                   |176|03-04-05|650,00|630,00|620,00|270|neat norow|Жидкая резина| KIM TEC "КлейВсё" (производство Германия)|Универсальный однокомпонентный продукт нового вида на основе МS-полимеров без органических растворителей, с нейтральной системой вулканизации.</span></p><UL><LI>Заменяет большинство клеев и герметиков.<LI>Применим для склеивания, уплотнения швов, выравнивания поверхностей, приклеивания керамических плиток, герметизации ёмкостей, для внутренних и наружных работ.<LI>Позволяет проводить работы на вертикальных и потолочных поверхностях даже во влажных помещениях и резервуарах с водой.<LI>Шов эластичный, прочный, долговечный, устойчивый к перепадам температур, повышенной влажности, ультрафиолету и химически агрессивным средам. Высохший шов можно окрашивать.<LI>Имеется  <a href=/img/pic/foam/big/Tech_Description_LG.jpg target=_blank>Техническое описание</a>.</UL><p><span class="addt">||/img/pic/foam/small/KIM_TEC_LG.jpg|/img/pic/foam/big/KIM_TEC_LG.jpg
#0|Жидкая резина KIM TEC "КлейВсё" прозрачная, 300 мл        |176|03-04-05|650,00|630,00|620,00|270
#0|Жидкая резина KIM TEC "КлейВсё" белая,      405 мл        |176|03-04-03|650,00|630,00|620,00|270
#0|Жидкая резина KIM TEC "КлейВсё" черная,     405 мл        |176|03-04-07|650,00|630,00|620,00|270
#1|ZIGGER PF СУХАЯ КРЫША, 1 кг                               |176|02-02-01|580,00|550,00|540,00||neat|Герметизирующий состав для кровли| ZIGGER PF СУХАЯ КРЫША, 1 кг (производство Германия) <span class=art>арт. 02-02-01</span>|Специальная паста для ремонта всех видов кровли от протечек, заделки трещин и щелей.</span></p><UL><LI>Эффективен для щелей шириной от 10 до 15 мм. Имеет 100% водонепроницаемость. Цвет черный.<LI>Можно наносить на влажные поверхности и при любых погодных условиях.<LI>Устойчив к пониженным температурам, атмосферным осадкам, повышенной влажности, ультрафиолету. Термостойкость шва: от -50 до +90&deg;C.<LI>Имеется  <a href=/img/pic/foam/big/Tech_Description_ZIGGER.jpg target=_blank>техническое описание</a>.</UL><p><span class="addt">||/img/pic/foam/small/ZIGGER_roof.jpg|/img/pic/foam/big/ZIGGER_roof.jpg

# 430 -># 270|Клей "жидкие гвозди"
 1|Клей аэрозольный                                          |430|03-01-42|345|335|325|270|norow|| ZIGGER PF, 400 мл <span class=art>арт. 03-01-42</span>|</span><span class="for">Эффективное клеящее средство, простое в применении, экономящее время, обладающее высокой клеящей способностью, обеспечивающее аккуратную работу и отличный результат.</span></p><UL><LI>Используется для приклеивания к деревянным и металлическим поверхностям и склеивания между собой материалов, в том числе листовых и рулонных, таких как: бумага, картон, текстиль и различные пробка, фанера, кожа, кожзаменитель, мягкий и жесткий пенопласт, пеноблоки, войлок, поролон и большинство пластиковых пленок (например, для бассейнов).<LI>Аэрозольный клапан позволяет легко и быстро наносить клей на достаточно большие площади без помощи дополнительных инструментов, гарантирует экономное и точное применение клея. Благодаря этому на поверхности-основе и приклеиваемой поверхности образуется тонкая плёнка с высокой начальной адгезией и прочным клеевым соединением.<LI>Температурная устойчивость: от -40&deg;C до +80&deg;C.<LI>Температура использования от +5&deg;C до +40&deg;C.<LI>Имеются <a href=/img/pic/foam/big/03-01-42.pdf target=_blank title="Документ PDF">Техническое описание / Руководство по применению</a> и <a href=/img/pic/foam/big/03-01-42cert.jpg target=_blank title="Изображение JPEG">Сертификат Роспотребнадзора</a>.</UL><p><span class="addt">||/img/pic/foam/small/03-01-42n.jpg|/img/pic/foam/big/03-01-42n.jpg
 0|Клей аэрозольный ZIGGER PF, 400 мл                        |430|03-01-42|345|335|325|270
 1|Клей монтажный "жидкие гвозди"                            |430|03-05-34|198|192|188|270|norow|Клей монтажный "жидкие гвозди"| V6 99 универсальный экстра сильный 280 мл <span class=art>арт. 03-05-34</span>|</span></p><UL><LI>V6 Клей Вместо Гвоздей 99 универсальный экстра сильный - однокомпонентный клей на основе растворителей на базе бутадиен-стиролового каучука (SBS).<LI>Предназначен для отделочных работ внутри и снаружи помещений в строительстве.<LI>Образует эластичный водостойкий шов.<LI>Обрабатываемый материал: камень, бетон, гипсокартон, дерево, керамическая плитка, керамика, ПВХ и другие пластики, стекло, металлы.</UL><p><span class="addt">||/img/pic/foam/small/03-05-34_v6_99.jpg|/img/pic/foam/big/03-05-34_v6_99.jpg
~0|Клей "жидкие гвозди" V6 99 универсальный экстра сильный   |430|03-05-34|198|192|188|270
 1|Клей монтажный "жидкие гвозди"                            |430|03-05-35|235|230|220|270|norow|Клей монтажный "жидкие гвозди"| V6 90 многоцелевой влагостойкий 280 мл прозрачный шов <span class=art>арт. 03-05-35</span>|</span></p><UL><LI>V6 Клей Вместо Гвоздей 90 - прозрачный многоцелевой каучуковый монтажный клей для внутренних и наружных работ.<LI>Предназначен для приклеивания различных элементов конструкций и отделочно-декоративных деталей.<LI>Образует прозрачный влагостойкий эластичный шов.<LI>Очень быстрое начальное схватывание, отличная адгезия, прочность соединений.<LI>Обрабатываемый материал: бетон, древесина, кирпич, штукатурка.</UL><p><span class="addt">||/img/pic/foam/small/03-05-35_v6_90.jpg|/img/pic/foam/big/03-05-35_v6_90.jpg
 0|Клей "жидкие гвозди" V6 90 многоцелевой влагостойкий      |430|03-05-35|235|230|220|270
 1|Клей монтажный "жидкие гвозди"                            |430|03-05-33|198|192|188|270|norow|Клей монтажный "жидкие гвозди"| V6 94 универсальный экологический 280 мл <span class=art>арт. 03-05-33</span>|</span></p><UL><LI>V6 Клей Вместо Гвоздей 94 универсальный экологический - однокомпонентный водяной клей на базе акриловой дисперсии.<LI>Предназначен для работ внутри помещений по изоляции и монтажу, применяется при приклеивании декоративных материалов к пористым поверхностям.<LI>Морозостойкий, экологически безвредный, не содержит растворителей.<LI>Обрабатываемый материал: камень, бетон, гипсокартон, дерево, керамическая плитка, керамика, металлы.</UL><p><span class="addt">||/img/pic/foam/small/03-05-33_v6_94.jpg|/img/pic/foam/big/03-05-33_v6_94.jpg
~0|Клей "жидкие гвозди" V6 94 универсальный экологический    |430|03-05-33|198|192|188|270
 1|Клей монтажный "жидкие гвозди"                            |430|03-05-36|139|133|129|270|norow|Клей монтажный "жидкие гвозди"| V6 92 декор белый 280 мл <span class=art>арт. 03-05-36</span>|</span></p><UL><LI>V6 Клей Вместо Гвоздей 92 для отделочных и декоративных деталей интерьера - однокомпонентный водный клей на основе стирило-акриловой дисперсии, после отверждения образует прочный шов белого цвета.<LI>Предназначен для приклеивания различных отделочно-декоративных элементов в интерьере: потолочных плиток, кессонов, карнизов, молдингов, угловых элементов и других декоративных деталей из пенополистирола.<LI>Обрабатываемый материал: бетон, гипс, цемент, кирпич, древесностружечные плиты, штукатурка.<LI>Характеризуется очень быстрым начальным схватыванием, отличной адгезией, прочностью соединений.</UL><p><span class="addt">||/img/pic/foam/small/03-05-36_v6_92s.jpg|/img/pic/foam/big/jpg
~0|Клей "жидкие гвозди" V6 92 декор белый                    |430|03-05-36|139|133|129|270

#1|Герметик силиконовый ZIGGER 280 мл               |176|02-01-76/02-01-77|139|133|130||neat|Силиконовый герметик| ZIGGER, 280 мл (производство Германия)|Универсальный силиконовый герметик многостороннего применения.</span></p><UL><LI>Не меняет своих свойств от -50&deg;C до +180&deg;C<LI>Температура использования от +5&deg;C до +25&deg;C<LI>Цвета: БЕЛЫЙ <span class=art>арт. 02-01-76</span> и ПРОЗРАЧНЫЙ <span class=art>арт. 02-01-77</span>.</UL><p><span class="addt">||/img/pic/foam/small/NEWE_ RU_ SILICONE ZIGGER_BELY I PROZRACHNY.jpg|/img/pic/foam/big/NEWE_ RU_ SILICONE ZIGGER_BELY I PROZRACHNY.jpg
#1|Герметик силиконовый ZIGGER прозрачный 280 мл       |176|02-01-77/ZIG-W|155|149|144|neat|Силиконовый герметик| ZIGGER, 280 мл (производство Германия)|Универсальный силиконовый герметик многостороннего применения.</span></p><UL><LI>Не меняет своих свойств от -50&deg;C до +180&deg;C<LI>Температура использования от +5&deg;C до +25&deg;C<LI>Цвета: ПРОЗРАЧНЫЙ <span class=art>арт. 02-01-77</span> и БЕЛЫЙ <span class=art>арт. ZIG-W</span>.</UL><p><span class="addt">||/img/pic/foam/small/NEWE_ RU_ SILICONE ZIGGER_BELY I PROZRACHNY.jpg|/img/pic/foam/big/NEWE_ RU_ SILICONE ZIGGER_BELY I PROZRACHNY.jpg
#1|Герметик силиконовый ZIGGER прозрачный 280 мл|176|ZIG-T/ZIG-W|118|108| 99|neat|Силиконовый герметик| ZIGGER, 280 мл (производство Германия) <span class=art>арт. ZIG-T/ZIG-W</span>|Универсальный силиконовый герметик многостороннего применения.</span></p><UL><LI>Не меняет своих свойств от -50&deg;C до +180&deg;C<LI>Температура использования от +5&deg;C до +25&deg;C<LI>Цвета: ПРОЗРАЧНЫЙ и БЕЛЫЙ.</UL><p><span class="addt">||/img/pic/foam/small/NEWE_ RU_ SILICONE ZIGGER_BELY I PROZRACHNY.jpg|/img/pic/foam/big/NEWE_ RU_ SILICONE ZIGGER_BELY I PROZRACHNY.jpg
#1|Герметик силиконовый "ZIGGER" прозрачный 280 мл|176|ZIG-T/ZIG-W|135|130|125|neat|Силиконовый герметик| ZIGGER, 280 мл <span class=art>арт. ZIG-T/ZIG-W</span>|Универсальный силиконовый герметик многостороннего применения.</span></p><UL><LI>Не меняет своих свойств от -50&deg;C до +180&deg;C<LI>Температура использования от +5&deg;C до +25&deg;C<LI>Цвета: ПРОЗРАЧНЫЙ и БЕЛЫЙ.</UL><p><span class="addt">||/img/pic/foam/small/NEWE_ RU_ SILICONE ZIGGER_BELY I PROZRACHNY.jpg|/img/pic/foam/big/NEWE_ RU_ SILICONE ZIGGER_BELY I PROZRACHNY.jpg
#1|Герметик силиконовый "CYCLONE" прозрачный 280 мл|176|01-4-1-042|||99|sale1|Силикон ПРОЗРАЧНЫЙ| CYCLONE 12, 280 мл <span class=art>арт. 01-4-1-042</span>|Санитарный эластичный силиконовый герметик ацетатного отвердения для эластичной герметизации и склеивания.</span></p><UL><LI>Для внутренних и наружных работ<LI>Для санитарных и стекольных работ<LI>Xорошо приклеивается к стеклу, керамике и др. непористым поверхностям<LI>Не пригоден для поверхностей, реагирующих с уксусной кислотой<LI>Термостойкость от -30&deg;C до +120&deg;C<LI>Срок хранения 12 месяцев.</UL></span></p></td><td class=nop align=center width=1><a href=/img/pic/foam/big/CYCLONE_Silicone_12.pdf target=_blank><img src=/img/pic/foam/small/CYCLONE_Silicone_12.gif title="Технические характеристики"></a><p><span>||/img/pic/foam/small/NEWE_ RU_ SILICONE CYCLON_BELY I PROZRACHNY.jpg|/img/pic/foam/big/NEWE_ RU_ SILICONE CYCLON_BELY I PROZRACHNY.jpg
#1|Герметик силиконовый "CYCLONE" белый 280 мл|176|01-4-1-041|||88|sale1|Силикон БЕЛЫЙ| CYCLONE 12, 280 мл <span class=art>арт. 01-4-1-041</span>|Санитарный эластичный силиконовый герметик ацетатного отвердения для эластичной герметизации и склеивания.</span></p><UL><LI>Для внутренних и наружных работ<LI>Для санитарных и стекольных работ<LI>Xорошо приклеивается к стеклу, керамике и др. непористым поверхностям<LI>Не пригоден для поверхностей, реагирующих с уксусной кислотой<LI>Термостойкость от -30&deg;C до +120&deg;C<LI>Срок хранения 12 месяцев.</UL></span></p></td><td class=nop align=center width=1><a href=/img/pic/foam/big/CYCLONE_Silicone_12.pdf target=_blank><img src=/img/pic/foam/small/CYCLONE_Silicone_12.gif title="Технические характеристики"></a><p><span>||/img/pic/foam/small/NEWE_ RU_ SILICONE CYCLON_BELY I PROZRACHNY.jpg|/img/pic/foam/big/NEWE_ RU_ SILICONE CYCLON_BELY I PROZRACHNY.jpg
#1|Герметик кровельный черный (битумный) AUSTER Bitumen, 280 мл|176|01-4-8-104|||120| sale1|Герметик КРОВЕЛЬНЫЙ черный| AUSTER Bitumen, 280 мл <span class=art>арт. 01-4-8-104</span>|Пластоэластичная уплотнительная масса на основе битума для кровельных работ.</span></p><UL><LI>Быстро образует поверхностную пленку, устойчив к воздействию дождя, УФ-лучей и холода<LI>Термостойкость более +100&deg;С<LI>Водостойкий<LI>Срок хранения 18 месяцев.</UL><p><span class="addt">||/img/pic/foam/small/jpg|/img/pic/foam/big/jpg
#1|Герметик жаростойкий красный CYCLONE THERMO 67, 280 мл|176|01-4-8-023|||155| sale1|Герметик ЖАРОСТОЙКИЙ красный| CYCLONE THERMO 67, 280 мл <span class=art>арт. 01-4-8-023</span>|</span></p><UL><LI>Термостойкость от -65&deg;C до +315&deg;C<LI>Химически устойчив.<LI>Отличное сцепление к металлу, стеклу, плитке, дереву и многим другим поверхностям.<LI class=inner></span></p><UL><LI>Уплотнение головки автомобильных двигателей.<LI>Уплотнение печных и вентиляционных ходов.<LI>Уплотнение обогревательных и отопительных устройств.</UL></UL><p><span class="addt">||/img/pic/foam/small/NEWE_ RU_ SILICONE CYCLON_THERMOSTOJKI.jpg|/img/pic/foam/big/NEWE_ RU_ SILICONE CYCLON_THERMOSTOJKI.jpg

#1|Монтажный клей Момент Монтаж Экспресс|270|600618|155|148|144||Монтажный клей| Момент Монтаж Экспресс (Хенкель, Германия), 400 г <span class=art>арт. 600618</span>|</span></p><UL><LI>Состав: Полиакрилат - водная дисперсия.<LI>Открытое время (для позиционирования склеиваемых деталей) 15 минут.<LI>Первоначальная (в момент приклеивания) сила схватывания 50 кг/кв.м.<LI>Не содержит растворитель, без запаха, подходит для наружных и внутренних работ.<LI>Цвет: белый. Идеален для приклеивания изделий из пенополистирола.</UL><p><span class="addt">||/img/pic/foam/small/600618.jpg|/img/pic/foam/big/600618.jpg
#1|Монтажный клей Момент Монтаж Универсальный|270|782493|138|133|128||Монтажный клей| Момент Монтаж Универсальный (Хенкель, Германия), 400 г <span class=art>арт. 782493</span>|</span></p><UL><LI>Состав: Синтетический каучук, смолы, наполнитель, смесь алифатических углеводородов.<LI>Открытое время (для позиционирования склеиваемых деталей) 10 минут.<LI>Температура эксплуатации клеевого соединения от -40&deg; С до +50&deg; С.<LI>Идеален для впитывающих и невпитывающих поверхностей, подходит для пенополистирола.</UL><p><span class="addt">||/img/pic/foam/small/782493.jpg|/img/pic/foam/big/782493.jpg

# 446 -># 505|Средства от ржавчины (Проникающие смазки)
 1|Преобразователь ржавчины                            |446|PR.1    | 28| 27| 26|505|neat norow|| ЯСХИМ, 0.5 л <span class=art>арт. PR.1</span>|</span></p><UL><LI>Предназначен для обработки ржавых металлических поверхностей перед окраской. Обеспечивает отличную адгезию с базой для красок на основе масла и эпоксидной смолы.<LI>Модифицирует коррозию на поверхностях черных металлов, строительных металлоконструкций, труб, арматурных сталей. Является уплотняющим барьером от влаги, предотвращая дальнейшее образование ржавчины. Особенно эффективен при обработке арматуры перед бетонированием.<LI>0,5 л хватает примерно на 5 кв.м. поверхности. Выполняет свою работу за 20-30 минут.</UL><p><span class="addt">||/img/pic/foam/small/pr-yas.jpg|/img/pic/foam/big/jpg
 0|Преобразователь ржавчины ЯСХИМ, 0.5 л               |446|PR.1    | 28| 27| 26|505|
 1|Мультиспрей (смазка проникающая "5 в 1")            |446|02-04-71|165|158|152|505|neat norow|| ZIGGER PF 101 "Скорая помощь"|</span></p><UL><LI>смазочное средство: предохраняет подвижные детали от истирания и скрипа<LI>средство для удаления ржавчины: позволяет разъединять приржавевшие резьбовые соединения<LI>контактный спрей: вытесняет влагу из области электрических контактов<LI>антикоррозионное покрытие: обеспечивает долговременную защиту от коррозии<LI>очиститель: удаляет пятна от различных загрязнений, стойкую грязь, смолу, известковые отложения, остатки клея и т.д.<LI>Не разъедает лак, искусственные материалы, текстиль. Используется при температуре от -80°С до +140°С.</UL><p><span class="addt">||/img/pic/foam/small/11-04-01.jpg|/img/pic/foam/big/11-04-01.jpg
 0|Мультиспрей смазка проникающая ZIGGER PF 101, 100 мл|446|11-04-01|159|145|152|505
 0|Мультиспрей смазка проникающая ZIGGER PF 101, 420 мл|446|11-04-03|269|252|258|505
 1|Смазка-спрей оружейная                              |446|11-04-05|215|205|198|505|neat norow|| ZIGGER PF 103 "Скорая помощь", 100 мл <span class=art>арт. 11-04-05</span>|</span></p><UL><LI>Универсальное средство для очистки и ухода за различными типами оружия.<LI>Продукт на основе чистых высокотехнологичных синтетических масел, без примесей.<LI>Бесцветен. Проникает под слой ржавчины и вытесняет влагу. Растворяет коррозионный слой в соединениях. Устраняет скрипы и шумы. Уничтожает известковый налёт, омеднения, оцинковку и освинцовывания. Защищает и ухаживает за поверхностями. Не содержит силиконовых добавок.<LI>В отличие от аналогов, не образует густой смолы и шламов &mdash; результата окисления смазок при воздействии высоких температур.<LI>Способен эффективно растворять нагар, смолы и другие продукты окисления.<LI>Можно применять вместо нескольких различных средство: для очистки, ухода, консервации, смазывания, вытеснения воды в узлах и элементах оружия.<LI class="inner">Смазку-спрей ZIGGER PF 103 "Скорая помощь" можно использовать как:<UL><LI>смазочное средство для шарниров, подшипников скольжения и шарикоподшипников,направляющих;<LI>средство для удаления ржавчины с резьбовых и металлических соединений;<LI>средство для ухода за измерительными и точными приборами: удаляет ржавчину и консервирует поверхности от воздействия влаги, агрессивных жидкостей и т.п.;<LI>очищающее и консервирующее средство: растворяет шершавые и засмоленные остатки старых смазочных средств и оставляет за собой тончайшую антистатическую пленку.</UL><LI>Термостойкость от -50°С до +210°С.</UL><p><span class="addt">||/img/pic/foam/small/11-04-05.jpg|/img/pic/foam/big/11-04-05.jpg
 0|Смазка-спрей оружейная ZIGGER PF 103, 100 мл        |446|11-04-05|215|205|198|505
 1|Смазка-спрей для цепей                              |446|11-04-08|135|129|127|505|neat norow|| ZIGGER PF 104 "Скорая помощь", 100 мл <span class=art>арт. 11-04-08</span>|</span><span class="for">Специальное вязкоэластичное средство для всех видов цепных передач</span></p><UL><LI class="inner">Используется и обеспечивает длительный смазывающий эффект в велосипедах, мотоциклах (в т.ч. спортивных и кроссовых), мотороллерах, мотоблоках, сельхозмашинах; в механизмах с высоконагруженными быстродвижущимися цепными передачами; в подъемно-транспортном оборудовании, в т.ч. в механизмах подъема гаражных ворот и т.п. Подходит для О-образных цепных передач.<UL><LI>защищает от износа, окисления и коррозии<LI>предотвращает образование нагара, копоти и смол<LI>имеет хорошую проникающую способность<LI>совместима с большим количеством конструкционных материалов<LI>не разрушает детали из резины и пластика<LI>предотвращает растяжение цепи и продлевает срок службы<LI>водоотталкивающая, устойчивая к соленой воде</UL><LI>После испарения растворителей на обработанной поверхности образуется пленка &mdash; твердый герметичный слой, который остается пластичным даже при повышении температуры окружающей среды и обладает превосходными адгезионными свойствами, не скатывается и не вымывается.<LI>Обработанная поверхность становится устойчивой к воздействию низких и высоких температур, к пыли, воде и повышенной влажности.<LI>Термостойкость от -30°С до +200 (кратковременно до 250) °С.<LI>Имеются <a href=/img/pic/foam/big/11-04-08.pdf target=_blank title="Документ PDF">Техническое описание / Руководство по применению</a> и <a href=/img/pic/foam/big/11-04-08cert.jpg target=_blank title="Изображение JPEG">Сертификат соответствия</a>.</UL><p><span class="addt">||/img/pic/foam/small/11-04-08.jpg|/img/pic/foam/big/11-04-08.jpg
 0|Смазка-спрей для цепей ZIGGER PF 104, 100 мл        |446|11-04-08|135|129|127|505

# 194|Очиститель для монтажной пены
1|Очиститель для монтажной пены       |194|01-09-34|129|126|122|||| V6 300 мл <span class=art>арт. 01-09-34</span>|Температура применения от -10°С до +35°С.<br>Имеется <a href=/img/pic/foam/big/Man_V6.pdf target=_blank title="Документ PDF">Инструкция по применению</a>.||/img/pic/foam/small/v6.jpg|/img/pic/foam/big/v6.jpg
1|Очиститель для монтажной пены       |194|01-09-30|139|134|129|||| "ZIGGER" 500 мл <span class=art>арт. 01-09-30</span>|||/img/pic/foam/small/OCHISTITEL DLA PENY.jpg|/img/pic/foam/big/OCHISTITEL DLA PENY.jpg
#1|Очиститель для монтажной пены|194|01-0-2-021|||88|sale1|| "CYCLONE Foam Cleaner" 500 мл <span class=art>арт. 01-0-2-021</span>|||/img/pic/foam/small/OCHISTITEL  CYCLONE.jpg|/img/pic/foam/big/OCHISTITEL  CYCLONE.jpg

# 191|Пистолет для монтажной пены
# 192|Пистолет для герметика
 1|Пистолет для монтажной пены                   |191|V.2060-26.00.33|1295|1245|1225||norow|| HARDY (Польша) <span class=art>арт. V.2060-26.00.33</span>|</span><br><span class="for strong">Профессиональный, очень прочный, с тефлоновой иглой||/img/pic/foam/small/2060-260033.jpg|/img/pic/foam/big/2060-260033.jpg
 0|Пистолет для монтажной пены HARDY             |191|V.2060-26.00.33|1295|1245|1225
 1|Пистолет для монтажной пены 260 мм            |191|23-7-000|205|198|192||norow|| HOBBI <span class=art>арт. 23-7-000</span>|</span></p><UL><LI>Металлический ствол.<LI>Рукоятка, посадочное место для тубы и курок пластиковые.<li>Общая длина с рукояткой 26 см.</UL><p><span class="addt">||/img/pic/foam/small/23-7-000.jpg|/img/pic/foam/big/23-7-000.jpg
 0|Пистолет для монтажной пены 260 мм HOBBI      |191|23-7-000|205|198|192
 1|Пистолет для монтажной пены                   |191|23-7-001|998|988|978||norow|| REMOCOLOR с тефлоновым покрытием <span class=art>арт. 23-7-001</span>|</span></p><UL><LI>Корпус изготовлен из легкого сплава, рукоятка из пластика, направляющая из стали.<LI>Пистолет позволяет плавно регулировать напор и дозировку пены.</UL><p><span class="addt">||/img/pic/foam/small/remocolor_23-7-001.jpg|/img/pic/foam/big/jpg
 0|Пистолет для монтажной пены REMOCOLOR         |191|23-7-001|998|988|978
 1|Пистолет для монтажной пены металлический     |191|23-7-002|625|605|588||norow|| HOBBI <span class=art>арт. 23-7-002</span>|</span></p><UL><LI>Металлический корпус с металлической рукояткой.<LI>Специальный клапан с пластиковым шариком обеспечивает точное дозирование пены в зависимости от ширины и глубины заделываемого шва.</UL><p><span class="addt">||/img/pic/foam/small/23-7-002.jpg|/img/pic/foam/big/23-7-002.jpg
 0|Пистолет для монтажной пены металлич. HOBBI   |191|23-7-002|625|605|588
 1|Пистолет для монтажной пены                   |191|23-7-004|278|272|269||norow|| пластиковый корпус HOBBI <span class=art>арт. 23-7-004</span>|||/img/pic/foam/small/23-7-004.jpg|/img/pic/foam/big/23-7-004.jpg
 0|Пистолет для монтажной пены пласт. корп. HOBBI|191|23-7-004|278|272|269
 1|Пистолет для монтажной пены                   |191|590024  |219|208|198||norow|| BLAST "Extra Lite" <span class=art>арт. 590024</span>|||/img/pic/foam/small/590024.jpg|/img/pic/foam/big/jpg
 0|Пистолет для монтажной пены BLAST "Extra Lite"|191|590024  |219|208|198
 1|Пистолет для монтажной пены                   |191|590023  |298|288|278||norow|| BLAST <span class=art>арт. BLAST</span>|</span></p><UL><LI>Облегченный корпус из алюминиевого сплава.<LI>Регулировочный винт обеспечивает точное и аккуратное нанесение пены.<LI>В комплект входят насадки для увеличения длины и сужения диаметра ствола.<LI>Эргономичная рукоятка из ударопрочного пластика.</UL><p><span class="addt">||/img/pic/foam/small/blast1.jpg|/img/pic/foam/big/jpg
 0|Пистолет для монтажной пены BLAST             |191|590023  |298|288|278
 1|Пистолет для герметика скелетный              |192|23-1-003|109|102| 98||norow|| HOBBI, шестигранный шток <span class=art>арт. 23-1-003</span>|</span></p><UL><LI>Скелетный корпус.<LI>Шестигранный усиленный шток.<LI>Подходит ко всем герметикам в стандартных баллонах объемом 310 мл.</UL><p><span class="addt">||/img/pic/foam/small/23-1-003.jpg|/img/pic/foam/big/23-1-003.jpg
 0|Пистолет для герметика скел. HOBBI, 6-гр. шток|192|23-1-003|109|102| 98
#1|Пистолет для герметика скелетный              |192|591000  |119|114|109||norow ltd one|| "Basic"   BLAST <span class=art>арт. 591000</span>|Скелетный пистолет эконом-класса.</span></p><UL><LI>Толщина скелетной части 1,8мм. Шестигранный шток. Толщина штока 6,9 мм.<LI>Ручка из ударопрочного пластика.<LI>Дополнительные рёбра жесткости корпуса и ручки.</UL><p><span class="addt">||/img/pic/foam/small/Blast.jpg|/img/pic/foam/big/jpg
#0|Пистолет для герметика "Basic" BLAST          |192|591000  |119|114|109
#1|Пистолет для герметика скелетный усиленный    |192|591003  |189|182|179||norow ltd one|| "No-drop" BLAST <span class=art>арт. 591003</span>|Скелетный усиленный пистолет для герметиков в картриджах 310 мм.</span></p><UL><LI>Стальной корпус толщиной 2,5 мм. Диаметр штока 7,8 мм. Диаметр пластиковой тарелки на конце 40,5 мм.<LI>Специальная противокапельная система <b>NO DROP</b> отодвигает шток назад на 5 мм после каждого нажатия, тем самым снимая избыточное давление внутри баллона, не давая излишнему герметику вытекать.<br><b>Результат &mdash; экономичная, аккуратная работа.</b></UL><p><span class="addt">||/img/pic/foam/small/591003.png|/img/pic/foam/big/591003.png
#0|Пистолет для герметика "No-drop" BLAST        |192|591003  |189|182|179
 1|Пистолет для герметика универсальный          |192|591006  | 498| 488| 468||norow|| "Tube Long" BLAST <span class=art>арт. 591006</span>|</span></p><UL><LI>Стальной корпус, алюминиевая туба 600 мм. Толщина корпуса тубы 1 мм.<LI>Может использоваться как для герметиков в картридже, так и для герметиков в фольге (туба выполняет роль картриджа).</UL><p><span class="addt">||/img/pic/foam/small/Blast_591006.jpg|/img/pic/foam/big/Blast_591006.jpg
 0|Пистолет для герметика "Tube Long" BLAST      |192|591006  | 498| 488| 468
 1|Пистолет для герметика универсальный          |192|591005  |485|475|465||norow ltd one|| "Tube"    BLAST <span class=art>арт. 591005</span>|</span></p><UL><LI>Пластиковый корпус, алюминиевая туба 310 мм. Толщина корпуса тубы 1 мм.<LI>Может использоваться как для герметиков в картридже, так и для герметиков в фольге (туба выполняет роль картриджа).</UL><p><span class="addt">||/img/pic/foam/small/Blast_Tube_591005.jpg|/img/pic/foam/big/591005.png
 0|Пистолет для герметика "Tube"    BLAST        |192|591005  |485|475|465
#1|Пистолет для монтажной пены                   |191|590022  | 445| 425| 415.00||norow|| BLAST "Hard" <span class=art>арт. BLAST-H</span>|</span></p><UL><LI>Облегченный корпус из алюминиевого сплава, с универсальным адаптером.<LI>Можно применять и при низких температурах.<LI>Регулировочный винт обеспечивает точное и аккуратное нанесение пены.<LI>В комплект входят насадки для увеличения длины и сужения диаметра ствола.<LI>Эргономичная рукоятка из ударопрочного пластика.</UL><p><span class="addt">||/img/pic/foam/small/BLAST-H2.jpg|/img/pic/foam/big/jpg
#0|Пистолет для монтажной пены BLAST "Hard"      |191|590022  | 445| 425| 415.00
#1|Пистолет для монтажной пены                   |191|88676   | 325| 309| 298,00||norow ltd one|| СТАНДАРТ (СИБРТЕХ), пластмассовый корпус <span class=art>арт. 88676</span>|</span><span class="for">Для работ с монтажной пеной в баллонах, имеющих резьбовой соединитель.</span></p><UL><LI>Трещоточный регулятор подачи пены.<LI>Эргономичный облегченный корпус из ударопрочного пластика.<LI>Игольчатый и шариковый клапаны из нержавеющей стали.</UL><p><span class="addt">||/img/pic/foam/small/88676.jpg|/img/pic/foam/big/88676.jpg
#0|Пистолет для монтажной пены СТАНДАРТ (СИБРТЕХ)|191|88676   | 325| 309| 298,00
#1|Пистолет для монтажной пены                   |191|590004  |1095|1075|1045,00||norow ltd one|| FOMERON CLEAN усиленный, тефлоновое покрытие <span class=art>арт. 590004</span>|</span></p><UL><LI>Модель повышенной конструкционной прочности. Тефлоновое покрытие деталей пистолета обеспечивает легкую очистку пены. Имеется возможность демонтажа ствола для внутренней очистки.<LI>Регулировочный винт обеспечивает точное и аккуратное нанесение пены.<LI>В комплект входят насадки для увеличения длины и сужения диаметра ствола.<LI>Длина ствола 190 мм. Диаметр сопла 2 мм.</UL><p><span class="addt">||/img/pic/foam/small/fomeron_clean.jpg|/img/pic/foam/big/jpg
#0|Пистолет для монтажной пены FOMERON CLEAN     |191|590004  |1095|1075|1045,00
#1|Пистолет для герметика полукорпусный усиленный|192|591004  | 148| 144| 141||norow|| "Pressor" BLAST <span class=art>арт. 591004</span>|Пистолет для работы как с герметиком, так и материалами высокой вязкости &mdash; клеи, жидкие гвозди и т.п.</span></p><UL><LI>Усиленный стальной корпус толщиной 1,0 мм с хромированным покрытием.<LI>Зубчатый шток диаметром 7,9 мм позволяет передавать мощное усилие на поршень.<LI>Сбоку корпуса имеет специальное приспособление для вскрытия картриджа и ножик, работающий при нажатии курка.</UL><p><span class="addt">||/img/pic/foam/small/591004.jpg|/img/pic/foam/big/591004.jpg
#0|Пистолет для герметика "Pressor" BLAST        |192|591004  | 148| 144| 141
#1|Пистолет для герметика скелетный        |192|591001  | 169| 162| 159||norow|| "Caulker" BLAST <span class=art>арт. 591001</span>|Скелетный пистолет эконом-класса.</span></p><UL><LI>Толщина скелетной части 1,8мм. Шестигранный шток. Толщина штока 6,9 мм.<LI>Ручка из ударопрочного пластика.<LI>Дополнительные рёбра жесткости корпуса и ручки.</UL><p><span class="addt">||/img/pic/foam/small/Blast.jpg|/img/pic/foam/big/jpg
#0|Пистолет для герметика "Caulker" BLAST  |192|591001  | 135| 129| 122

#1|Пистолет для монтажной пены          |191|23-7-004| 490| 470| 455||neat|| HOBBI <span class=art>арт. 23-7-004</span>|||/img/pic/foam/small/hobbi_23-7-004.jpg|/img/pic/foam/big/jpg
#1|Пистолет для монтажной пены|191||420,00|390,00|neat|| YC-19|Пистолет позволяет регулировать напор пены, обеспечивает аккуратное и чистое нанесение ее в зависимости от ширины и глубины заделываемого шва.</span></p><UL><LI>очень легкая конструкция из холодоустойчивого пластика<LI>тефлоновый шарик и адаптер с тефлоновым покрытием<LI>разборная конструкция<LI>высокая степень полировки ствола</UL><p><span class="addt">||/img/pic/foam/small/PISTOLET DLA PENY YC-19 - DLA IKONKI.jpg|/img/pic/foam/big/pistolet YC-19 BIG.jpg
#1|Пистолет для монтажной пены|191||499,00|485,00||| "ЭКСПЕРТ" с тефлоновым напылением|||/img/pic/foam/small/Pistolet dla PENY - EXPERT.jpg|/img/pic/foam/big/Pistolet dla PENY - EXPERT.jpg
#1|Пистолет для монтажной пены|191||790,00|760,00||| "ПРОФИ" стальной корпус|||/img/pic/foam/small/Pistolet dla PENY - PROFI stalnoy korpus.jpg|/img/pic/foam/big/Pistolet dla PENY - PROFI stalnoy korpus.jpg
#1|Пистолет для монтажной пены|191||515|500|490|neat|| CYCLONE <span class=art>арт. 01-2-0-163</span>|</span></p><UL><LI>Обеспечивает точное и дозированное нанесение пены.<LI>Шарик из нержавеющей стали, регулировочный винт из бронзы.<LI>Рекомендуется применять при больших объемах работ по заделке швов.</UL><p><span class="addt">||/img/pic/foam/small/pistolet_cyclone_peny.jpg|/img/pic/foam/big/jpg
#1|Пистолет для монтажной пены|191|88669|665|645|635||| MATRIX MASTER с тефлоновым покрытием <span class=art>арт. 88669</span>|Профессиональный пистолет. Металлический корпус имеет двухслойное высококачественное тефлоновое покрытие марки DuPont, препятствующее прилипанию пены.||/img/pic/foam/small/PISTOLET DLA PENA MATRIX MASTER.jpg|/img/pic/foam/big/PISTOLET DLA PENA MATRIX MASTER.jpg

#1|Пистолет для герметика скелетный     |192|23-1-003| 160| 150| 145|||| HOBBI, 9&Prime;, шестигранный шток <span class=art>арт. 23-1-003</span>|Выполнен из высококачественной стали.||/img/pic/foam/small/23-1-003.jpg|/img/pic/foam/big/jpg
#1|Пистолет для герметиков полуоткрытый|192|886365 | 79| 74| 72||| SPARTA 310 мл <span class=art>арт. 886365</span>|С фиксатором, круглый шток 8 мм||/img/pic/foam/small/Pistolet dla GERMETIKOV - SPARTA.jpg|/img/pic/foam/big/Pistolet dla GERMETIKOV - SPARTA.jpg
#1|Пистолет для герметиков полуоткрытый|192||125,00|118,00||| "MATRIX" Master 310 мл|Хромированный, зубчатый шток 7 мм||/img/pic/foam/small/Pistolet dla GERMETIKOV - MATRIX MASTER.jpg|/img/pic/foam/big/Pistolet dla GERMETIKOV - MATRIX MASTER.jpg
#1|Пистолет для герметиков скелетный усиленный|192||99,00|89,00||| "SPARTA" 310 мл|С фиксатором, 6-гранный шток 6 мм||/img/pic/foam/small/Pistolet dla GERMETIKOV - SPARTA.jpg|/img/pic/foam/big/Pistolet dla GERMETIKOV - SPARTA.jpg
#1|Пистолет для герметиков скелетный усиленный|192||165,00|155,00||| "ЕВРО" STAYER|||/img/pic/foam/small/Pistolet dla GERMETIKOV - STAYER.jpg|/img/pic/foam/big/Pistolet dla GERMETIKOV - STAYER.jpg
#1|Пистолет для герметиков скелетный усиленный|192||135,00|125,00||| "КЕДР"
#1|Пистолет для герметиков|192||115|105|100||| "CYCLONE" 310 мл <span class=art>арт. 01-2-1-020</span>|||/img/pic/foam/small/Pistolet CYCLONE.jpg|/img/pic/foam/big/Pistolet CYCLONE.jpg

