 1|Провод гибкий ПВС 2&nbsp;&#215;&nbsp;0.75, бухта 200 пог. м     |278|P102075-200 |14,90|13,90|13,20| |Провод гибкий| ПВС, белый|Предназначен для подключения электрических и осветительных приборов, электроинструмента и т.п. под напряжением до 380&nbsp;В. Проводники медные гибкие с изоляцией и оболочкой из ПВХ-пластиката.<br>Цена за 1 погонный метр.||/img/pic/elka/small/pvs.jpg|/img/pic/elka/big/jpg
 0|Провод гибкий ПВС 2&nbsp;&#215;&nbsp;1.50, бухта 100 пог. м     |278|P102150-100 |25,60|24,00|22,80|
 0|Провод гибкий ПВС 2&nbsp;&#215;&nbsp;1.50, бухта 150 пог. м     |278|P102150-150 |25,60|24,00|22,80|
 0|Провод гибкий ПВС 2&nbsp;&#215;&nbsp;1.50, бухта 200 пог. м     |278|P102150-200 |25,60|24,00|22,80|
 0|Провод гибкий ПВС 2&nbsp;&#215;&nbsp;2.50, бухта 100 пог. м     |278|P102250-100 |35,90|34,20|32,60|
 0|Провод гибкий ПВС 2&nbsp;&#215;&nbsp;2.50, бухта 150 пог. м     |278|P102250-150 |35,90|34,20|32,60|
 0|Провод гибкий ПВС 2&nbsp;&#215;&nbsp;2.50, бухта 200 пог. м     |278|P102250-200 |35,90|34,20|32,60|
 0|Провод гибкий ПВС 3&nbsp;&#215;&nbsp;1.50, бухта 100 пог. м     |278|P103150-100 |33,20|32,00|31,00|
 0|Провод гибкий ПВС 3&nbsp;&#215;&nbsp;1.50, бухта 150 пог. м     |278|P103150-150 |33,20|32,00|31,00|
 0|Провод гибкий ПВС 3&nbsp;&#215;&nbsp;2.50, бухта 100 пог. м     |278|P103250-100 |45,90|44,00|42,60|
 0|Провод гибкий ПВС 3&nbsp;&#215;&nbsp;2.50, бухта 200 пог. м     |278|P103250-200 |45,90|43,50|42,80|
 1|Кабель силовой ВВГнг-П 3&nbsp;&#215;&nbsp;1.50, бухта 100 пог. м|278|K0103150-100|28,00|26,00|25,00||Кабель силовой| ВВГнг-П|Силовой кабель с медными жилами, с изоляцией и оболочкой из поливинилхлоридного пластиката, без защитного покрова, в плоском исполнении (с параллельно уложенными жилами). Кабель ВВГнг не распростроняет горение, в том числе при его прокладке в пучках. Предназначен для передачи и распределения электрической энергии на номинальное напряжение до 1&nbsp;кВ.<br>Цена за 1 погонный метр.||/img/pic/elka/small/vvgngp.png|/img/pic/elka/big/jpg
 0|Кабель силовой ВВГнг-П 3&nbsp;&#215;&nbsp;2.50, бухта 100 пог. м|278|K0103250-100|42,00|40,00|38,00|
 1|Кабель силовой КГ 3&nbsp;&#215;&nbsp;1.50, бухта 100 пог. м     |278|KG3015R100  |46,90|45,00|43,00||Кабель силовой| КГ, прозводство "Рыбинсккабель"|Силовой кабель с медными жилами, с резиновой изоляцией и оболочкой проводников. Предназначен для присоединения передвижных механизмов к электрическим сетям на номинальное переменное напряжение 660 В частоты до 400 Гц или постоянное номинальное напряжение 1 000 В, при изгибах с радиусом не менее 8 диаметров кабеля, при допустимой температуре нагрева токопроводящих жил до +75°С.<br>Цена за 1 погонный метр.||/img/pic/elka/small/Rybinsk_KG.jpg|/img/pic/elka/big/Rybinsk_KG.jpg
 0|Кабель силовой КГ 3&nbsp;&#215;&nbsp;2.50, бухта 100 пог. м     |278|KG3025R100  |65,00|62,00|60,00|

# 283|Штепсельные вилки
#1|Вилка MAKEL с заземлением прямая белая         |283|VIM1    | 82.00| 75.00| 72.00|||Штепсельные вилки| MAKEL с заземляющим контактом белые|</span></p><UL><LI>Вилки Makel рассчитаны на номинальное напряжение до 250 В с протеканием тока до 16А.<LI>Разборная конструкция позволяет присоединять провода с сечением 0,5 - 2,5 кв. мм. Жилы присоединяемого провода фиксируются винтовыми зажимами.<LI>Вилки производятся из высококачественного медного сырья, корпус из АБС-пластика белого цвета.<LI>Степень защиты IP20 (защита от попадания в опасную зону посторонних предметов и пальцев).</UL><p><span class="addt">||/img/pic/elka/small/VIL-BELYE.jpg|/img/pic/elka/big/VIL-BELYE.jpg
#0|Вилка MAKEL с заземлением угловая белая        |283|VIM2    | 82.00| 75.00| 72.00|
~1|Вилка белая с заземлением,                     |283|F03     | 62,00| 58,00| 54,00|||| FAR прямая <span class=art>арт. F03</span>|<strong>Степень защиты IP44</strong>||/img/pic/elka/small/F03.jpg|/img/pic/elka/big/jpg
~1|Вилка белая с заземлением,                     |283|F182    | 68,00| 65,00| 62,00|||| FAR угловая с кольцом <span class=art>арт. F182</span>|<strong>Степень защиты IP44</strong>||/img/pic/elka/small/F182.jpg|/img/pic/elka/big/jpg
~1|Вилка черная, каучук,                          |283|VI-U1   | 99,00| 94,00| 92,00|||| прямая, 16А, 250V <span class=art>арт. VI-U1</span>|<strong>Степень защиты IP44</strong>||/img/pic/elka/small/VI-U1.jpg|/img/pic/elka/big/jpg
~1|Вилка черная, каучук,                          |283|VI-U2   |129,00|122,00|118,00|||| угловая, 16А, 250V <span class=art>арт. VI-U2</span>|<strong>Степень защиты IP44</strong>||/img/pic/elka/small/VI-U2.jpg|/img/pic/elka/big/jpg
#0|Вилка, каучук, IP44, прямая черная             |283|VI-U1   |145|138|135||norow
#1|Вилка BEMIS, каучук, IP44, прямая черная       |283|VI-BEM1 |145|138|135|||Герметичные каучуковые штепсельные вилки| BEMIS с заземляющим контактом черные|<strong>Степень защиты IP44</strong></span></p><UL><LI>Вилки Bemis рассчитаны на номинальное напряжение до 250 В с протеканием тока до 16А.<LI>Корпус выполнен из высококачественного каучука.<LI>Защищают от попадания посторонних предметов любого размера и брызг, падающих в любом направлении.</UL><p><span class="addt">||/img/pic/elka/small/VIL-KAUCH.jpg|/img/pic/elka/big/VIL-KAUCH.jpg
#0|Вилка BEMIS, каучук, IP44, угловая черная      |283|VI-BEM2 |145|138|135||

 1|Вилка                                               |283|015-6| 168| 162| 169||norow|Кабельные вилки и розетки| PCE (Австрия), 380&nbsp;В|</span></p><UL><LI class="inner">4- и 5-штырьковые вилки и розетки закрытого типа рассчитаны на эксплуатацию в тяжелых условиях.</span></p><UL><LI>4-штырьковые: 3P (полюса) + E (земля)<LI>5-штырьковые: 3P (полюса) + E (земля) + N (ноль)</UL><LI>Разборная конструкция; жилы присоединяемого провода фиксируются винтовыми зажимами.<LI>Пластинчатые самоочищающиеся контактные гнезда, гарантирующие не менее 10 точек контакта в каждом, обеспечивают минимальное сопротивление разъёма.<LI class="inner"><strong>Степень защиты</strong> от влаги и пыли:</span></p><UL><LI><strong>IP44</strong> (защита от попадания в опасную зону мелких посторонних предметов и брызг),<LI><strong>IP67</strong> (пыленепроницаемые, допускающие кратковременное погружение в воду).</UL></UL><p><span class="addt">||/img/pic/elka/small/PCE_0_2.jpg|/img/pic/elka/big/PCE_0_2.jpg
 0|Вилка кабельная PCE, 4 конт., 380 В, 16 А, IP44, CEE|283|014-6| 267,05| 245,25| 228,90|
 0|Вилка кабельная PCE, 4 конт., 380 В, 32 А, IP44, CEE|283|024-6| 354,25| 337,90| 321,55|
 0|Вилка кабельная PCE, 5 конт., 380 В, 16 А, IP44, CEE|283|015-6| 288,85| 267,05| 256,15|
 0|Вилка кабельная PCE, 5 конт., 380 В, 32 А, IP44, CEE|283|025-6| 365,15| 343,35| 332,45|
 0|Вилка кабельная PCE, 5 конт., 380 В, 63 А, IP67, CEE|283|035-6|1842,10|1776,70|1754,90|
 0|Розетка кабельная PCE, 4  к., 380 В, 16 А, IP44, CEE|283|214-6| 354,25| 337,90| 321,55||blkt
 0|Розетка кабельная PCE, 4  к., 380 В, 32 А, IP44, CEE|283|224-6| 430,55| 403,30| 386,95|
 0|Розетка кабельная PCE, 5  к., 380 В, 16 А, IP44, CEE|283|215-6| 386,95| 365,15| 354,25|
 0|Розетка кабельная PCE, 5  к., 380 В, 32 А, IP44, CEE|283|225-6| 474,15| 446,90| 436,00|
 0|Розетка кабельная PCE, 5  к., 380 В, 63 А, IP67, CEE|283|235-6|2343,50|2310,80|2278,10|
 0|Розетка настенная PCE, 5  к., 380 В, 32 А, IP44, CEE|283|125-6| 583,15| 566,80| 550,45||blkt2

# 285 -> 314|Розетки
#Розетка с крышкой пылевлагозащищенная степень защиты IP44 одноместная с заземляющими контактами с защитными шторками для скрытой проводки белая.
#Розетка с крышкой пылевлагозащищенная степень защиты IP44 одноместная с защитными шторками для открытой проводки белая.
 1|Розетка ОП 1 гнездо IP44            |285|R-U01  |148,00|138,00|133,00|||Розетка с крышкой| пылевлагозащищенная одноместная, 16А, белая <span class=art>арт. R-U01</span>|<strong>Степень защиты IP44</strong>||/img/pic/elka/small/R-U01.png|/img/pic/elka/big/jpg
 1|Розетка ОП 1 гнездо ЗШ белая "Прима"|285|R-POP1G| 58,00| 54,00| 50,00|||Розетки| "Прима"|||/img/pic/elka/small/ROS-ALL.jpg|/img/pic/elka/big/ROS-ALL.jpg
 0|Розетка ОП 2 гнезда ЗШ белая "Прима"|285|R-POP2G| 84,00| 78,00| 75,00||
 0|Розетка СП 1 гнездо ЗШ белая "Прима"|285|R-PSP1G| 58,00| 54,00| 50,00||
 0|Розетка СП 2 гнезда ЗШ белая "Прима"|285|R-PSP2G| 84,00| 78,00| 75,00||
 1|Выключатель ОП 1-кл. белый "Прима"  |285|V-POP1K| 55,00| 52,00| 48,00|||Выключатели| "Прима"|</span></p><UL><LI>Рабочее напряжение 220 В<LI>Номинальный ток нагрузки 6 А<LI>Степень защиты по IP: 20</UL> ||/img/pic/elka/small/vykl.jpg|/img/pic/elka/big/jpg
 0|Выключатель ОП 2-кл. белый "Прима"  |285|V-POP2K| 62,00| 58,00| 55,00||
 1|Розетка кабельная 1 гнездо IP44     |285|F49    |145,00|140,00|135,00|||Розетка кабельная с крышкой одноместная| FAR пылевлагозащищенная однофазная, 16А, 250 V, каучук, с заземлением <span class=art>арт. F49</span>|<strong>Степень защиты IP44</strong>||/img/pic/elka/small/F49.jpg|/img/pic/elka/big/jpg

 1|Вилка                                               |285|015-6| 168| 162| 169         |314|norow|Кабельные вилки и розетки| PCE (Австрия), 380&nbsp;В|</span></p><UL><LI class="inner">4- и 5-штырьковые вилки и розетки закрытого типа рассчитаны на эксплуатацию в тяжелых условиях.</span></p><UL><LI>4-штырьковые: 3P (полюса) + E (земля)<LI>5-штырьковые: 3P (полюса) + E (земля) + N (ноль)</UL><LI>Разборная конструкция; жилы присоединяемого провода фиксируются винтовыми зажимами.<LI>Пластинчатые самоочищающиеся контактные гнезда, гарантирующие не менее 10 точек контакта в каждом, обеспечивают минимальное сопротивление разъёма.<LI class="inner"><strong>Степень защиты</strong> от влаги и пыли:</span></p><UL><LI><strong>IP44</strong> (защита от попадания в опасную зону мелких посторонних предметов и брызг),<LI><strong>IP67</strong> (пыленепроницаемые, допускающие кратковременное погружение в воду).</UL></UL><p><span class="addt">||/img/pic/elka/small/PCE_0_2.jpg|/img/pic/elka/big/PCE_0_2.jpg
 0|Вилка кабельная PCE, 4 конт., 380 В, 16 А, IP44, CEE|285|014-6| 267,05| 245,25| 228,90|314
 0|Вилка кабельная PCE, 4 конт., 380 В, 32 А, IP44, CEE|285|024-6| 354,25| 337,90| 321,55|314
 0|Вилка кабельная PCE, 5 конт., 380 В, 16 А, IP44, CEE|285|015-6| 288,85| 267,05| 256,15|314
 0|Вилка кабельная PCE, 5 конт., 380 В, 32 А, IP44, CEE|285|025-6| 365,15| 343,35| 332,45|314
 0|Вилка кабельная PCE, 5 конт., 380 В, 63 А, IP67, CEE|285|035-6|1842,10|1776,70|1754,90|314
 0|Розетка кабельная PCE, 4  к., 380 В, 16 А, IP44, CEE|285|214-6| 354,25| 337,90| 321,55|314|blkt
 0|Розетка кабельная PCE, 4  к., 380 В, 32 А, IP44, CEE|285|224-6| 430,55| 403,30| 386,95|314
 0|Розетка кабельная PCE, 5  к., 380 В, 16 А, IP44, CEE|285|215-6| 386,95| 365,15| 354,25|314
 0|Розетка кабельная PCE, 5  к., 380 В, 32 А, IP44, CEE|285|225-6| 474,15| 446,90| 436,00|314
 0|Розетка кабельная PCE, 5  к., 380 В, 63 А, IP67, CEE|285|235-6|2343,50|2310,80|2278,10|314
 0|Розетка настенная PCE, 5  к., 380 В, 32 А, IP44, CEE|285|125-6| 583,15| 566,80| 550,45|314|blkt2

# 288|Колодки электрические
 1|Колодка, каучук, IP44, 1 гнездо черная         |288|CO-U1   |322,64|316,80|308,00||norow|Колодки электрические каучуковые| с крышкой черные, 250&nbsp;В, 16&nbsp;А|<strong>Степень защиты IP44</strong> ||/img/pic/elka/small/CO-U.jpg|/img/pic/elka/big/jpg
~0|Колодка, каучук, IP44, 2 гнезда черная         |288|CO-U2   |355,00|340,00|330,00|
~0|Колодка, каучук, IP44, 3 гнезда черная         |288|CO-U3   |395,00|375,00|360,00|
 0|Колодка, каучук, IP44, 3 гнезда черная СТАНДАРТ|288|CO-U3S  |348,80|335,50|324,50|
~1|Колодка белая, 3 гнезда с заземлением          |288|CO-3W   |139,00|133,00|129,00||norow|Колодки электрические| с заземляющим контактом белые, 250&nbsp;В|||/img/pic/elka/small/CO-3W.jpg|/img/pic/elka/big/jpg
~0|Колодка белая, 3 гнезда с заземлением          |288|CO-3W   |139,00|133,00|129,00|
~0|Колодка белая, 4 гнезда с заземлением          |288|CO-4W   |175,00|169,00|165,00|
 1|Колодка BEMIS, каучук, IP44, 1 гнездо черная   |288|CO-BEM1 |136,25|137,50|137,50|||Колодки электрические каучуковые| BEMIS с крышкой черные, 250&nbsp;В, 16&nbsp;А|<strong>Степень защиты IP44</strong> ||/img/pic/elka/small/CO-BEM32.jpg|/img/pic/elka/big/jpg
 0|Колодка BEMIS, каучук, IP44, 2 гнезда черная   |288|CO-BEM2 |136,25|137,50|137,50||norow
 0|Колодка BEMIS, каучук, IP44, 3 гнезда черная   |288|CO-BEM3 |136,25|137,50|137,50||norow
 1|Колодка MAKEL 2 гнезда                белая    |288|CO-M2G  | 97,01| 97,90| 97,90|||Колодки электрические| MAKEL с заземляющим контактом белые, 250&nbsp;В|||/img/pic/elka/small/CO-M6GV.jpg|/img/pic/elka/big/jpg
 0|Колодка MAKEL 3 гнезда                белая    |288|CO-M3G  |239,80|225,50|209,00||norow
 0|Колодка MAKEL 3 гнезда с выключателем белая    |288|CO-M3GV |277,95|264,00|253,00||norow
 0|Колодка MAKEL 6 гнезд  с выключателем белая    |288|CO-M6GV |354,25|341,00|324,50||norow

# 314|Кабельные вилки и розетки PCE (Австрия)
 1|Вилка                                               |314|015-6| 168| 162| 169||norow|Кабельные вилки и розетки| PCE (Австрия), 380&nbsp;В|</span></p><UL><LI class="inner">4- и 5-штырьковые вилки и розетки закрытого типа рассчитаны на эксплуатацию в тяжелых условиях.</span></p><UL><LI>4-штырьковые: 3P (полюса) + E (земля)<LI>5-штырьковые: 3P (полюса) + E (земля) + N (ноль)</UL><LI>Разборная конструкция; жилы присоединяемого провода фиксируются винтовыми зажимами.<LI>Пластинчатые самоочищающиеся контактные гнезда, гарантирующие не менее 10 точек контакта в каждом, обеспечивают минимальное сопротивление разъёма.<LI class="inner"><strong>Степень защиты</strong> от влаги и пыли:</span></p><UL><LI><strong>IP44</strong> (защита от попадания в опасную зону мелких посторонних предметов и брызг),<LI><strong>IP67</strong> (пыленепроницаемые, допускающие кратковременное погружение в воду).</UL></UL><p><span class="addt">||/img/pic/elka/small/PCE_0_2.jpg|/img/pic/elka/big/PCE_0_2.jpg
 0|Вилка кабельная PCE, 4 конт., 380 В, 16 А, IP44, CEE|314|014-6| 267,05| 245,25| 228,90|
 0|Вилка кабельная PCE, 4 конт., 380 В, 32 А, IP44, CEE|314|024-6| 354,25| 337,90| 321,55|
 0|Вилка кабельная PCE, 5 конт., 380 В, 16 А, IP44, CEE|314|015-6| 288,85| 267,05| 256,15|
 0|Вилка кабельная PCE, 5 конт., 380 В, 32 А, IP44, CEE|314|025-6| 365,15| 343,35| 332,45|
 0|Вилка кабельная PCE, 5 конт., 380 В, 63 А, IP67, CEE|314|035-6|1842,10|1776,70|1754,90|
 0|Розетка кабельная PCE, 4  к., 380 В, 16 А, IP44, CEE|314|214-6| 354,25| 337,90| 321,55||blkt
 0|Розетка кабельная PCE, 4  к., 380 В, 32 А, IP44, CEE|314|224-6| 430,55| 403,30| 386,95|
 0|Розетка кабельная PCE, 5  к., 380 В, 16 А, IP44, CEE|314|215-6| 386,95| 365,15| 354,25|
 0|Розетка кабельная PCE, 5  к., 380 В, 32 А, IP44, CEE|314|225-6| 474,15| 446,90| 436,00|
 0|Розетка кабельная PCE, 5  к., 380 В, 63 А, IP67, CEE|314|235-6|2343,50|2310,80|2278,10|
 0|Розетка настенная PCE, 5  к., 380 В, 32 А, IP44, CEE|314|125-6| 583,15| 566,80| 550,45||blkt2

 1|Подрозетник без ушек               |286|PR-BLUE1|9.90|9.50|9.00|||, гипсокартон, с.з. IP30 (с комплектом шурупов) D 68 мм, H 45 мм синий   <span class=art>арт. PR-BLUE1</span>|||/img/pic/elka/small/PR-BLUE1.jpg|/img/pic/elka/big/PR-BLUE1.jpg
 1|Подрозетник без ушек               |286|PR-BLUE2|6.70|6.40|6.20 |||, подштукатурный монтаж (с комплектом шурупов) D 68 мм, H 45 мм синий   <span class=art>арт. PR-BLUE2</span>|||/img/pic/elka/small/PR-BLUE2.jpg|/img/pic/elka/big/PR-BLUE2.jpg
 1|Подрозетник с ушками               |286|PR-BLUE3|6.50|6.20|5.90 |||, подштукатурный монтаж (с комплектом шурупов) D 60 мм, H 40 мм синий   <span class=art>арт. PR-BLUE3</span>|||/img/pic/elka/small/PR-BLUE3.jpg|/img/pic/elka/big/PR-BLUE3.jpg
 1|Коробка установочная с ушками      |286|PR-RED1 |6.50|6.20|5.90|||, для сплошных стен (с комплектом шурупов) D 68 мм, H 42 мм красная <span class=art>арт. PR-RED1</span> |||/img/pic/elka/small/PR-RED1.jpg|/img/pic/elka/big/PR-RED1.jpg

# 287|Трубы гофрированные, Крепеж КЛИПСА, Держатель КЛИПСА
 1|Труба гофрированная, ПВХ, с протяжкой 16 мм, бухта 100 м|287|GE16-100| 6,95| 6,65| 6,40|||Трубы гофрированные, ПВХ| ECOPLAST|<br>Цена за 1 погонный метр.||/img/pic/elka/small/gofr.jpg|/img/pic/elka/big/jpg
 0|Труба гофрированная, ПВХ, с протяжкой 20 мм, бухта 100 м|287|GE20-100| 8,35| 8,10| 7,80|
 0|Труба гофрированная, ПВХ, с протяжкой 25 мм, бухта  25 м|287|GE25-025|12,90|12,20|13,70|
 0|Труба гофрированная, ПВХ, с протяжкой 25 мм, бухта  50 м|287|GE25-050|12,90|12,20|13,90|
 0|Труба гофрированная, ПВХ, с протяжкой 32 мм, бухта  25 м|287|GE32-025|23,95|22,95|21,95|
 0|Труба гофрированная, ПВХ, с протяжкой 40 мм, бухта  15 м|287|GE40-015|26,95|24,50|23,90|
 0|Труба гофрированная, ПВХ, с протяжкой 40 мм, бухта  20 м|287|GE40-020|26,95| 4,50|23,90|
 1|Крепеж КЛИПСА для труб ПВХ, 16 мм, уп. 100 шт.          |287|CL16    | 1,45| 1,35| 1,25|||Крепеж КЛИПСА| для труб ПВХ|</span></p><UL><LI>Держатель предназначен для крепления гофрированной или жесткой трубы к поверхности стен, потолков, полов или перегородок.<LI>Возможно объединение держателей как одного диаметра, так и разных для создания групп гофрированных или гладких жестких труб.<LI>Имеет отверстие для крепления к поверхностям стен.</UL><p><span class="addt">Цена за 1 шт.||/img/pic/elka/small/cl32.jpg|/img/pic/elka/big/jpg
 0|Крепеж КЛИПСА для труб ПВХ, 20 мм, уп. 100 шт.          |287|CL20    | 1,65| 1,55| 1,45||
 0|Крепеж КЛИПСА для труб ПВХ, 25 мм, уп. 100 шт.          |287|CL25    | 1,95| 1,85| 1,70||
 0|Крепеж КЛИПСА для труб ПВХ, 32 мм, уп. 100 шт.          |287|CL32    | 3,85| 3,60| 3,50||
 0|Крепеж КЛИПСА для труб ПВХ, 40 мм, уп. 100 шт.          |287|CL40    | 7,95| 7,80| 7,72||
 1|Держатель КЛИПСА с защелкой, 20 мм, уп. 100 шт.         |287|D20-Z   |15,20|14,90|14,50|||Держатель КЛИПСА с защелкой| для труб ПВХ|</span></p><UL><LI>Держатель предназначен для крепления гофрированной или жесткой трубы к поверхности стен, потолков, полов или перегородок.<LI>Имеет отверстие для крепления к поверхностям стен и с помощью защелки охватывает полностью гофрированную или гладкую трубу соответствующего диаметра по поверхности.</UL><p><span class="addt">Цена за 1 шт.||/img/pic/elka/small/D20-Z.jpg|/img/pic/elka/big/jpg
 0|Держатель КЛИПСА с защелкой, 25 мм, уп. 100 шт.         |287|D25-Z   |15,80|15,40|14,90

 1|Электроудлинитель 30 м, 3 &#215; 1.5 КГ, 4 розетки |245|TEM3015    |4990|4850|4800|||Силовые электроудлинители| на металлической катушке, 4 розетки, TEM (Турция)|<strong>Степень защиты IP44</strong>||/img/pic/elka/small/TEM-UDL.jpg|/img/pic/elka/big/TEM-UDL.jpg
 0|Электроудлинитель 30 м, 3 &#215; 2.5 КГ, 4 розетки |245|TEM3025    |5850|5750|5690|
 0|Электроудлинитель 40 м, 3 &#215; 2.5 КГ, 4 розетки |245|TEM4025    |6680|6580|6520|
 0|Электроудлинитель 50 м, 3 &#215; 1.5 КГ, 4 розетки |245|TEM5015    |5850|5750|5700|
 0|Электроудлинитель 50 м, 3 &#215; 2.5 КГ, 4 розетки |245|TEM5025    |7490|7390|7300|
 1|Электроудлинитель  30 м, 3 &#215; 1.5 КГ, 1 розетка|245|30-1-PR    |1350|1310|1280||norow|Силовые электроудлинители|, колодка с 1, 3 или 4 розетками|<strong>Степень защиты IP44</strong>||/img/pic/elka/small/udl.jpg|/img/pic/elka/big/udl.jpg
 0|Электроудлинитель  20 м, 3 &#215; 1.5 КГ, 1 розетка|245|20-1-PR    |1350|1310|1280|
 0|Электроудлинитель  30 м, 3 &#215; 1.5 КГ, 1 розетка|245|30-1-PR    |1790|1740|1720|
 0|Электроудлинитель  50 м, 3 &#215; 1.5 КГ, 1 розетка|245|50-1-PR    |2790|2720|2690|
 0|Электроудлинитель  50 м, 3 &#215; 2.5 КГ, 1 розетка|245|50-1-25    |4390|4290|4240|
 0|Электроудлинитель  30 м, 3 &#215; 1.5 КГ, 3 розетки|245|30-3-PR    |2190|2140|2120|
 0|Электроудлинитель  50 м, 3 &#215; 1.5 КГ, 3 розетки|245|50-3-PR    |3090|3020|2980|
 0|Электроудлинитель  30 м, 3 &#215; 2.5 КГ, 3 розетки|245|30-3-PR25  |3090|3020|2980|
 0|Электроудлинитель  50 м, 3 &#215; 2.5 КГ, 3 розетки|245|50-3-PR25  |4760|4680|4620|
 0|Электроудлинитель  30 м, 3 &#215; 1.5 КГ, 4 розетки|245|30-PR      |2890|2790|2740|
 0|Электроудлинитель  50 м, 3 &#215; 1.5 КГ, 4 розетки|245|50-PR      |3850|3790|3740|
 0|Электроудлинитель  50 м, 3 &#215; 2.5 КГ, 4 розетки|245|50-PR-25   |5450|5350|5290|
 0|Электроудлинитель 100 м, 3 &#215; 2.5 КГ, 1 розетка|245|100-1-PR-25|8690|8590|8490|
 0|Электроудлинитель 100 м, 3 &#215; 2.5 КГ, 4 розетки|245|100-PR-25  |9550|9400|9300|
 1|Разветвитель силовой 4 - 1, 3&#215;1.5 КГ          |245|RAZ        |1590|1560|1520|||Разветвитель силовой| 4 - 1, 3&#215;1.5 КГ <span class=art>арт. RAZ</span>|<strong>Степень защиты IP44</strong>||/img/pic/elka/small/RAZV.jpg|/img/pic/elka/big/RAZV.jpg
#1|Электроудлинитель 30 м, 3 &#215; 1.5 КГ            |245|30-BOB-PR  |5269|5082|4950|||Силовые электроудлинители| PCE на резинопластиковой ударопрочной катушке, 3 или 4 розетки|<strong>Степень защиты IP44</strong>||/img/pic/elka/small/udl_kat.jpg|/img/pic/elka/big/udl_kat.jpg
#0|Электроудлинитель 50 м, 3 &#215; 1.5 КГ            |245|50-BOB-PR  |5885|5720|5610||
#0|Электроудлинитель 50 м, 3 &#215; 2.5 КГ            |245|50-BOB-25  |7689|7502|7425||
#1|Электроудлинитель 30 м, 3 &#215; 1.5 КГ            |245|30M-BOB    |5775|5610|5390|||Силовые электроудлинители| PCE на металлической катушке, 3 или 4 розетки|<strong>Степень защиты IP44</strong>||/img/pic/elka/small/30M-BOB.jpg|/img/pic/elka/big/30M-BOB.jpg
#0|Электроудлинитель 50 м, 3 &#215; 1.5 КГ            |245|50M-BOB    |6589|6435|6358|

# 227|Фонарь наголовный светодиодный
~1|Фонарь наголовный, 4 режима,  9 светодиодов        |227|94916| 215| 215| 195|||Фонарь наголовный светодиодный| NAVIGATOR|</span></p><UL><LI>Яркие светодиоды (LED) не требуют замены в течение всего срока службы (ресурс до 30 тысяч часов).<LI>Выполнен из пластика. Источник питания: 3 батарейки ААА (LR03).<LI>4 режима работы: 3 яркости + мерцание всех светодиодов.<LI>Дальность освещения — до 20 м.</UL><p><span class="addt">||/img/pic/elka/small/nav94917.jpg|/img/pic/elka/big/jpg
~0|Фонарь наголовный, 4 режима, 19 светодиодов        |227|94917| 295| 295| 280||
 1|Фонарь многофункциональный светодиодный            |227|90513| 139| 132| 125|||| STERN, 9 ярких светодиодов, синий корпус с мягким покрытием "Soft-touch" <span class=art>арт. 90513</span>|</span></p><UL><LI>Компактный и лёгкий (вес 88 г).<LI>Ремешок.<LI>Питание: 3 батарейки AAA.</UL><p><span class="addt">||/img/pic/elka/small/90513.jpg|/img/pic/elka/big/90513.jpg
 1|Фонарь светодиодный                                |227|90520| 565| 540| 525|||Фонарь светодиодный противоударный влагозащищённый| STERN <span class=art>арт. 90520</span>|</span></p><UL><LI>Один большой светодиод "SUPER LED" создает яркий и широкий луч.<LI>Поворотная на 90° верхняя световая часть фонаря позволяет применять его из разных положений.<LI>Водонепроницаемый корпус изготовлен из ударопрочного пластика, поэтому устойчив к падению с высоты 1,5 м.<LI>Оснащен специальным карабином для фиксации на поясном ремне.<LI>Питание: 2 батарейки AAA.</UL><p><span class="addt">||/img/pic/elka/small/90520.jpg|/img/pic/elka/big/90520.jpg
 1|Фонарь многофункциональный светодиодный            |227|90531| 355| 325| 310|||| STERN (кемпинговый) <span class=art>арт. 90531</span>|</span></p><UL><LI>Изготовлен с использований новейших технологий LED (12 ярких светодиодов).<LI>3 батарейки R20.<LI>Имеет выдвижную переднюю часть, что позволяет использовать его как настольную лампу.<LI>Перекидной ремень обеспечивает переноску или подвешивание над поверхностью.<LI>Хорошая дальность и широкий спектр освещения.</UL><p><span class="addt">||/img/pic/elka/small/Fonarj STERN.jpg|/img/pic/elka/big/Fonarj STERN.jpg
 1|Фонарь поисковый многофункциональный               |227|90534|2090|1990|1950|||| STERN <span class=art>арт. 90534</span>|Двухкомпонентный пластиковый корпус, регулируемая рукоятка. Яркие светодиоды позволяют использовать фонарь как настольную лампу. Незаменим при поисково-спасательных и строительных работах. Четыре красных светодиода служат маяком. Может так же служить ярким прожектором.</span></p><UL><LI>аккумулятор; 24Led + 1 галоген 25 W + 4 Red-Led-SoS<LI>наплечный ремень + вращающаяся пистолетная рукоятка<LI>зарядное устройство от прикуривателя и сети 220 V</UL><p><span class="addt">||/img/pic/elka/small/FONARJ POISKOVY .jpg|/img/pic/elka/big/FONARJ POISKOVY .jpg
~1|Фонарь наголовный светодиодный,|                    227|90562| 295| 295| 280|||| 3 режима яркости, 10 светодиодов STERN <span class=art>арт. 90562</span>|</span></p><UL><LI>Яркие светодиоды (LED) не требуют замены в течение всего срока службы.<LI>Источник питания: 3 батарейки ААА (LR03) обеспечивают 50 часов непрерывной работы при максимальной яркости.<LI>Выполнен из пластика, кольца из силикона.</UL><p><span class="addt">||/img/pic/elka/small/FONAR NAGOLOVU STERN.jpg|/img/pic/elka/big/FONAR NAGOLOVU STERN.jpg
#1|Фонарь наголовный, 3 режима яркости, 10 светодиодов|227|90562| 175| 165| 160||Фонарь наголовный светодиодный| STERN|</span></p><UL><LI>Яркие светодиоды (LED) не требуют замены в течение всего срока службы.<LI>Источник питания: 3 батарейки ААА (LR03) обеспечивают 50 часов непрерывной работы при максимальной яркости.<LI>Выполнен из пластика, кольца из силикона.</UL><p><span class="addt">||/img/pic/elka/small/FONAR NAGOLOVU STERN.jpg|/img/pic/elka/big/FONAR NAGOLOVU STERN.jpg
#0|Фонарь наголовный, 4 режима яркости, 14 светодиодов|227|90563| 195| 185| 180

# 190|Прожекторы галогенные
1|Прожектор галогенный "NAVIGATOR"  150 Вт|190|N94601 |295|280|270|||Прожекторы галогенные||Цвет: черный||/img/pic/elka/small/Prozector_ART_AE-1000.jpg|/img/pic/elka/big/Prozector_ART_AE-1000.jpg
0|Прожектор галогенный БИ с лампой  150 Вт|190|B150   |295|280|270||
0|Прожектор галогенный "NAVIGATOR"  500 Вт|190|N94603 |475|460|450||
0|Прожектор галогенный NL с лампой  500 Вт|190|NL-0500|475|460|450||
0|Прожектор галогенный "NAVIGATOR" 1000 Вт|190|N94604 |950|920|890||
0|Прожектор галогенный NL с лампой 1000 Вт|190|NL-1000|950|920|890||
#1|Прожектор галогенный "MATRIX" 150 Вт|190|93205|285|265|220||Прожекторы галогенные| "MATRIX"|</span></p><UL><LI>Устойчивый к атмосферным осадкам (уличный), герметичный водонепроницаемый корпус, термоустойчивое стекло, монтажная рама.<LI>галогенная лампа накаливания сохраняет равномерную мощность, обеспечивая долгую яркость освещения.<LI>Предназначен для освещения рабочих поверхностей и открытых пространств.</UL><DL><DT>Номинальная нагрузка в ассортиименте:<DD>150 / 500 Вт<DT>Частота сети электропитания:<DD>50 Гц<DT>Рабочее напряжение переменного тока:<DD>220 В</DL>||/img/pic/elka/small/Projector 500 W.jpg|/img/pic/elka/big/Projector 500 W.jpg
#0|Прожектор галогенный "MATRIX" 500 Вт|190|93210|345|325|295
#1|Прожектор 2-режимный|190|93212|990|930|900||| "MATRIX" <span class=art>арт. 93212</span>|</span></p><UL><LI>Переключатель мощности 250 / 500 Вт<LI>Подставка, ручка</UL><p><span class="addt">||/img/pic/elka/small/PROJECTOR 250-500.jpg|/img/pic/elka/big/PROJECTOR 250-500.jpg
#1|Прожектор с плавным переключением мощности|190|93214|1090|1020|990||| "MATRIX" <span class=art>арт. 93214</span>|</span></p><UL><LI>Мощности от 250 до 500 Вт<LI>Подставка, ручка</UL><p><span class="addt">||/img/pic/elka/small/PROJECTOR 250-500.jpg|/img/pic/elka/big/PROJECTOR 250-500.jpg
#1|Прожектор галогенный|190|N94611|835|815|790||| "NAVIGATOR" 500 Вт с датчиком движения NFL-SH1-500-R7s/BL черный <span class=art>арт. N94611</span>|||/img/pic/elka/small/Prozector_ART_N94611.jpg|/img/pic/elka/big/Prozector_ART_N94611.jpg

# 220|Лампы галогенные линейные
1|Галогенная лампа NAVIGATOR J78&nbsp; мм 230V 150W R7s |220|NAV78-150  | 49| 47|45|||Лампы галогенные линейные|||/img/pic/elka/small/Lampa NAVIGATOR.jpg|/img/pic/elka/big/Lampa NAVIGATOR.jpg
0|Галогенная лампа NAVIGATOR J117&nbsp;мм 230V 500W R7s |220|NAV117-500 | 59| 55|53|
0|Галогенная лампа NAVIGATOR J189&nbsp;мм 230V 1000W R7s|220|NAV189-1000| 82| 78|75|
0|Галогенная лампа NAVIGATOR J254&nbsp;мм 230V 1500W R7s|220|NAV254-1500|109|102|98|
0|Галогенная лампа КОСМОС J117 230V &#8199;150W R7s     |220|COS - 500  | 59| 55|53|
0|Галогенная лампа КОСМОС J189 230V       1000W R7s     |220|COS-1000   | 82| 78|75|
0|Галогенная лампа КОСМОС J254 230V       1500W R7s     |220|COS-1500   |109|102|98|
#1|Линейная галогенная лампа КОСМОС J117 230V 150W R7s|220||39.00||Лампы галогенные линейные||||/img/pic/elka/small/LAMPA GALOGENN.jpg|/img/pic/elka/big/LAMPA GALOGENN.jpg
#0|Линейная галогенная лампа J78 - 78&nbsp;мм 230V 150W (синяя упаковка)|220||29.00

# 273|Лампы накаливания
1|Лампа накаливания ЛОН 36, E27, 230V, 36W|273|LON-36-E27|18,90|18,09|17,54|||Лампы накаливания| ЛОН, цоколь E27 (обычный), 230V|||/img/pic/elka/small/Lampa nakala.jpg|/img/pic/elka/big/Lampa nakala.jpg
0|Лампа накаливания ЛОН 40, E27, 230V, 60W|273|LON-40-E27|20,26|19,45|19,18|
0|Лампа накаливания ЛОН 60, E27, 230V, 60W|273|LON-60-E27|22,44|21,90|21,08|
0|Лампа накаливания ЛОН 75, E27, 230V, 75W|273|LON-75-E27|23,80|23,39|22,98|
0|Лампа накаливания ЛОН 95, E27, 230V, 95W|273|LON-95-E27|24,34|23,66|23,26|
0|Лампа-термоизлучатель,   E27, 230V, 200W|273|200-E27   |33,86|32,78|31,96|
1|Патрон карболитовый подвесной           |273|PKPK      |20,13|17,95|17,41|||Патрон карболитовый подвесной|, цоколь E27 <span class=art>арт. PKPK</span>|||/img/pic/elka/small/e27.jpg|/img/pic/elka/big/jpg

# 292|Тестер напряжения (пробник)
1|Электрический пробник 220-250 В|292|670-1|125|119|112|||Тестер напряжения (пробник)| GERT|Отвертка-индикатор, шлиц (плоская), для определения наличия напряжения в бытовых электрических сетях 220-250 V. Сертификат VDE (Verband der Elektrotechnik, Elektronik und Informationstechnik).||/img/pic/shmal/small/otv_diel1.jpg|/img/pic/shmal/big/jpg
#1|Электрический пробник 140 мм, 100-500 В|292|130405|12|11|||Тестеры напряжения (пробники)| SPARTA|Отвертка-индикатор, плоская, для определения наличия напряжения в бытовых электрических сетях. Ручка из прозрачной ацетилцеллюлозы с зажимом для переноски. Стержень покрыт изоляцией по всей длине.||/img/pic/shmal/small/tester130405.jpg|/img/pic/shmal/big/jpg
#0|Электрический пробник 190 мм, 100-500 В|292|130605|14|13|

# 197|Элемент питания
1|Элемент питания|197|94758   |44,00|42,00|39,00|||| NAVIGATOR R6 - LR6 (AA) <span class=art>арт. 94758</span>|Солевая батарейка, обеспечивающая длительную стабильную работу приборов со средним и низким энергопотреблением.<br><b>Цена за упаковку 4 штуки.</b>||/img/pic/elka/small/navi_lr6.jpg|/img/pic/elka/big/jpg
1|Элемент питания|197|94767   |44,00|42,00|39,00|||| NAVIGATOR R03 - LR03 (AAA) <span class=art>арт. 94767</span>|Солевая батарейка, обеспечивающая длительную стабильную работу приборов со средним и низким энергопотреблением.<br><b>Цена за упаковку 4 штуки.</b>||/img/pic/elka/small/navi_lr03.jpg|/img/pic/elka/big/jpg
1|Элемент питания|197|NAVI-R20|55,00|51,00|48,00|||| NAVIGATOR R20 (D) <span class=art>арт. NAVI-R20</span>|Солевая батарейка. Обладает дополнительной защитой от протекания - металлическим стаканом.||/img/pic/elka/small/navi_r20.jpg|/img/pic/elka/big/jpg
#1|Элемент питания|197|SPACE-LR03|24.00|22|22||| КОСМОС LR03 (AAA) Alkaline <span class=art>арт. SPACE-LR03</span>|</span></p><UL><LI>Одна алкалиновая батарейка КОСМОС по сроку службы заменяет до 10 обычных (солевых) батареек.<LI>Экологически безопасны — не содержат ртути и кадмия.<LI>Предэксплуатационный срок хранения — до 5 лет.<LI>Допускается хранение при низких температурах — от -20°С.</UL><p><span class="addt">||/img/pic/elka/small/space.jpg|/img/pic/elka/big/jpg

