# 504|Смазка для буров
1|Смазка для буров|504|196804-7|210|198|192||norow|| Makita 196804-7, 100&thinsp;г (95&thinsp;мл) <span class=art>арт. 196804-7</span>|Предназначена для нанесения на хвостовик бура (долота, зубила и т.п.) перед установкой в перфоратор или отбойный молоток.</span></p><UL><LI>снижает температуру и износ деталей<LI>уменьшает попадание пыли внутрь инструмента<LI>продлевает срок службы инструмента</UL><p><span class="addt">||/img/pic/drill/small/m196804-7.jpg|/img/pic/drill/big/m196804-7.jpg
0|Смазка для буров|504|196804-7|210|198|192||

# 357|Буры Проломные для перфоратора SDS Max BERGEN
1|Бур SDS Max 10 &#215; 400                    |357|BPR456|  265| 5190| 5150||norow|Буры проломные для перфоратора SDS Max| BERGEN|Буры проломные используются для просверливания отверстий больших диаметров и для проделывания проемов в твердых материалах (бетон, кирпич, камень и т.п.)||/img/pic/drill/small/BUR PROLOMNOY.jpg|/img/pic/drill/big/BUR PROLOMNOY.jpg
0|Бур SDS Max BERGEN проломной 45 &#215; 600 мм|357|BPR456| 5690| 5590| 5490||
0|Бур SDS Max BERGEN проломной 45 &#215;1000 мм|357|BPR451| 6790| 6690| 6590||
0|Бур SDS Max BERGEN проломной 55 &#215; 600 мм|357|BPR556| 5690| 5590| 5540||blkt2
0|Бур SDS Max BERGEN проломной 55 &#215;1000 мм|357|BPR551| 7690| 7590| 7490||
0|Бур SDS Max BERGEN проломной 68 &#215; 400 мм|357|BPR684| 6290| 6190| 6090||blkt2
0|Бур SDS Max BERGEN проломной 68 &#215; 600 мм|357|BPR686| 7390| 7290| 7190||
0|Бур SDS Max BERGEN проломной 68 &#215; 800 мм|357|BPR688| 8990| 8920| 8880||
0|Бур SDS Max BERGEN проломной 68 &#215;1000 мм|357|BPR681|10390|10200| 9990||
0|Бур SDS Max BERGEN проломной 80 &#215; 600 мм|357|BPR806| 9400| 9290| 9190||blkt2
0|Бур SDS Max BERGEN проломной 80 &#215;1000 мм|357|BPR801|12700|12400|12100||

# [2+51+14+18+45 размер + 3ц А]
# 48|Буры BERGEN Max
1|Бур по бетону SDS Max 10 &#215; 310 мм, BERGEN|48|10 &#215; 310 мм|PR10310 | 275,00| 262,50| 250,00||blue norow mult2|Буры по бетону для перфоратора SDS Max| |||/img/pic/drill/small/BURY SDS MAX.jpg|/img/pic/drill/big/BURY SDS MAX.jpg
0|Бур по бетону SDS Max 10 &#215; 400 мм, BERGEN|48|10 &#215; 400 мм|BM10400 | 398,00| 380,00| 370,00||
0|Бур по бетону SDS Max 10 &#215; 600 мм, BERGEN|48|10 &#215; 600 мм|BM10600 | 655,00| 645,00| 635,00||
0|Бур по бетону SDS Max 10 &#215; 800 мм, BERGEN|48|10 &#215; 800 мм|BM10800 | 885,00| 865,00| 845,00||
0|Бур по бетону SDS Max 10 &#215;1000 мм, BERGEN|48|10 &#215;1000 мм|BM101000|1145,00|1125,00|1095,00||
0|Бур по бетону SDS Max 12 &#215; 400 мм, BERGEN|48|12 &#215; 400 мм|BM12400 | 398,00| 380,00| 370,00||blkt2
0|Бур по бетону SDS Max 12 &#215; 600 мм, BERGEN|48|12 &#215; 600 мм|BM12600 | 665,00| 650,00| 640,00||
0|Бур по бетону SDS Max 12 &#215; 800 мм, BERGEN|48|12 &#215; 800 мм|BM12800 | 998,00| 985,00| 970,00||
0|Бур по бетону SDS Max 14 &#215; 400 мм, BERGEN|48|14 &#215; 400 мм|BM14400 | 409,00| 395,00| 385,00||blkt2
0|Бур по бетону SDS Max 14 &#215; 600 мм, BERGEN|48|14 &#215; 600 мм|BM14600 | 725,00| 705,00| 698,00||
0|Бур по бетону SDS Max 14 &#215; 800 мм, BERGEN|48|14 &#215; 800 мм|BM14800 |1040,00|1010,00| 980,00||
0|Бур по бетону SDS Max 14 &#215;1000 мм, BERGEN|48|14 &#215;1000 мм|BM141000|1220,00|1180,00|1150,00||
0|Бур по бетону SDS Max 16 &#215; 400 мм, BERGEN|48|16 &#215; 400 мм|BM16400 | 495,00| 480,00| 470,00||blkt2
0|Бур по бетону SDS Max 16 &#215; 600 мм, BERGEN|48|16 &#215; 600 мм|BM16600 | 725,00| 710,00| 690,00||
0|Бур по бетону SDS Max 16 &#215; 800 мм, BERGEN|48|16 &#215; 800 мм|BM16800 |1080,00|1045,00|1020,00||
0|Бур по бетону SDS Max 16 &#215;1000 мм, BERGEN|48|16 &#215;1000 мм|BM161000|1370,00|1320,00|1280,00||
0|Бур по бетону SDS Max 18 &#215; 400 мм, BERGEN|48|18 &#215; 400 мм|BM18400 | 525,00| 510,00| 498,00||blkt2
0|Бур по бетону SDS Max 18 &#215; 600 мм, BERGEN|48|18 &#215; 600 мм|BM18600 | 810,00| 790,00| 775,00||
0|Бур по бетону SDS Max 18 &#215; 800 мм, BERGEN|48|18 &#215; 800 мм|BM18800 |1110,00|1060,00|1025,00||
0|Бур по бетону SDS Max 18 &#215;1000 мм, BERGEN|48|18 &#215;1000 мм|BM181000|1390,00|1340,00|1310,00||
0|Бур по бетону SDS Max 20 &#215; 400 мм, BERGEN|48|20 &#215; 400 мм|BM20400 | 655,00| 635,00| 625,00||blkt
0|Бур по бетону SDS Max 20 &#215; 600 мм, BERGEN|48|20 &#215; 600 мм|BM20600 | 845,00| 820,00| 798,00||
0|Бур по бетону SDS Max 20 &#215; 800 мм, BERGEN|48|20 &#215; 800 мм|BM20800 |1150,00|1095,00|1065,00||
0|Бур по бетону SDS Max 20 &#215;1000 мм, BERGEN|48|20 &#215;1000 мм|BM201000|1420,00|1390,00|1350,00||
0|Бур по бетону SDS Max 22 &#215; 400 мм, BERGEN|48|22 &#215; 400 мм|BM22400 | 715,00| 695,00| 675,00||blkt2
0|Бур по бетону SDS Max 22 &#215; 600 мм, BERGEN|48|22 &#215; 600 мм|BM22600 | 935,00| 910,00| 890,00||
0|Бур по бетону SDS Max 22 &#215; 800 мм, BERGEN|48|22 &#215; 800 мм|BM22800 |1185,00|1155,00|1125,00||
0|Бур по бетону SDS Max 22 &#215;1000 мм, BERGEN|48|22 &#215;1000 мм|BM221000|1460,00|1435,00|1410,00||
1|Бур по бетону SDS Max 25 &#215; 400 мм, BERGEN|48|25 &#215; 400 мм|BM25400 | 755,00| 740,00| 725,00||mult2 next
0|Бур по бетону SDS Max 25 &#215; 600 мм, BERGEN|48|25 &#215; 600 мм|BM25600 | 975,00| 950,00| 935,00||
0|Бур по бетону SDS Max 25 &#215; 800 мм, BERGEN|48|25 &#215; 800 мм|BM25800 |1280,00|1255,00|1235,00||
0|Бур по бетону SDS Max 25 &#215;1000 мм, BERGEN|48|25 &#215;1000 мм|BM251000|1670,00|1630,00|1595,00||
0|Бур по бетону SDS Max 26 &#215; 400 мм, BERGEN|48|26 &#215; 400 мм|BM26400 | 785,00| 760,00| 745,00||blkt2
0|Бур по бетону SDS Max 26 &#215; 600 мм, BERGEN|48|26 &#215; 600 мм|BM26600 | 990,00| 965,00| 940,00||
0|Бур по бетону SDS Max 26 &#215;1000 мм, BERGEN|48|26 &#215;1000 мм|BM261000|1870,00|1820,00|1790,00||
0|Бур по бетону SDS Max 28 &#215; 400 мм, BERGEN|48|28 &#215; 400 мм|BM28400 | 898,00| 865,00| 865,00||blkt2
0|Бур по бетону SDS Max 28 &#215; 600 мм, BERGEN|48|28 &#215; 600 мм|BM28600 |1250,00|1190,00|1160,00||
0|Бур по бетону SDS Max 28 &#215; 800 мм, BERGEN|48|28 &#215; 800 мм|BM28800 |1850,00|1810,00|1780,00||
0|Бур по бетону SDS Max 28 &#215;1000 мм, BERGEN|48|28 &#215;1000 мм|BM281000|2290,00|2230,00|2180,00||
0|Бур по бетону SDS Max 30 &#215; 400 мм, BERGEN|48|30 &#215; 400 мм|BM30400 |1095,00|1070,00|1040,00||blkt
0|Бур по бетону SDS Max 30 &#215; 600 мм, BERGEN|48|30 &#215; 600 мм|BM30600 |1290,00|1230,00|1190,00||
0|Бур по бетону SDS Max 30 &#215; 800 мм, BERGEN|48|30 &#215; 800 мм|BM30800 |2095,00|2040,00|1990,00||
0|Бур по бетону SDS Max 30 &#215;1000 мм, BERGEN|48|30 &#215;1000 мм|BM301000|2360,00|2280,00|2230,00||
0|Бур по бетону SDS Max 32 &#215; 400 мм, BERGEN|48|32 &#215; 400 мм|BM32400 |1320,00|1275,00|1235,00||blkt2
0|Бур по бетону SDS Max 32 &#215; 600 мм, BERGEN|48|32 &#215; 600 мм|BM32600 |1450,00|1420,00|1390,00||
0|Бур по бетону SDS Max 32 &#215; 800 мм, BERGEN|48|32 &#215; 800 мм|BM32800 |2380,00|2310,00|2280,00||
0|Бур по бетону SDS Max 32 &#215;1000 мм, BERGEN|48|32 &#215;1000 мм|BM321000|2620,00|2560,00|2495,00||
0|Бур по бетону SDS Max 35 &#215; 400 мм, BERGEN|48|35 &#215; 400 мм|BM35400 |1685,00|1630,00|1590,00||blkt2
0|Бур по бетону SDS Max 35 &#215; 800 мм, BERGEN|48|35 &#215; 800 мм|BM35800 |2800,00|2750,00|2700,00||
0|Бур по бетону SDS Max 35 &#215;1000 мм, BERGEN|48|35 &#215;1000 мм|BM351000|3290,00|3220,00|3150,00||
0|Бур по бетону SDS Max 38 &#215;1000 мм, BERGEN|48|38 &#215;1000 мм|BM381000|4100,00|4000,00|3920,00||blkt2
0|Бур по бетону SDS Max 40 &#215; 600 мм, BERGEN|48|40 &#215; 600 мм|BM40600 |2620,00|2520,00|2490,00||
0|Бур по бетону SDS Max 40 &#215; 800 мм, BERGEN|48|40 &#215; 800 мм|BM40800 |3690,00|3590,00|3520,00||
0|Бур по бетону SDS Max 40 &#215;1000 мм, BERGEN|48|40 &#215;1000 мм|BM401000|4490,00|4390,00|4300,00||
0|Бур по бетону SDS Max 45 &#215; 600 мм, BERGEN|48|45 &#215; 600 мм|BM45600 |4300,00|4200,00|4100,00||blkt2
0|Бур по бетону SDS Max 45 &#215;1000 мм, BERGEN|48|45 &#215;1000 мм|BM451000|5400,00|5300,00|5200,00||

# 414|Буры по бетону для перфоратора SDS Plus HAGWERT
# bpbohrers.jpg bpbohrers2.jpg
 1|Бур SDS Plus &nbsp; 5 &#215; 160|414|590611||105,00|101,00| 98,00||mult2 norow|Буры по бетону для перфоратора SDS Plus| HAGWERT /<span class="blue"> BOHRER СТАНДАРТ </span>|</span></p><UL><LI>Универсальное сверло-бур с хвостовиком SDS+ для ударного сверления любых типов бетона, камня, кирпичной кладки.<LI>Наконечник - шлифованная пластина из высококачественного твердого сплава хромовой стали и карбида YG8C.<LI>Спираль S4 обеспечивает устойчивость бура к вибрациям и с наименьшими потерями передает энергию ударной силы перфоратора к режущей кромке бура.<LI>Ассиметричная конструкция для ускоренного отвода шлама, твёрдосплавный сердечник.</UL><p><span class="addt">||/img/pic/drill/small/bury-hagwert.jpg|/img/pic/drill/big/bury-hagwert.jpg
 0|Бур по бетону SDS+ &numsp;5 &#215;&numsp;110 мм BOHRER СТАНДАРТ|414|&numsp;5 &#215; 110 мм|30105110| 33.00| 31.00| 29.00||blue
#0|Бур по бетону SDS+ &numsp;5 &#215;&numsp;110 мм HAGWERT        |414|&numsp;5 &#215; 110 мм|  562002| 47.00| 45.00| 42.00||
 0|Бур по бетону SDS+ &numsp;5 &#215;&numsp;160 мм HAGWERT        |414|&numsp;5 &#215; 160 мм|  562003| 55.00| 51.00| 49.00||
 0|Бур по бетону SDS+ &numsp;6 &#215;&numsp;110 мм BOHRER СТАНДАРТ|414|&numsp;6 &#215; 110 мм|30106110| 31,95| 30,00| 28,95||blue blkt2
#0|Бур по бетону SDS+ &numsp;6 &#215;&numsp;110 мм HAGWERT        |414|&numsp;6 &#215; 110 мм|  562005| 43.00| 41.00| 39.00||
 0|Бур по бетону SDS+ &numsp;6 &#215;&numsp;160 мм BOHRER СТАНДАРТ|414|&numsp;6 &#215; 160 мм|30106160| 35,95| 34,00| 32,00||blue
 0|Бур по бетону SDS+ &numsp;6 &#215;&numsp;160 мм HAGWERT        |414|&numsp;6 &#215; 160 мм|  562006| 47.00| 45.00| 41.00||
 0|Бур по бетону SDS+ &numsp;6 &#215;&numsp;210 мм BOHRER СТАНДАРТ|414|&numsp;6 &#215; 210 мм|30106210| 43,95| 41,00| 39,00||blue
 0|Бур по бетону SDS+ &numsp;6 &#215;&numsp;210 мм HAGWERT        |414|&numsp;6 &#215; 210 мм|  562007| 73.00| 68.00| 64.00||
 0|Бур по бетону SDS+ &numsp;8 &#215;&numsp;110 мм BOHRER СТАНДАРТ|414|&numsp;8 &#215; 110 мм|30108110| 36,95| 35,00| 33,00||blue blkt2
 0|Бур по бетону SDS+ &numsp;8 &#215;&numsp;110 мм HAGWERT        |414|&numsp;8 &#215; 110 мм|  562008| 57.00| 55.00| 51.00||
~0|Бур по бетону SDS+ &numsp;8 &#215;&numsp;160 мм BOHRER СТАНДАРТ|414|&numsp;8 &#215; 160 мм|30108160| 40,95| 39,00| 37,00||blue
 0|Бур по бетону SDS+ &numsp;8 &#215;&numsp;160 мм HAGWERT        |414|&numsp;8 &#215; 160 мм|  562009| 58.00| 56.00| 52.00||
~0|Бур по бетону SDS+ &numsp;8 &#215;&numsp;210 мм BOHRER СТАНДАРТ|414|&numsp;8 &#215; 210 мм|30108210| 53,95| 51,00| 49,00||blue
~0|Бур по бетону SDS+ &numsp;8 &#215;&numsp;210 мм HAGWERT        |414|&numsp;8 &#215; 210 мм|  562010| 75.00| 69.00| 65.00||
~0|Бур по бетону SDS+ &numsp;8 &#215;&numsp;310 мм BOHRER СТАНДАРТ|414|&numsp;8 &#215; 310 мм|30108310| 78,95| 75,00| 72,00||blue
 0|Бур по бетону SDS+ &numsp;8 &#215;&numsp;460 мм HAGWERT        |414|&numsp;8 &#215; 460 мм|  562014|149.00|144.00|142.00||
 0|Бур по бетону SDS+ &numsp;8 &#215;&numsp;600 мм HAGWERT        |414|&numsp;8 &#215; 600 мм|  562015|198.00|192.00|185.00||
 0|Бур по бетону SDS+       10 &#215;&numsp;110 мм BOHRER СТАНДАРТ|414|      10 &#215; 110 мм|30110110| 40,95| 39,95| 38,95||blue blkt2
 0|Бур по бетону SDS+       10 &#215;&numsp;160 мм HAGWERT        |414|      10 &#215; 110 мм|  562017| 64.00| 61.00| 58.00||
 0|Бур по бетону SDS+       10 &#215;&numsp;160 мм BOHRER СТАНДАРТ|414|      10 &#215; 160 мм|30110160| 45,95| 43,00| 41,00||blue
 0|Бур по бетону SDS+       10 &#215;&numsp;160 мм HAGWERT        |414|      10 &#215; 160 мм|  562018| 68.00| 64.00| 61.00||
 0|Бур по бетону SDS+       10 &#215;&numsp;210 мм BOHRER СТАНДАРТ|414|      10 &#215; 210 мм|30110210| 55,95| 53,00| 50,00||blue
 0|Бур по бетону SDS+       10 &#215;&numsp;210 мм HAGWERT        |414|      10 &#215; 210 мм|  562019| 86.00| 81.00| 78.00||
 1|Бур по бетону SDS+       10 &#215;&numsp;260 мм HAGWERT        |414|      10 &#215; 260 мм|  562020| 99.00| 94.00| 89.00||mult2 next
 0|Бур по бетону SDS+       10 &#215;&numsp;310 мм BOHRER СТАНДАРТ|414|      10 &#215; 310 мм|30110310| 82,00| 79,00| 77,00||blue
 0|Бур по бетону SDS+       10 &#215;&numsp;310 мм HAGWERT        |414|      10 &#215; 310 мм|  562021|109.00|103.00| 99.00||
 0|Бур по бетону SDS+       10 &#215;&numsp;350 мм HAGWERT        |414|      10 &#215; 350 мм|  562022|129.00|124.00|121.00||
 0|Бур по бетону SDS+       10 &#215;&numsp;460 мм HAGWERT        |414|      10 &#215; 460 мм|  562023|149.00|142.00|139.00||
 0|Бур по бетону SDS+       12 &#215;&numsp;160 мм BOHRER СТАНДАРТ|414|      12 &#215; 160 мм|30112160| 50,95| 58,00| 56,00||blue blkt2
 0|Бур по бетону SDS+       12 &#215;&numsp;160 мм HAGWERT        |414|      12 &#215; 160 мм|  562027| 64.00| 61.00| 58.00||
 0|Бур по бетону SDS+       12 &#215;&numsp;210 мм BOHRER СТАНДАРТ|414|      12 &#215; 210 мм|30112210| 62,95| 60,00| 58,00||blue
 0|Бур по бетону SDS+       12 &#215;&numsp;210 мм HAGWERT        |414|      12 &#215; 210 мм|  562028| 88.00| 85.00| 82.00||
 0|Бур по бетону SDS+       12 &#215;&numsp;260 мм HAGWERT        |414|      12 &#215; 260 мм|  562029|108.00|104.00| 99.00||
 0|Бур по бетону SDS+       12 &#215;&numsp;310 мм BOHRER СТАНДАРТ|414|      12 &#215; 310 мм|30112310| 84,95| 82,00| 79,00||blue
 0|Бур по бетону SDS+       12 &#215;&numsp;350 мм HAGWERT        |414|      12 &#215; 350 мм|  562031|139,00|133,00|129,00||
 0|Бур по бетону SDS+       12 &#215;&numsp;460 мм HAGWERT        |414|      12 &#215; 460 мм|  562032|165,00|158,00|153,00||
#0|Бур по бетону SDS+       12 &#215;1000       мм HAGWERT        |414|      12 &#215;     мм|  562026|399,00|385,00|375,00||
 0|Бур по бетону SDS+       14 &#215;&numsp;260 мм HAGWERT        |414|      14 &#215; 260 мм|  562037|146,00|141,00|138,00||blkt2
 0|Бур по бетону SDS+       14 &#215;&numsp;460 мм HAGWERT        |414|      14 &#215; 460 мм|  562039|255,00|245,00|239,00||
 0|Бур по бетону SDS+       14 &#215;&numsp;600 мм HAGWERT        |414|      14 &#215; 600 мм|  562040|265,00|255,00|248,00||
 0|Бур по бетону SDS+       16 &#215;&numsp;210 мм HAGWERT        |414|      16 &#215; 210 мм|  562043|129,00|124,00|121,00||blkt2
 0|Бур по бетону SDS+       16 &#215;&numsp;310 мм HAGWERT        |414|      16 &#215; 310 мм|  562044|167,00|162,00|157,00||
 0|Бур по бетону SDS+       16 &#215;&numsp;460 мм HAGWERT        |414|      16 &#215; 460 мм|  562045|269,00|259,00|245,00||
 0|Бур по бетону SDS+       18 &#215;&numsp;310 мм BOHRER СТАНДАРТ|414|      18 &#215; 310 мм|30118310|139,00|136,00|132,00||blue blkt2
#0|Бур по бетону SDS+       18 &#215;&numsp;310 мм HAGWERT        |414|      18 &#215; 310 мм|  562049|245,00|239,00|233,00||
~0|Бур по бетону SDS+       18 &#215;&numsp;600 мм HAGWERT        |414|      18 &#215; 600 мм|  562051|375,00|365,00|357,00||
~0|Бур по бетону SDS+       20 &#215;&numsp;460 мм HAGWERT        |414|      20 &#215; 460 мм|  562055|365,00|355,00|346,00||blkt2

# 47|Буры по бетону для перфоратора SDS Plus BERGEN
 1|Бур SDS PLUS &numsp;5 &#215;&numsp;160 мм, BERGEN  |47|&numsp;5 &#215;&numsp;160 мм|B+05160 |  67|  65|  62||mult2 norow|Буры по бетону для перфоратора SDS Plus| BERGEN|||/img/pic/drill/small/BURY SDS PLUS.jpg|/img/pic/drill/big/BURY SDS PLUS.jpg
 0|Бур SDS PLUS &numsp;5 &#215;&numsp;160 мм, BERGEN  |47|&numsp;5 &#215;&numsp;160 мм|B+05160 |  55|  52|  49|
 0|Бур SDS PLUS &numsp;5 &#215;&numsp;260 мм, BERGEN  |47|&numsp;5 &#215;&numsp;260 мм|B+05260 |  92|  89|  86|
 0|Бур SDS PLUS &numsp;6 &#215;&numsp;110 мм, BERGEN  |47|&numsp;6 &#215;&numsp;110 мм|B+06110 |  48|  46|  43||blkt2
 0|Бур SDS PLUS &numsp;6 &#215;&numsp;160 мм, BERGEN  |47|&numsp;6 &#215;&numsp;160 мм|B+06160 |  55|  53|  51|
 0|Бур SDS PLUS &numsp;6 &#215;&numsp;210 мм, BERGEN  |47|&numsp;6 &#215;&numsp;210 мм|B+06210 |  69|  66|  63|
 0|Бур SDS PLUS &numsp;6 &#215;&numsp;260 мм, BERGEN  |47|&numsp;6 &#215;&numsp;260 мм|B+06260 |  92|  89|  86|
 0|Бур SDS PLUS &numsp;6 &#215;&numsp;310 мм, BERGEN  |47|&numsp;6 &#215;&numsp;310 мм|B+06310 | 109| 105| 102|
 0|Бур SDS PLUS &numsp;6 &#215;&numsp;350 мм, BERGEN  |47|&numsp;6 &#215;&numsp;350 мм|B+06350 | 112| 109| 106|
 0|Бур SDS PLUS &numsp;6 &#215;&numsp;450 мм, BERGEN  |47|&numsp;6 &#215;&numsp;450 мм|B+06450 | 165| 159| 155|
 0|Бур SDS PLUS &numsp;6 &#215;&numsp;600 мм, BERGEN  |47|&numsp;6 &#215;&numsp;600 мм|B+06600 | 209| 201| 196|
 0|Бур SDS PLUS &numsp;8 &#215;&numsp;110 мм, BERGEN  |47|&numsp;8 &#215;&numsp;110 мм|B+08110 |  56|  53|  51||blkt2
 0|Бур SDS PLUS &numsp;8 &#215;&numsp;160 мм, BERGEN  |47|&numsp;8 &#215;&numsp;160 мм|B+08160 |  64|  61|  58|
 0|Бур SDS PLUS &numsp;8 &#215;&numsp;210 мм, BERGEN  |47|&numsp;8 &#215;&numsp;210 мм|B+08210 |  74|  72|  68|
 0|Бур SDS PLUS &numsp;8 &#215;&numsp;260 мм, BERGEN  |47|&numsp;8 &#215;&numsp;260 мм|B+08260 |  94|  91|  88|
 0|Бур SDS PLUS &numsp;8 &#215;&numsp;310 мм, BERGEN  |47|&numsp;8 &#215;&numsp;310 мм|B+08310 | 109| 104|  99|
 0|Бур SDS PLUS &numsp;8 &#215;&numsp;350 мм, BERGEN  |47|&numsp;8 &#215;&numsp;350 мм|B+08350 | 124| 119| 116|
 0|Бур SDS PLUS &numsp;8 &#215;&numsp;460 мм, BERGEN  |47|&numsp;8 &#215;&numsp;460 мм|B+08450 | 195| 189| 185|
 0|Бур SDS PLUS &numsp;8 &#215;&numsp;600 мм, BERGEN  |47|&numsp;8 &#215;&numsp;600 мм|B+08600 | 275| 265| 255|
 0|Бур SDS PLUS 10       &#215;&numsp;110 мм, BERGEN  |47|10       &#215;&numsp;110 мм|B+10110 |  64|  61|  58||blkt
 0|Бур SDS PLUS 10       &#215;&numsp;160 мм, BERGEN  |47|10       &#215;&numsp;160 мм|B+10160 |  72|  69|  66|
 0|Бур SDS PLUS 10       &#215;&numsp;210 мм, BERGEN  |47|10       &#215;&numsp;210 мм|B+10210 |  85|  81|  78|
 0|Бур SDS PLUS 10       &#215;&numsp;260 мм, BERGEN  |47|10       &#215;&numsp;260 мм|B+10260 |  99|  95|  92|
 0|Бур SDS PLUS 10       &#215;&numsp;310 мм, BERGEN  |47|10       &#215;&numsp;310 мм|B+10310 | 124| 119| 116|
 0|Бур SDS PLUS 10       &#215;&numsp;350 мм, BERGEN  |47|10       &#215;&numsp;350 мм|B+10350 | 129| 125| 122|
 0|Бур SDS PLUS 10       &#215;&numsp;460 мм, BERGEN  |47|10       &#215;&numsp;460 мм|B+10460 | 198| 193| 189|
 0|Бур SDS PLUS 10       &#215;&numsp;600 мм, BERGEN  |47|10       &#215;&numsp;600 мм|B+10600 | 398| 380| 360|
 0|Бур SDS PLUS 10       &#215;&numsp;800 мм, BERGEN  |47|10       &#215;&numsp;800 мм|B+10800 | 489| 478| 465|
~0|Бур SDS PLUS 10       &#215;1000       мм, BERGEN  |47|10       &#215;1000       мм|+101000 | 865| 845| 830|
 0|Бур SDS PLUS 12       &#215;&numsp;160 мм, BERGEN  |47|12       &#215;&numsp;160 мм|B+12160 |  92|  89|  85||blkt2
 0|Бур SDS PLUS 12       &#215;&numsp;210 мм, BERGEN  |47|12       &#215;&numsp;210 мм|B+12210 | 106| 102|  99||
 0|Бур SDS PLUS 12       &#215;&numsp;260 мм, BERGEN  |47|12       &#215;&numsp;260 мм|B+12260 | 118| 113| 109|
 0|Бур SDS PLUS 12       &#215;&numsp;310 мм, BERGEN  |47|12       &#215;&numsp;310 мм|B+12310 | 129| 125| 121|
 0|Бур SDS PLUS 12       &#215;&numsp;350 мм, BERGEN  |47|12       &#215;&numsp;350 мм|B+12350 | 149| 144| 141|
 0|Бур SDS PLUS 12       &#215;&numsp;460 мм, BERGEN  |47|12       &#215;&numsp;460 мм|B+12460 | 198| 192| 188|
 0|Бур SDS PLUS 12       &#215;&numsp;600 мм, BERGEN  |47|12       &#215;&numsp;600 мм|B+12600 | 319| 310| 302||
 0|Бур SDS PLUS 12       &#215;1000       мм, BERGEN  |47|12       &#215;1000       мм|B+121000| 598| 585| 575|
 0|Бур SDS PLUS 14       &#215;&numsp;160 мм, BERGEN  |47|14       &#215;&numsp;160 мм|B+14160 | 109| 105|  99|
 0|Бур SDS PLUS 14       &#215;&numsp;210 мм, BERGEN  |47|14       &#215;&numsp;210 мм|B+14210 | 129| 124| 121|
 0|Бур SDS PLUS 14       &#215;&numsp;260 мм, BERGEN  |47|14       &#215;&numsp;260 мм|B+14260 | 147| 142| 138|
 0|Бур SDS PLUS 14       &#215;&numsp;310 мм, BERGEN  |47|14       &#215;&numsp;310 мм|B+14310 | 159| 152| 148|
 0|Бур SDS PLUS 14       &#215;&numsp;350 мм, BERGEN  |47|14       &#215;&numsp;350 мм|B+14350 | 198| 192| 188||
 1|Бур SDS PLUS 14       &#215;&numsp;460 мм, BERGEN  |47|14       &#215;&numsp;460 мм|B+14460 | 249| 239| 233||mult2 next|
 0|Бур SDS PLUS 14       &#215;&numsp;600 мм, BERGEN  |47|14       &#215;&numsp;600 мм|B+14600 | 345| 338| 329||
 0|Бур SDS PLUS 14       &#215;&numsp;800 мм, BERGEN  |47|14       &#215;&numsp;800 мм|B+14800 | 520| 508| 498|
 0|Бур SDS PLUS 14       &#215;1000       мм, BERGEN  |47|14       &#215;1000       мм|B+141000| 665| 645| 635||
 0|Бур SDS PLUS 16       &#215;&numsp;210 мм, BERGEN  |47|16       &#215;&numsp;210 мм|B+16210 | 152| 146| 142||blkt2
 0|Бур SDS PLUS 16       &#215;&numsp;260 мм, BERGEN  |47|16       &#215;&numsp;260 мм|B+16260 | 175| 169| 165|
 0|Бур SDS PLUS 16       &#215;&numsp;310 мм, BERGEN  |47|16       &#215;&numsp;310 мм|B+16310 | 198| 192| 188|
 0|Бур SDS PLUS 16       &#215;&numsp;350 мм, BERGEN  |47|16       &#215;&numsp;350 мм|B+16350 | 215| 206| 198|
 0|Бур SDS PLUS 16       &#215;&numsp;450 мм, BERGEN  |47|16       &#215;&numsp;450 мм|B+16450 | 285| 272| 265|
 0|Бур SDS PLUS 16       &#215;&numsp;600 мм, BERGEN  |47|16       &#215;&numsp;600 мм|B+16600 | 398| 385| 378|
 0|Бур SDS PLUS 16       &#215;1000       мм, BERGEN  |47|16       &#215;1000       мм|B+161000| 765| 750| 738|
 0|Бур SDS PLUS 18       &#215;&numsp;260 мм, BERGEN  |47|18       &#215;&numsp;260 мм|B+18260 | 245| 235| 228||blkt2
 0|Бур SDS PLUS 18       &#215;&numsp;310 мм, BERGEN  |47|18       &#215;&numsp;310 мм|B+18310 | 279| 269| 262|
 0|Бур SDS PLUS 18       &#215;&numsp;350 мм, BERGEN  |47|18       &#215;&numsp;350 мм|B+18350 | 298| 286| 278|
 0|Бур SDS PLUS 18       &#215;&numsp;460 мм, BERGEN  |47|18       &#215;&numsp;460 мм|B+18460 | 365| 355| 345|
 0|Бур SDS PLUS 18       &#215;&numsp;600 мм, BERGEN  |47|18       &#215;&numsp;600 мм|B+18600 | 485| 472| 462|
 0|Бур SDS PLUS 18       &#215;&numsp;800 мм, BERGEN  |47|18       &#215;&numsp;800 мм|B+18800 | 765| 750| 738|
 0|Бур SDS PLUS 18       &#215;1000       мм, BERGEN  |47|18       &#215;1000       мм|B+181000| 998| 980| 965|
 0|Бур SDS PLUS 20       &#215;&numsp;210 мм, BERGEN  |47|20       &#215;&numsp;210 мм|B+20210 | 255| 245| 238||blkt
 0|Бур SDS PLUS 20       &#215;&numsp;310 мм, BERGEN  |47|20       &#215;&numsp;310 мм|B+20310 | 325| 315| 305|
 0|Бур SDS PLUS 20       &#215;&numsp;350 мм, BERGEN  |47|20       &#215;&numsp;350 мм|B+20350 | 345| 334| 327|
 0|Бур SDS PLUS 20       &#215;&numsp;460 мм, BERGEN  |47|20       &#215;&numsp;460 мм|B+20460 | 455| 440| 430|
 0|Бур SDS PLUS 20       &#215;&numsp;600 мм, BERGEN  |47|20       &#215;&numsp;600 мм|B+20600 | 598| 580| 570|
 0|Бур SDS PLUS 20       &#215;&numsp;800 мм, BERGEN  |47|20       &#215;&numsp;800 мм|B+20800 | 935| 915| 898|
 0|Бур SDS PLUS 20       &#215;1000       мм, BERGEN  |47|20       &#215;1000       мм|B+201000|1265|1235|1200|
 0|Бур SDS PLUS 22       &#215;&numsp;260 мм, BERGEN  |47|22       &#215;&numsp;260 мм|B+22260 | 365| 350| 335||blkt2
 0|Бур SDS PLUS 22       &#215;&numsp;350 мм, BERGEN  |47|22       &#215;&numsp;350 мм|B+22350 | 465| 450| 440|
 0|Бур SDS PLUS 22       &#215;&numsp;460 мм, BERGEN  |47|22       &#215;&numsp;460 мм|B+22460 | 555| 540| 525|
 0|Бур SDS PLUS 24       &#215;&numsp;350 мм, BERGEN  |47|24       &#215;&numsp;350 мм|B+24350 | 535| 515| 498||blkt2
 0|Бур SDS PLUS 24       &#215;&numsp;600 мм, BERGEN  |47|24       &#215;&numsp;600 мм|B+24600 | 845| 828| 809|
~0|Бур SDS PLUS 25       &#215;&numsp;460 мм, BERGEN  |47|25       &#215;&numsp;460 мм|B+25460 | 698| 680| 665||blkt2
 0|Бур SDS PLUS 25       &#215;&numsp;600 мм, BERGEN  |47|25       &#215;&numsp;600 мм|B+25600 | 845| 825| 805|
 0|Бур SDS PLUS 25       &#215;&numsp;800 мм, BERGEN  |47|25       &#215;&numsp;800 мм|B+25800 |1450|1420|1385|
 0|Бур SDS PLUS 25       &#215;1000       мм, BERGEN  |47|25       &#215;1000       мм|B+251000|1665|1630|1495|
 0|Бур SDS PLUS 26       &#215;&numsp;260 мм, BERGEN  |47|26       &#215;&numsp;260 мм|B+26260 | 525| 505| 490||blkt2
 0|Бур SDS PLUS 26       &#215;&numsp;460 мм, BERGEN  |47|26       &#215;&numsp;460 мм|B+26460 | 895| 875| 858|
 0|Бур SDS PLUS 26       &#215;1000       мм, BERGEN  |47|26       &#215;1000       мм|B+261000|2120|2065|1998|
 0|Бур SDS PLUS 32       &#215;&numsp;460 мм, BERGEN  |47|32       &#215;&numsp;460 мм|B+32460 |1190|1165|1120||blkt
 0|Бур SDS PLUS 32       &#215;&numsp;600 мм, BERGEN  |47|32       &#215;&numsp;600 мм|B+32600 |1585|1545|1520|
 0|Бур SDS PLUS 32       &#215;&numsp;800 мм, BERGEN  |47|32       &#215;&numsp;800 мм|B+32800 |2095|2050|1998|
 0|Бур SDS PLUS 32       &#215;1000       мм, BERGEN  |47|32       &#215;1000       мм|B+321000|2580|2535|2495|

# 468|Буры по бетону для перфоратора SDS Plus OPTIM
 1|Бур SDS PLUS &numsp;5 &#215;&numsp;160 мм, OPTIM|468|&numsp;5 &#215;&numsp;160 мм|790611| 42| 40| 39||mult2 norow |Буры по бетону для перфоратора SDS Plus| OPTIM|||/img/pic/drill/small/BURY SDS PLUS.jpg|/img/pic/drill/big/BURY SDS PLUS.jpg
 0|Бур SDS PLUS &numsp;5 &#215;&numsp;110 мм, OPTIM|468|&numsp;5 &#215;&numsp;110 мм|790511| 39| 37| 36||
 0|Бур SDS PLUS &numsp;6 &#215;&numsp;110 мм, OPTIM|468|&numsp;6 &#215;&numsp;110 мм|790611| 39| 37| 36||blkt2
 0|Бур SDS PLUS &numsp;6 &#215;&numsp;160 мм, OPTIM|468|&numsp;6 &#215;&numsp;160 мм|790616| 38| 35| 34||
 0|Бур SDS PLUS &numsp;6 &#215;&numsp;210 мм, OPTIM|468|&numsp;6 &#215;&numsp;210 мм|790621| 59| 55| 53||
 0|Бур SDS PLUS &numsp;8 &#215;&numsp;110 мм, OPTIM|468|&numsp;8 &#215;&numsp;110 мм|790811| 41| 39| 38||blkt2
 0|Бур SDS PLUS &numsp;8 &#215;&numsp;160 мм, OPTIM|468|&numsp;8 &#215;&numsp;160 мм|790816| 47| 45| 42||
 0|Бур SDS PLUS &numsp;8 &#215;&numsp;210 мм, OPTIM|468|&numsp;8 &#215;&numsp;210 мм|790821| 59| 55| 53||
 0|Бур SDS PLUS &numsp;8 &#215;&numsp;260 мм, OPTIM|468|&numsp;8 &#215;&numsp;260 мм|790826| 72| 67| 65||
 0|Бур SDS PLUS &numsp;8 &#215;&numsp;310 мм, OPTIM|468|&numsp;8 &#215;&numsp;310 мм|790831| 89| 84| 81||
#0|Бур SDS PLUS &numsp;8 &#215;&numsp;600 мм, OPTIM|468|&numsp;8 &#215;&numsp;600 мм|790860|135|129|125||
 0|Бур SDS PLUS 10       &#215;&numsp;210 мм, OPTIM|468|10       &#215;&numsp;210 мм|791021| 74| 71| 68||blkt2
 0|Бур SDS PLUS 10       &#215;&numsp;260 мм, OPTIM|468|10       &#215;&numsp;260 мм|791026| 86| 82| 79||
 0|Бур SDS PLUS 10       &#215;&numsp;310 мм, OPTIM|468|10       &#215;&numsp;310 мм|791031| 94| 90| 88||
 0|Бур SDS PLUS 10       &#215;&numsp;350 мм, OPTIM|468|10       &#215;&numsp;350 мм|791035|118|114|109||
 0|Бур SDS PLUS 10       &#215;&numsp;460 мм, OPTIM|468|10       &#215;&numsp;460 мм|791046|128|122|119||
 1|Бур SDS PLUS 12       &#215;&numsp;160 мм, OPTIM|468|12       &#215;&numsp;160 мм|791216| 64| 61| 57||mult2 next|
 0|Бур SDS PLUS 12       &#215;&numsp;210 мм, OPTIM|468|12       &#215;&numsp;210 мм|791221| 78| 75| 72||
 0|Бур SDS PLUS 12       &#215;&numsp;260 мм, OPTIM|468|12       &#215;&numsp;260 мм|791226| 95| 91| 88||
 0|Бур SDS PLUS 12       &#215;&numsp;310 мм, OPTIM|468|12       &#215;&numsp;310 мм|791231| 94| 90| 88||
 0|Бур SDS PLUS 12       &#215;&numsp;350 мм, OPTIM|468|12       &#215;&numsp;350 мм|791235|118|114|111||
 0|Бур SDS PLUS 12       &#215;&numsp;460 мм, OPTIM|468|12       &#215;&numsp;460 мм|791246|149|144|141||
#0|Бур SDS PLUS 12       &#215;1000       мм, OPTIM|468|12       &#215;1000       мм|791210|425|410|395||
 0|Бур SDS PLUS 14       &#215;&numsp;260 мм, OPTIM|468|14       &#215;&numsp;260 мм|791426|138|133|129||blkt2
 0|Бур SDS PLUS 14       &#215;&numsp;310 мм, OPTIM|468|14       &#215;&numsp;310 мм|791431|145|139|133||
 0|Бур SDS PLUS 16       &#215;&numsp;210 мм, OPTIM|468|16       &#215;&numsp;210 мм|791621|125|119|115||blkt2
 0|Бур SDS PLUS 18       &#215;&numsp;310 мм, OPTIM|468|18       &#215;&numsp;310 мм|791831|209|198|193||blkt2
 0|Бур SDS PLUS 18       &#215;&numsp;410 мм, OPTIM|468|18       &#215;&numsp;410 мм|791841|265|255|245||
#0|Бур SDS PLUS 18       &#215;&numsp;600 мм, OPTIM|468|18       &#215;&numsp;600 мм|791860|345|335|328||
 0|Бур SDS PLUS 20       &#215;&numsp;460 мм, OPTIM|468|20       &#215;&numsp;460 мм|792046|320|305|285||blkt2
 0|Бур SDS PLUS 20       &#215;&numsp;600 мм, OPTIM|468|20       &#215;&numsp;600 мм|792060|375|360|345||
 0|Бур SDS PLUS 28       &#215;&numsp;600 мм, OPTIM|468|28       &#215;&numsp;600 мм|792860|725|705|685||blkt2

# 478|Буры по бетону для перфоратора SDS Plus Gr?ne GR?NE ГРЁН
 1|Бур SDS PLUS &numsp;6 &#215;&numsp;160 мм, GR&ouml;NE|478|&numsp;6 &#215;&numsp;160 мм|2204-60.61.60|108|104| 99||norow |Буры по бетону КРЕСТОВЫЕ для перфоратора SDS Plus| GR&ouml;NE (ГРЁН), Польша|||/img/pic/drill/small/2204-61.jpg|/img/pic/drill/big/2204-61.jpg
 0|Бур SDS PLUS &numsp;6 &#215;&numsp;160 мм, GR&ouml;NE|478|&numsp;6 &#215;&numsp;160 мм|2204-60.61.60|108|104| 99||
 0|Бур SDS PLUS &numsp;6 &#215;&numsp;210 мм, GR&ouml;NE|478|&numsp;6 &#215;&numsp;210 мм|2204-60.62.10|129|125|121||
 0|Бур SDS PLUS &numsp;8 &#215;&numsp;160 мм, GR&ouml;NE|478|&numsp;8 &#215;&numsp;160 мм|2204-60.81.60|135|132|127||blkt2
 0|Бур SDS PLUS &numsp;8 &#215;&numsp;210 мм, GR&ouml;NE|478|&numsp;8 &#215;&numsp;210 мм|2204-60.82.10|145|142|137||
 0|Бур SDS PLUS 10       &#215;&numsp;160 мм, GR&ouml;NE|478|10       &#215;&numsp;160 мм|2204-61.01.60|145|142|137||blkt2
 0|Бур SDS PLUS 10       &#215;&numsp;210 мм, GR&ouml;NE|478|10       &#215;&numsp;210 мм|2204-61.02.10|175|172|166||
 0|Бур SDS PLUS 10       &#215;&numsp;260 мм, GR&ouml;NE|478|10       &#215;&numsp;260 мм|2204-61.02.60|189|184|178||
 0|Бур SDS PLUS 10       &#215;&numsp;310 мм, GR&ouml;NE|478|10       &#215;&numsp;310 мм|2204-61.03.10|229|220|212||
 0|Бур SDS PLUS 12       &#215;&numsp;160 мм, GR&ouml;NE|478|12       &#215;&numsp;160 мм|2204-61.21.60|175|172|166||blkt2
 0|Бур SDS PLUS 12       &#215;&numsp;210 мм, GR&ouml;NE|478|12       &#215;&numsp;210 мм|2204-61.22.10|209|202|197||
 0|Бур SDS PLUS 12       &#215;&numsp;260 мм, GR&ouml;NE|478|12       &#215;&numsp;260 мм|2204-61.22.60|220|212|205||
 0|Бур SDS PLUS 12       &#215;&numsp;310 мм, GR&ouml;NE|478|12       &#215;&numsp;310 мм|2204-61.23.10|249|242|235||

#0|Бур SDS PLUS &numsp;6 &#215;&numsp;110 мм, UNIVERSE|47|&numsp;6 &#215;&numsp;110 мм, UNIVERSE|SG06110 |  62|  59|  56||blue
#0|Бур SDS PLUS &numsp;6 &#215;&numsp;160 мм, UNIVERSE|47|&numsp;6 &#215;&numsp;160 мм, UNIVERSE|SG06160 |  68|  64|  59||blue
#0|Бур SDS PLUS &numsp;6 &#215;&numsp;210 мм, UNIVERSE|47|&numsp;6 &#215;&numsp;210 мм, UNIVERSE|SG06210 |  89|  84|  79||blue
#0|Бур SDS PLUS &numsp;8 &#215;&numsp;160 мм, UNIVERSE|47|&numsp;8 &#215;&numsp;160 мм, UNIVERSE|SG08160 |  79|  74|  69||blue
#0|Бур SDS PLUS &numsp;8 &#215;&numsp;210 мм, UNIVERSE|47|&numsp;8 &#215;&numsp;210 мм, UNIVERSE|SG08210 |  89|  85|  81||blue
#0|Бур SDS PLUS 10       &#215;&numsp;160 мм, UNIVERSE|47|10       &#215;&numsp;160 мм, UNIVERSE|UBP10160|  89|  85|  81||blue
#0|Бур SDS PLUS 10       &#215;&numsp;460 мм, UNIVERSE|47|10       &#215;&numsp;460 мм, UNIVERSE|UBP10460| 240| 225| 215||blue
